image_path,information_type,identifiability,activity_sensitivity,location_sensitivity,blur_presence,sharing_allowance
img1376.jpg,"[1,1,1,0,0,1,0,0]",2.0,1.0,1.0,0.0,"[1,0,0,0,0,0]"
img1473.jpg,"[1,0,0,0,1,0,0,0]",2.0,0.0,0.0,0.0,"[0,1,1,1,0,0]"
img1481.jpg,"[1,0,0,0,1,0,0,0]",2.0,0.0,0.0,0.0,"[0,1,1,1,0,0]"
img1546.jpg,"[0,0,0,0,0,0,0,0]",0.0,0.0,0.0,0.0,"[0,1,1,1,1,1]"
img1691.jpg,"[1,1,1,0,0,0,0,0]",1.0,0.0,0.0,0.0,"[0,1,1,1,0,0]"
img1763.jpg,"[0,0,0,0,0,0,0,0]",0.0,0.0,0.0,0.0,"[0,1,1,1,1,1]"
img1779.jpg,"[0,0,0,0,0,0,0,0]",0.0,0.0,0.0,0.0,"[0,1,1,1,1,1]"
img1986.jpg,"[0,0,0,0,0,1,0,0]",0.0,0.0,1.0,0.0,"[0,1,1,1,0,0]"
img2020.jpg,"[1,0,0,1,0,0,0,0]",1.0,0.0,0.0,1.0,"[0,1,0,0,0,0]"
img2097.jpg,"[0,0,1,0,0,0,0,0]",0.0,0.0,2.0,0.0,"[0,1,1,1,0,0]"
img2312.jpg,"[1,0,1,1,0,0,0,0]",2.0,0.0,0.0,0.0,"[1,0,0,0,0,0]"
img2358.jpg,"[1,0,1,0,0,0,0,0]",2.0,2.0,0.0,0.0,"[1,0,0,0,0,0]"
img2362.jpg,"[1,0,1,0,0,0,0,0]",2.0,2.0,0.0,0.0,"[1,0,0,0,0,0]"
img2667.jpg,"[1,0,0,0,0,0,0,0]",2.0,0.0,0.0,0.0,"[0,1,1,1,0,0]"
img2692.jpg,"[0,0,0,0,1,0,0,0]",0.0,0.0,0.0,0.0,"[0,1,1,1,1,1]"
img2701.jpg,"[0,0,0,0,1,0,0,0]",0.0,0.0,0.0,0.0,"[0,1,1,1,1,1]"
img272.jpg,"[1,1,0,0,0,0,0,0]",2.0,0.0,0.0,0.0,"[0,1,1,1,0,0]"
img2810.jpg,"[0,0,0,0,1,0,0,0]",0.0,0.0,0.0,0.0,"[0,1,1,1,1,1]"
img2910.jpg,"[0,0,0,0,1,0,0,0]",0.0,1.0,0.0,0.0,"[0,1,1,1,0,0]"
img2959.jpg,"[1,0,0,1,0,0,0,0]",2.0,0.0,0.0,0.0,"[1,0,0,0,0,0]"
img3006.jpg,"[1,0,0,0,1,0,0,0]",2.0,0.0,0.0,0.0,"[0,1,0,0,0,0]"
img3016.jpg,"[1,0,0,0,1,0,0,0]",2.0,0.0,0.0,0.0,"[0,1,0,0,0,0]"
img3053.jpg,"[1,1,0,0,0,0,0,0]",2.0,2.0,2.0,0.0,"[0,1,0,0,0,0]"
img3063.jpg,"[0,0,1,0,0,0,0,0]",0.0,0.0,1.0,0.0,"[0,1,0,0,0,0]"
img3156.jpg,"[1,0,0,0,0,0,0,0]",2.0,0.0,0.0,0.0,"[0,1,1,1,0,0]"
img3164.jpg,"[1,0,0,0,0,0,0,0]",2.0,0.0,0.0,0.0,"[0,1,1,1,0,0]"
img32.jpg,"[1,0,0,1,1,0,1,0]",1.0,2.0,1.0,0.0,"[0,1,1,0,0,0]"
img3335.jpg,"[1,0,1,0,0,0,0,0]",2.0,0.0,0.0,1.0,"[0,1,0,0,0,0]"
img3757.jpg,"[0,0,0,0,0,0,1,0]",0.0,2.0,0.0,,"[0,1,1,0,0,0]"
img3767.jpg,"[1,0,0,0,0,0,1,0]",2.0,1.0,0.0,0.0,"[0,1,1,0,0,0]"
img3878.jpg,"[0,0,1,0,0,0,0,0]",0.0,0.0,0.0,0.0,"[0,1,1,1,1,1]"
img391.jpg,"[0,0,0,0,0,0,0,0]",0.0,0.0,0.0,0.0,"[0,1,1,1,1,1]"
img4245.jpg,"[1,0,0,0,0,0,0,0]",2.0,0.0,0.0,0.0,"[0,1,1,1,0,0]"
img4273.jpg,"[0,1,0,0,0,1,0,0]",0.0,0.0,1.0,0.0,"[0,1,1,1,0,0]"
img4310.jpg,"[0,0,1,0,0,0,0,0]",0.0,0.0,0.0,0.0,"[0,1,1,1,0,0]"
img4384.jpg,"[0,0,0,0,0,0,0,0]",0.0,0.0,0.0,0.0,"[0,1,1,1,0,0]"
img4624.jpg,"[0,0,0,0,0,0,0,0]",0.0,0.0,0.0,0.0,"[0,1,1,1,0,0]"
img4692.jpg,"[1,0,0,1,0,0,0,0]",2.0,0.0,1.0,,"[0,1,1,0,0,0]"
img4699.jpg,"[0,0,0,0,0,0,0,0]",0.0,0.0,0.0,0.0,"[0,1,1,1,1,1]"
img478.jpg,"[1,0,0,0,1,0,0,0]",1.0,0.0,0.0,0.0,"[0,1,1,1,0,0]"
img4876.jpg,"[1,0,1,0,1,0,0,0]",2.0,0.0,0.0,0.0,"[0,1,1,1,0,0]"
img488.jpg,"[1,0,0,0,1,0,0,0]",2.0,0.0,0.0,0.0,"[0,1,1,1,0,0]"
img4903.jpg,"[0,1,0,0,0,0,0,0]",0.0,0.0,0.0,0.0,"[0,1,1,1,0,0]"
img4999.jpg,"[0,0,0,0,0,0,0,0]",0.0,0.0,0.0,0.0,"[0,1,1,1,1,1]"
img529.jpg,"[1,0,0,0,0,0,0,0]",2.0,0.0,0.0,0.0,"[0,1,1,1,0,0]"
img620.jpg,"[1,1,0,0,0,1,0,0]",2.0,1.0,1.0,0.0,"[0,1,0,0,0,0]"
img627.jpg,"[0,0,1,0,0,1,0,0]",0.0,1.0,1.0,0.0,"[0,1,0,0,0,0]"
img756.jpg,"[0,0,0,0,1,0,0,0]",0.0,0.0,0.0,0.0,"[0,1,1,1,0,0]"
img825.jpg,"[0,0,0,0,1,0,0,0]",0.0,0.0,0.0,0.0,"[0,1,1,1,0,0]"
img889.jpg,"[0,0,0,0,0,1,0,0]",0.0,1.0,0.0,0.0,"[1,0,0,0,0,0]"
img112.jpg,"[1,0,0,1,0,0,0,0]",2.0,0.0,1.0,0.0,"[0,1,1,0,0,0]"
img1176.jpg,"[1,1,1,0,0,0,0,0]",2.0,0.0,0.0,0.0,"[0,1,1,0,0,0]"
img1276.jpg,"[1,0,0,0,0,1,0,0]",1.0,2.0,1.0,0.0,"[1,0,0,0,0,0]"
img1281.jpg,"[1,0,0,0,0,1,0,0]",1.0,2.0,1.0,0.0,"[1,0,0,0,0,0]"
img1295.jpg,"[1,0,0,0,0,1,0,0]",1.0,2.0,1.0,0.0,"[1,0,0,0,0,0]"
img1434.jpg,"[1,0,0,0,0,0,0,0]",2.0,0.0,0.0,0.0,"[0,1,1,0,0,0]"
img1589.jpg,"[1,0,0,0,1,0,0,0]",1.0,0.0,0.0,0.0,"[0,1,1,0,0,0]"
img1771.jpg,"[0,0,0,0,0,0,0,0]",0.0,0.0,0.0,0.0,"[0,1,1,1,1,1]"
img1799.jpg,"[0,0,0,0,0,0,0,0]",0.0,0.0,0.0,0.0,"[0,1,1,1,1,1]"
img1933.jpg,"[0,0,0,0,0,0,0,0]",0.0,0.0,0.0,0.0,"[0,1,1,0,0,0]"
img1996.jpg,"[1,0,0,0,0,1,0,0]",2.0,1.0,0.0,0.0,"[1,0,0,0,0,0]"
img2128.jpg,"[0,0,0,0,1,0,0,0]",0.0,1.0,1.0,0.0,"[0,1,1,0,0,0]"
img213.jpg,"[0,0,0,0,1,0,0,0]",0.0,0.0,0.0,0.0,"[0,1,1,1,0,0]"
img2303.jpg,"[1,1,0,1,0,0,0,0]",2.0,1.0,1.0,1.0,"[1,0,0,0,0,0]"
img2491.jpg,"[1,0,0,1,0,0,0,0]",1.0,1.0,0.0,0.0,"[1,0,0,0,0,0]"
img2557.jpg,"[1,0,1,0,1,0,0,0]",2.0,0.0,0.0,0.0,"[0,1,1,1,0,0]"
img2748.jpg,"[0,0,0,0,1,0,0,0]",0.0,0.0,0.0,0.0,"[0,1,1,1,0,0]"
img2751.jpg,"[0,0,0,0,1,0,0,0]",0.0,0.0,0.0,0.0,"[0,1,1,1,0,0]"
img2883.jpg,"[1,0,1,1,1,0,0,0]",2.0,0.0,1.0,0.0,"[0,1,1,1,0,0]"
img3069.jpg,"[1,1,1,0,0,0,0,0]",2.0,0.0,1.0,0.0,"[0,1,0,0,0,0]"
img3137.jpg,"[1,0,0,0,0,0,0,0]",2.0,0.0,0.0,0.0,"[0,1,1,1,0,0]"
img3287.jpg,"[1,0,1,0,0,0,0,0]",2.0,0.0,0.0,0.0,"[0,1,1,1,0,0]"
img3397.jpg,"[1,1,0,0,0,0,0,0]",2.0,,,,"[0,0,0,0,0,0]"
img3441.jpg,"[0,0,1,0,1,0,0,0]",0.0,0.0,0.0,0.0,"[0,1,1,1,0,0]"
img356.jpg,"[0,0,0,0,1,0,0,0]",0.0,0.0,0.0,0.0,"[0,1,1,1,1,1]"
img3613.jpg,"[1,0,1,1,1,0,0,0]",2.0,1.0,0.0,0.0,"[0,1,1,0,0,0]"
img3652.jpg,"[1,1,0,0,0,0,0,0]",2.0,0.0,0.0,0.0,"[0,1,1,1,0,0]"
img3780.jpg,"[1,0,0,1,1,0,0,0]",2.0,0.0,0.0,0.0,"[0,1,1,1,0,0]"
img3828.jpg,"[0,0,0,0,1,0,0,0]",0.0,0.0,0.0,0.0,"[0,1,1,1,0,0]"
img3893.jpg,"[1,0,0,1,1,1,0,0]",2.0,2.0,0.0,0.0,"[1,0,0,0,0,0]"
img3974.jpg,"[1,1,0,0,0,1,0,0]",2.0,2.0,0.0,0.0,"[1,0,0,0,0,0]"
img4083.jpg,"[1,0,0,0,0,0,0,0]",2.0,0.0,2.0,0.0,"[1,0,0,0,0,0]"
img4125.jpg,"[1,1,0,1,1,1,0,0]",2.0,2.0,2.0,0.0,"[0,1,1,0,0,0]"
img4138.jpg,"[0,0,1,0,0,1,0,0]",1.0,2.0,1.0,0.0,"[0,1,0,0,0,0]"
img4141.jpg,"[0,1,1,0,0,1,0,0]",1.0,2.0,0.0,0.0,"[0,1,0,0,0,0]"
img4150.jpg,"[0,0,1,0,0,0,0,0]",0.0,0.0,0.0,0.0,"[0,1,1,1,0,0]"
img4164.jpg,"[0,0,0,0,1,0,0,0]",0.0,0.0,0.0,0.0,"[0,1,1,1,0,0]"
img427.jpg,"[0,0,0,0,1,0,0,0]",0.0,0.0,0.0,0.0,"[0,1,1,1,0,0]"
img4424.jpg,"[1,0,1,0,0,0,0,0]",2.0,0.0,0.0,1.0,"[0,1,1,0,0,0]"
img4542.jpg,"[1,0,0,0,1,0,0,0]",2.0,0.0,0.0,0.0,"[0,1,1,1,0,0]"
img4546.jpg,"[1,1,0,0,0,0,0,0]",2.0,0.0,0.0,,"[0,1,1,1,0,0]"
img4667.jpg,"[0,0,0,0,0,0,0,0]",0.0,0.0,0.0,0.0,"[0,1,1,1,0,0]"
img4905.jpg,"[0,0,0,0,1,0,0,0]",0.0,0.0,0.0,0.0,"[0,1,1,1,1,1]"
img590.jpg,"[1,1,1,0,0,0,0,0]",2.0,0.0,0.0,0.0,"[0,1,1,1,0,0]"
img600.jpg,"[1,0,0,0,0,0,0,0]",2.0,0.0,1.0,,"[0,1,1,0,0,0]"
img617.jpg,"[1,1,1,0,1,0,0,0]",2.0,0.0,1.0,,"[0,1,1,1,0,0]"
img736.jpg,"[1,0,1,0,0,0,0,0]",1.0,0.0,0.0,0.0,"[0,1,1,1,0,0]"
img762.jpg,"[0,0,0,0,1,0,0,0]",0.0,0.0,1.0,,"[0,1,1,1,0,0]"
img892.jpg,"[1,0,0,1,1,0,0,0]",2.0,1.0,,0.0,"[0,1,0,0,0,0]"
img935.jpg,"[0,0,1,0,0,0,1,0]",0.0,2.0,1.0,0.0,"[0,1,0,0,0,0]"
img100.jpg,"[1,0,0,1,1,0,0,0]",1.0,0.0,1.0,1.0,"[0,1,1,0,0,0]"
img1011.jpg,"[1,1,0,0,0,0,0,0]",2.0,0.0,0.0,0.0,"[0,1,1,1,0,0]"
img1097.jpg,"[1,0,0,0,1,0,0,0]",2.0,0.0,0.0,0.0,"[0,1,1,1,0,0]"
img1260.jpg,"[0,0,0,0,1,0,0,0]",0.0,0.0,0.0,0.0,"[0,1,1,1,0,0]"
img1355.jpg,"[1,0,1,0,1,0,0,0]",2.0,0.0,0.0,0.0,"[0,1,1,1,0,0]"
img1414.jpg,"[0,0,0,1,1,0,0,0]",0.0,2.0,0.0,0.0,"[0,1,1,1,0,0]"
img1479.jpg,"[1,1,1,0,1,0,0,0]",2.0,0.0,0.0,0.0,"[0,1,1,1,0,0]"
img1621.jpg,"[1,1,1,0,0,0,0,0]",2.0,0.0,2.0,0.0,"[0,1,1,0,0,0]"
img1874.jpg,"[0,0,0,0,1,0,0,0]",0.0,0.0,0.0,0.0,"[0,1,1,1,0,0]"
img191.jpg,"[0,0,0,0,0,0,0,0]",0.0,0.0,1.0,0.0,"[0,1,1,1,0,0]"
img2111.jpg,"[1,0,0,0,0,0,0,0]",2.0,1.0,2.0,0.0,"[0,1,1,0,0,0]"
img2112.jpg,"[1,0,0,1,0,0,0,0]",1.0,2.0,2.0,0.0,"[0,1,0,0,0,0]"
img2189.jpg,"[1,0,0,1,1,0,0,0]",2.0,1.0,0.0,0.0,"[0,1,1,1,0,0]"
img2224.jpg,"[0,0,0,0,0,1,0,0]",0.0,1.0,0.0,0.0,"[1,0,0,0,0,0]"
img2251.jpg,"[0,0,1,0,0,0,0,0]",0.0,0.0,2.0,,"[0,1,1,0,0,0]"
img2261.jpg,"[1,0,0,0,0,0,0,0]",1.0,,2.0,0.0,"[0,1,1,0,0,0]"
img2291.jpg,"[1,1,0,1,1,0,0,0]",2.0,2.0,2.0,,"[0,1,1,0,0,0]"
img2293.jpg,"[1,1,0,1,0,0,0,0]",2.0,0.0,1.0,,"[1,0,0,0,0,0]"
img24.jpg,"[0,0,0,0,1,0,0,0]",0.0,2.0,2.0,,"[0,1,1,0,0,0]"
img2400.jpg,"[1,0,1,0,0,0,0,0]",2.0,0.0,2.0,0.0,"[0,1,1,0,0,0]"
img2427.jpg,"[1,0,0,0,0,0,0,0]",2.0,0.0,0.0,0.0,"[0,1,0,0,0,0]"
img2520.jpg,"[1,0,0,1,0,0,0,0]",2.0,0.0,0.0,0.0,"[0,1,1,0,0,0]"
img2682.jpg,"[0,0,0,0,1,0,0,0]",0.0,0.0,0.0,0.0,"[0,1,1,1,0,0]"
img2710.jpg,"[0,0,0,0,1,0,0,0]",0.0,0.0,0.0,0.0,"[0,1,1,1,0,0]"
img277.jpg,"[1,1,0,0,0,0,0,0]",2.0,0.0,,0.0,"[0,1,1,0,0,0]"
img2894.jpg,"[1,0,0,0,1,0,0,0]",1.0,0.0,0.0,0.0,"[0,1,1,1,0,0]"
img3105.jpg,"[1,0,0,0,1,0,0,0]",2.0,0.0,0.0,0.0,"[0,1,1,1,0,0]"
img3189.jpg,"[1,0,0,0,1,0,0,0]",2.0,0.0,0.0,0.0,"[0,1,1,0,0,0]"
img3251.jpg,"[0,0,0,0,0,0,0,0]",0.0,0.0,0.0,0.0,"[0,1,1,1,0,0]"
img3341.jpg,"[0,0,0,0,0,0,0,0]",0.0,0.0,0.0,0.0,"[0,1,1,1,1,1]"
img3477.jpg,"[0,0,1,0,0,0,0,0]",0.0,0.0,0.0,0.0,"[0,1,1,1,1,1]"
img3620.jpg,"[1,1,1,0,1,0,0,0]",2.0,0.0,0.0,0.0,"[0,1,1,1,0,0]"
img3661.jpg,"[1,1,1,0,0,0,0,0]",2.0,0.0,0.0,0.0,"[0,1,1,1,0,0]"
img3698.jpg,"[1,1,0,0,0,0,0,0]",1.0,0.0,0.0,0.0,"[0,1,1,1,0,0]"
img3891.jpg,"[0,0,0,0,1,0,0,0]",0.0,0.0,0.0,0.0,"[0,1,1,1,0,0]"
img4001.jpg,"[0,0,0,0,0,1,0,0]",0.0,1.0,0.0,0.0,"[0,1,0,0,0,0]"
img4068.jpg,"[1,0,0,1,1,0,0,0]",2.0,1.0,0.0,0.0,"[0,1,1,1,0,0]"
img4159.jpg,"[1,1,0,0,0,0,0,0]",1.0,0.0,0.0,0.0,"[0,1,1,1,0,0]"
img4210.jpg,"[0,0,0,0,1,0,0,0]",1.0,0.0,0.0,0.0,"[0,1,1,1,0,0]"
img4306.jpg,"[0,0,0,0,0,0,0,0]",0.0,0.0,0.0,0.0,"[0,1,1,1,0,0]"
img4340.jpg,"[0,0,0,1,0,0,0,0]",0.0,0.0,0.0,0.0,"[0,1,1,1,0,0]"
img4534.jpg,"[1,0,0,0,0,0,0,0]",2.0,0.0,0.0,0.0,"[0,1,1,1,0,0]"
img4810.jpg,"[1,0,0,0,1,0,0,0]",2.0,1.0,0.0,0.0,"[0,1,1,0,0,0]"
img4831.jpg,"[1,0,0,0,1,0,0,0]",2.0,0.0,0.0,,"[0,1,1,1,0,0]"
img4858.jpg,"[0,0,0,0,1,0,0,0]",0.0,0.0,0.0,0.0,"[0,1,1,1,1,1]"
img4938.jpg,"[0,0,0,0,0,0,0,0]",0.0,0.0,0.0,0.0,"[0,1,1,1,1,1]"
img593.jpg,"[1,0,1,0,0,0,0,0]",2.0,0.0,0.0,0.0,"[0,1,1,1,0,0]"
img690.jpg,"[1,0,0,0,0,0,0,0]",1.0,0.0,1.0,1.0,"[0,0,0,0,0,0]"
img781.jpg,"[0,0,0,0,1,0,0,0]",0.0,0.0,1.0,0.0,"[0,1,1,1,0,0]"
img864.jpg,"[1,1,0,0,1,0,0,0]",0.0,1.0,1.0,1.0,"[0,1,1,0,0,0]"
img1071.jpg,"[1,0,0,1,1,0,0,0]",2.0,1.0,0.0,0.0,"[0,1,1,1,0,0]"
img1190.jpg,"[1,0,0,0,0,0,0,0]",2.0,0.0,0.0,1.0,"[0,1,0,0,0,0]"
img1236.jpg,"[1,1,1,0,0,0,0,0]",2.0,0.0,0.0,0.0,"[0,1,1,0,0,0]"
img1251.jpg,"[1,0,0,0,1,0,0,0]",2.0,0.0,0.0,0.0,"[0,1,1,1,0,0]"
img1388.jpg,"[0,0,0,0,0,1,0,0]",0.0,1.0,0.0,0.0,"[0,1,0,0,0,0]"
img1423.jpg,"[1,0,0,1,1,0,0,0]",2.0,0.0,0.0,0.0,"[0,1,1,1,0,0]"
img1483.jpg,"[1,0,0,0,1,0,0,0]",2.0,0.0,0.0,0.0,"[0,1,1,0,0,0]"
img1528.jpg,"[0,0,0,0,0,0,0,0]",0.0,0.0,2.0,0.0,"[0,1,1,0,0,0]"
img1555.jpg,"[1,0,0,0,1,0,0,0]",2.0,0.0,0.0,0.0,"[0,1,1,0,0,0]"
img1674.jpg,"[1,1,0,0,0,0,0,0]",2.0,0.0,0.0,0.0,"[0,1,1,0,0,0]"
img1708.jpg,"[1,1,0,0,0,0,0,0]",1.0,0.0,0.0,0.0,"[0,1,1,0,0,0]"
img1839.jpg,"[1,0,1,0,1,0,0,0]",2.0,0.0,0.0,0.0,"[0,1,1,0,0,0]"
img1866.jpg,"[0,0,0,0,1,0,0,0]",0.0,0.0,0.0,0.0,"[0,1,1,1,1,1]"
img2070.jpg,"[1,0,0,1,0,0,0,0]",2.0,2.0,0.0,0.0,"[1,0,0,0,0,0]"
img2100.jpg,"[1,0,1,0,0,0,0,0]",2.0,0.0,2.0,0.0,"[0,1,0,0,0,0]"
img2217.jpg,"[0,0,0,0,0,1,0,0]",0.0,1.0,0.0,0.0,"[0,1,0,0,0,0]"
img2513.jpg,"[1,0,0,1,0,0,0,0]",2.0,2.0,1.0,0.0,"[0,1,0,0,0,0]"
img2522.jpg,"[1,0,0,1,0,0,0,0]",2.0,2.0,0.0,0.0,"[0,1,0,0,0,0]"
img2594.jpg,"[1,0,0,0,1,0,0,0]",2.0,0.0,0.0,0.0,"[0,1,1,1,0,0]"
img2781.jpg,"[1,0,1,0,1,0,0,0]",0.0,0.0,0.0,0.0,"[0,1,1,1,0,0]"
img2871.jpg,"[1,0,0,0,1,0,0,0]",0.0,0.0,0.0,0.0,"[0,1,1,1,0,0]"
img2923.jpg,"[1,1,0,0,1,0,0,0]",2.0,1.0,0.0,0.0,"[0,1,1,1,0,0]"
img3129.jpg,"[1,0,0,0,0,0,0,0]",2.0,0.0,0.0,0.0,"[0,1,1,1,0,0]"
img316.jpg,"[1,0,0,0,0,0,0,0]",2.0,1.0,0.0,1.0,"[0,1,1,0,0,0]"
img3292.jpg,"[1,1,0,0,0,0,0,0]",2.0,0.0,0.0,0.0,"[0,1,1,0,0,0]"
img3330.jpg,"[1,0,0,0,0,0,0,0]",2.0,0.0,0.0,0.0,"[0,1,1,0,0,0]"
img3600.jpg,"[1,0,1,0,0,0,0,0]",2.0,0.0,0.0,0.0,"[0,1,1,1,0,0]"
img3726.jpg,"[1,1,0,0,0,0,0,0]",1.0,0.0,0.0,0.0,"[0,1,1,1,0,0]"
img3730.jpg,"[1,0,0,0,0,0,0,0]",2.0,0.0,0.0,0.0,"[0,1,1,0,0,0]"
img3779.jpg,"[1,0,1,0,1,0,0,0]",2.0,0.0,0.0,0.0,"[0,1,1,1,0,0]"
img3808.jpg,"[0,0,0,0,1,0,0,0]",0.0,0.0,0.0,0.0,"[0,1,1,1,0,0]"
img3886.jpg,"[0,0,0,0,1,0,0,0]",0.0,0.0,0.0,0.0,"[0,1,1,1,0,0]"
img3898.jpg,"[1,0,1,1,1,0,0,0]",2.0,1.0,0.0,0.0,"[0,1,1,0,0,0]"
img3926.jpg,"[1,0,0,1,1,0,0,0]",2.0,1.0,1.0,0.0,"[0,1,0,0,0,0]"
img3989.jpg,"[0,0,1,0,0,1,0,0]",0.0,1.0,0.0,,"[0,1,0,0,0,0]"
img4243.jpg,"[0,0,0,1,1,0,0,0]",0.0,1.0,0.0,0.0,"[0,1,1,0,0,0]"
img4541.jpg,"[1,0,1,0,0,0,0,0]",2.0,0.0,0.0,0.0,"[0,1,1,1,0,0]"
img4891.jpg,"[0,0,0,0,1,0,0,0]",0.0,0.0,0.0,0.0,"[0,1,1,0,0,0]"
img4895.jpg,"[0,0,0,0,1,0,0,0]",0.0,0.0,0.0,0.0,"[0,1,1,1,0,0]"
img4935.jpg,"[1,1,0,0,0,0,0,0]",2.0,0.0,0.0,0.0,"[0,1,1,1,0,0]"
img4959.jpg,"[0,0,1,0,1,0,0,0]",0.0,0.0,0.0,0.0,"[0,1,1,1,0,0]"
img528.jpg,"[0,0,0,0,1,0,0,0]",0.0,0.0,0.0,0.0,"[0,1,1,1,0,0]"
img632.jpg,"[1,1,0,0,0,1,0,0]",2.0,0.0,1.0,0.0,"[0,1,0,0,0,0]"
img662.jpg,"[1,0,0,0,0,0,0,0]",2.0,0.0,0.0,0.0,"[0,1,1,1,0,0]"
img664.jpg,"[1,1,0,0,0,0,0,0]",1.0,0.0,0.0,0.0,"[0,1,1,1,0,0]"
img780.jpg,"[0,0,0,0,1,0,0,0]",0.0,0.0,1.0,0.0,"[0,1,1,1,0,0]"
img796.jpg,"[0,0,0,0,0,0,0,0]",0.0,0.0,0.0,0.0,"[0,1,1,1,0,0]"
img87.jpg,"[1,0,0,1,0,0,0,0]",1.0,0.0,0.0,0.0,"[0,1,1,1,0,0]"
img893.jpg,"[1,0,0,0,1,0,0,0]",1.0,1.0,0.0,0.0,"[0,1,1,1,0,0]"
img899.jpg,"[0,0,1,0,0,0,0,0]",0.0,0.0,0.0,0.0,"[0,1,1,1,1,1]"
img1002.jpg,"[0,0,0,0,1,0,0,0]",0.0,0.0,0.0,0.0,"[0,1,1,1,1,1]"
img1075.jpg,"[1,0,1,1,0,1,0,0]",2.0,1.0,0.0,0.0,"[0,1,1,0,0,0]"
img1244.jpg,"[1,1,1,0,0,0,0,0]",2.0,0.0,0.0,0.0,"[0,1,1,1,0,0]"
img1322.jpg,"[0,0,1,0,1,0,0,0]",0.0,0.0,0.0,,"[0,1,1,1,0,0]"
img1332.jpg,"[1,0,0,0,1,0,0,0]",1.0,0.0,0.0,0.0,"[0,1,1,1,0,0]"
img1366.jpg,"[0,0,0,0,0,1,0,0]",0.0,1.0,0.0,0.0,"[0,1,1,1,0,0]"
img1416.jpg,"[0,0,0,0,1,0,0,0]",0.0,0.0,0.0,0.0,"[0,1,1,1,0,0]"
img1492.jpg,"[1,0,0,0,0,0,0,0]",2.0,0.0,0.0,0.0,"[0,1,1,0,0,0]"
img1504.jpg,"[1,1,0,0,0,0,0,0]",2.0,0.0,0.0,0.0,"[0,1,1,0,0,0]"
img1711.jpg,"[1,0,0,0,0,0,0,0]",1.0,0.0,0.0,0.0,"[0,1,1,0,0,0]"
img1717.jpg,"[0,0,0,0,0,0,0,0]",0.0,0.0,0.0,0.0,"[0,1,1,1,0,0]"
img1780.jpg,"[0,0,0,0,1,0,0,0]",0.0,0.0,0.0,0.0,"[0,1,1,1,0,0]"
img1884.jpg,"[0,0,0,0,0,0,0,0]",0.0,0.0,0.0,0.0,"[0,1,1,1,0,0]"
img2289.jpg,"[1,0,0,1,0,0,0,0]",1.0,0.0,0.0,1.0,"[0,0,0,0,0,0]"
img2327.jpg,"[1,0,0,0,1,0,0,0]",2.0,0.0,0.0,0.0,"[0,1,1,1,0,0]"
img2488.jpg,"[1,0,0,1,0,0,0,0]",2.0,0.0,0.0,0.0,"[0,1,0,0,0,0]"
img2495.jpg,"[1,0,0,1,0,0,0,0]",2.0,0.0,0.0,0.0,"[0,1,0,0,0,0]"
img250.jpg,"[1,1,0,0,0,0,0,0]",2.0,0.0,0.0,0.0,"[0,1,1,1,0,0]"
img2549.jpg,"[0,0,0,0,0,0,0,0]",0.0,0.0,0.0,0.0,"[0,1,1,1,1,1]"
img2569.jpg,"[1,0,1,0,0,0,0,0]",1.0,0.0,0.0,0.0,"[0,1,1,1,0,0]"
img2573.jpg,"[0,0,0,0,0,0,0,0]",0.0,0.0,0.0,0.0,"[0,1,1,1,0,0]"
img2896.jpg,"[1,1,1,0,0,0,0,0]",2.0,0.0,0.0,0.0,"[0,1,1,1,0,0]"
img3166.jpg,"[0,0,0,0,1,0,0,0]",0.0,0.0,0.0,0.0,"[0,1,1,1,0,0]"
img3183.jpg,"[1,0,0,0,1,0,0,0]",2.0,0.0,0.0,0.0,"[0,1,1,1,0,0]"
img3208.jpg,"[0,0,1,0,0,0,0,0]",0.0,0.0,0.0,0.0,"[0,1,1,1,0,0]"
img3495.jpg,"[1,0,0,0,0,0,0,0]",2.0,0.0,0.0,1.0,"[1,0,0,0,0,0]"
img3501.jpg,"[1,0,0,0,0,0,0,0]",2.0,0.0,0.0,1.0,"[1,0,0,0,0,0]"
img374.jpg,"[0,0,0,0,0,0,0,0]",0.0,0.0,0.0,0.0,"[0,1,1,1,0,0]"
img3859.jpg,"[0,0,0,0,1,0,0,0]",0.0,0.0,0.0,0.0,"[0,1,1,1,0,0]"
img3895.jpg,"[1,0,0,1,0,0,0,0]",2.0,1.0,0.0,0.0,"[0,1,1,0,0,0]"
img4108.jpg,"[1,0,0,1,0,1,0,0]",2.0,1.0,1.0,0.0,"[0,1,1,0,0,0]"
img4288.jpg,"[0,0,1,0,0,0,0,0]",0.0,0.0,0.0,0.0,"[0,1,1,1,1,1]"
img4351.jpg,"[1,0,0,1,0,0,0,0]",1.0,2.0,0.0,,"[1,0,0,0,0,0]"
img4507.jpg,"[1,0,0,0,0,0,0,0]",2.0,0.0,0.0,0.0,"[0,1,1,1,0,0]"
img4646.jpg,"[0,0,0,0,1,0,0,0]",0.0,0.0,0.0,0.0,"[0,1,1,1,1,1]"
img4807.jpg,"[1,1,0,0,1,0,0,0]",2.0,1.0,0.0,0.0,"[0,1,1,1,0,0]"
img543.jpg,"[0,0,0,0,1,0,0,0]",0.0,0.0,0.0,0.0,"[0,1,1,1,1,1]"
img624.jpg,"[1,1,0,0,0,0,0,0]",2.0,1.0,2.0,0.0,"[0,1,1,0,0,0]"
img655.jpg,"[1,0,0,0,1,0,0,0]",2.0,1.0,0.0,0.0,"[0,1,1,1,0,0]"
img718.jpg,"[0,0,0,0,1,0,0,0]",0.0,0.0,0.0,0.0,"[0,1,1,1,0,0]"
img775.jpg,"[0,0,0,0,1,0,0,0]",0.0,0.0,1.0,0.0,"[0,1,1,1,0,0]"
img810.jpg,"[0,0,0,0,1,1,0,0]",0.0,0.0,0.0,0.0,"[0,1,1,1,1,0]"
img829.jpg,"[0,0,0,0,1,0,0,0]",0.0,0.0,0.0,0.0,"[0,1,1,1,1,0]"
img834.jpg,"[0,0,0,0,1,0,0,0]",0.0,0.0,0.0,0.0,"[0,1,1,1,1,0]"
img84.jpg,"[1,0,0,1,1,0,0,0]",2.0,1.0,0.0,0.0,"[0,1,1,0,0,0]"
img854.jpg,"[0,0,0,0,1,0,0,0]",0.0,0.0,0.0,0.0,"[0,1,1,1,1,0]"
img924.jpg,"[0,0,1,0,0,0,0,0]",0.0,0.0,0.0,0.0,"[0,1,1,1,1,1]"
img93.jpg,"[1,0,0,1,0,0,0,0]",2.0,0.0,0.0,0.0,"[0,1,1,0,0,0]"
img951.jpg,"[1,0,0,0,0,0,0,0]",2.0,0.0,0.0,0.0,"[0,1,1,1,0,0]"
img967.jpg,"[0,0,0,0,1,0,0,0]",0.0,0.0,0.0,0.0,"[0,1,1,1,1,0]"
img1256.jpg,"[1,0,1,0,0,0,0,0]",0.0,0.0,0.0,0.0,"[0,1,1,1,1,0]"
img1364.jpg,"[0,0,0,0,0,1,0,0]",0.0,1.0,0.0,0.0,"[1,0,0,0,0,0]"
img1365.jpg,"[1,1,0,0,0,1,0,0]",2.0,1.0,0.0,0.0,"[0,1,1,1,1,0]"
img1412.jpg,"[0,0,0,1,0,0,0,0]",0.0,1.0,0.0,0.0,"[0,1,1,1,1,0]"
img1544.jpg,"[0,0,0,0,0,1,0,0]",0.0,0.0,1.0,0.0,"[0,1,1,1,1,0]"
img1552.jpg,"[1,0,1,0,0,0,0,0]",2.0,0.0,0.0,0.0,"[0,1,1,1,0,0]"
img1652.jpg,"[1,0,0,0,0,0,0,0]",0.0,0.0,2.0,0.0,"[0,1,1,0,0,0]"
img1818.jpg,"[0,0,0,0,0,0,0,0]",0.0,0.0,0.0,0.0,"[0,1,1,1,1,0]"
img1843.jpg,"[0,0,0,0,1,0,0,0]",0.0,0.0,0.0,0.0,"[0,1,1,1,1,0]"
img2159.jpg,"[1,0,1,0,0,0,0,0]",2.0,0.0,2.0,0.0,"[0,1,1,0,0,0]"
img2258.jpg,"[1,0,0,0,0,0,0,0]",1.0,0.0,0.0,1.0,"[1,0,0,0,0,0]"
img2331.jpg,"[1,1,0,0,1,0,0,0]",2.0,0.0,0.0,0.0,"[0,1,1,1,1,0]"
img2635.jpg,"[1,1,1,0,0,0,0,0]",1.0,0.0,0.0,0.0,"[0,1,1,1,0,0]"
img2656.jpg,"[0,0,0,0,0,0,0,0]",0.0,0.0,0.0,0.0,"[0,1,1,1,0,0]"
img2754.jpg,"[0,0,0,0,1,0,0,0]",0.0,0.0,0.0,0.0,"[0,1,1,1,1,1]"
img2817.jpg,"[1,0,0,1,1,0,0,0]",1.0,1.0,0.0,0.0,"[0,1,1,1,0,0]"
img2839.jpg,"[1,0,0,1,1,0,0,0]",2.0,1.0,0.0,0.0,"[0,1,1,1,0,0]"
img293.jpg,"[1,0,0,0,0,0,0,0]",2.0,0.0,0.0,0.0,"[0,1,1,0,0,0]"
img2953.jpg,"[1,0,0,0,0,0,0,0]",1.0,0.0,0.0,1.0,"[0,1,1,0,0,0]"
img31.jpg,"[0,0,0,0,0,0,1,0]",0.0,2.0,1.0,,"[0,1,1,1,0,0]"
img314.jpg,"[1,0,0,0,0,0,1,0]",1.0,2.0,0.0,0.0,"[1,0,0,0,0,0]"
img3157.jpg,"[1,0,0,0,0,0,0,0]",2.0,0.0,0.0,0.0,"[0,1,1,1,1,0]"
img3241.jpg,"[0,0,1,0,0,0,0,0]",0.0,0.0,0.0,0.0,"[0,1,1,1,1,1]"
img3417.jpg,"[0,0,0,0,0,0,0,0]",0.0,0.0,0.0,0.0,"[0,1,1,1,1,1]"
img3473.jpg,"[1,0,1,0,0,0,0,0]",2.0,0.0,0.0,0.0,"[0,1,1,1,0,0]"
img3493.jpg,"[1,0,0,0,0,0,0,0]",2.0,0.0,0.0,1.0,"[1,0,0,0,0,0]"
img3628.jpg,"[1,1,0,0,0,0,0,0]",2.0,0.0,0.0,0.0,"[0,1,1,1,0,0]"
img3768.jpg,"[1,0,1,0,1,0,0,0]",1.0,0.0,1.0,0.0,"[0,1,1,1,0,0]"
img3825.jpg,"[0,0,0,1,1,0,0,0]",0.0,1.0,0.0,0.0,"[0,1,1,0,0,0]"
img3999.jpg,"[0,0,1,0,0,1,0,0]",0.0,1.0,0.0,0.0,"[1,0,0,0,0,0]"
img4048.jpg,"[0,0,1,0,0,0,1,0]",0.0,1.0,0.0,0.0,"[0,1,1,1,1,1]"
img4080.jpg,"[1,0,0,0,0,0,0,0]",1.0,0.0,0.0,0.0,"[0,1,1,1,0,0]"
img4119.jpg,"[1,0,0,1,0,0,0,0]",2.0,2.0,0.0,0.0,"[1,0,0,0,0,0]"
img416.jpg,"[0,0,0,0,0,0,0,0]",0.0,0.0,0.0,0.0,"[0,1,1,1,1,1]"
img4192.jpg,"[1,0,0,0,0,0,0,0]",1.0,0.0,0.0,0.0,"[0,1,1,1,0,0]"
img4291.jpg,"[1,1,1,0,0,0,0,0]",2.0,0.0,0.0,0.0,"[0,1,1,1,1,1]"
img4308.jpg,"[0,0,0,0,0,0,0,0]",0.0,0.0,0.0,0.0,"[0,1,1,1,1,1]"
img4316.jpg,"[0,0,1,0,0,0,0,0]",0.0,0.0,0.0,0.0,"[0,1,1,1,1,1]"
img4453.jpg,"[1,0,0,0,0,0,0,0]",2.0,0.0,0.0,0.0,"[0,1,1,1,0,0]"
img4583.jpg,"[0,0,0,0,1,0,0,0]",0.0,0.0,0.0,0.0,"[0,1,1,1,1,1]"
img4625.jpg,"[0,0,0,0,1,0,0,0]",0.0,0.0,0.0,0.0,"[0,1,1,1,0,0]"
img466.jpg,"[0,0,0,0,1,0,0,0]",0.0,0.0,0.0,0.0,"[0,1,1,1,1,1]"
img4672.jpg,"[1,0,1,0,0,0,0,0]",2.0,0.0,0.0,0.0,"[0,1,1,1,0,0]"
img4721.jpg,"[1,0,1,0,1,0,0,0]",1.0,0.0,0.0,0.0,"[0,1,1,1,0,0]"
img4785.jpg,"[0,0,0,1,0,0,0,0]",0.0,1.0,0.0,0.0,"[1,0,0,0,0,0]"
img4838.jpg,"[0,0,0,0,0,0,0,0]",0.0,0.0,0.0,0.0,"[0,1,1,1,1,1]"
img4933.jpg,"[0,0,0,0,1,0,0,0]",0.0,0.0,0.0,0.0,"[0,1,1,1,0,0]"
img880.jpg,"[1,1,0,0,1,0,0,0]",2.0,0.0,0.0,0.0,"[0,1,1,1,0,0]"
img912.jpg,"[0,0,1,0,0,0,0,0]",0.0,0.0,0.0,0.0,"[0,1,1,1,1,1]"
img956.jpg,"[0,0,0,0,1,0,0,0]",0.0,0.0,0.0,0.0,"[0,1,1,1,1,0]"
img1016.jpg,"[1,1,0,0,1,0,0,0]",2.0,1.0,0.0,,"[0,1,1,1,0,0]"
img1059.jpg,"[1,1,0,0,1,0,0,0]",1.0,0.0,0.0,0.0,"[0,1,1,1,0,0]"
img1179.jpg,"[1,0,0,0,0,0,0,0]",2.0,0.0,0.0,0.0,"[0,1,1,0,0,0]"
img1202.jpg,"[1,0,0,0,0,0,0,0]",2.0,0.0,0.0,1.0,"[1,0,0,0,0,0]"
img1373.jpg,"[1,0,0,0,0,1,0,0]",2.0,1.0,0.0,0.0,"[0,1,1,1,0,0]"
img1413.jpg,"[0,0,0,1,1,0,0,0]",0.0,1.0,0.0,0.0,"[0,1,1,1,0,0]"
img1415.jpg,"[0,0,0,1,1,0,0,0]",0.0,1.0,0.0,0.0,"[0,1,1,1,0,0]"
img1477.jpg,"[1,0,0,0,1,0,0,0]",2.0,0.0,0.0,0.0,"[0,1,1,1,0,0]"
img1521.jpg,"[0,0,0,0,0,0,0,0]",0.0,0.0,0.0,0.0,"[0,1,1,1,0,0]"
img1612.jpg,"[1,1,1,0,0,0,0,0]",2.0,0.0,0.0,0.0,"[0,1,1,1,0,0]"
img164.jpg,"[0,0,0,0,1,0,0,0]",0.0,0.0,0.0,0.0,"[0,1,1,1,1,1]"
img1681.jpg,"[1,0,1,1,1,0,0,0]",2.0,2.0,0.0,0.0,"[1,0,0,0,0,0]"
img1919.jpg,"[0,0,0,0,0,0,0,0]",0.0,0.0,0.0,0.0,"[0,1,0,0,0,0]"
img2133.jpg,"[1,0,0,0,0,0,0,0]",2.0,0.0,2.0,0.0,"[0,1,1,0,0,0]"
img2193.jpg,"[1,0,0,1,0,0,0,0]",2.0,1.0,0.0,0.0,"[0,1,1,0,0,0]"
img234.jpg,"[1,1,0,0,0,0,0,0]",2.0,0.0,0.0,0.0,"[0,1,1,1,0,0]"
img2382.jpg,"[1,0,0,0,0,0,0,0]",0.0,0.0,0.0,0.0,"[0,1,1,1,0,0]"
img2456.jpg,"[1,0,0,0,0,0,0,0]",2.0,0.0,0.0,0.0,"[1,0,0,0,0,0]"
img2584.jpg,"[1,0,0,0,0,0,0,0]",2.0,0.0,0.0,0.0,"[0,1,1,1,0,0]"
img2766.jpg,"[0,0,0,0,1,0,0,0]",0.0,0.0,0.0,0.0,"[0,1,1,1,1,1]"
img2790.jpg,"[0,0,0,0,1,0,0,0]",0.0,0.0,0.0,0.0,"[0,1,1,1,1,1]"
img2796.jpg,"[0,0,0,0,1,0,0,0]",0.0,0.0,0.0,0.0,"[0,1,1,1,1,1]"
img2836.jpg,"[1,0,1,0,1,0,0,0]",1.0,0.0,0.0,0.0,"[0,1,1,1,0,0]"
img2859.jpg,"[1,0,0,0,0,0,0,0]",2.0,0.0,0.0,0.0,"[0,1,1,1,0,0]"
img2964.jpg,"[1,0,0,0,0,0,0,0]",2.0,0.0,0.0,0.0,"[0,1,1,1,0,0]"
img2993.jpg,"[1,0,1,0,0,0,0,0]",1.0,0.0,0.0,0.0,"[0,1,1,1,0,0]"
img3040.jpg,"[0,1,0,0,0,0,0,0]",0.0,0.0,2.0,0.0,"[0,1,0,0,0,0]"
img3165.jpg,"[1,1,0,0,0,0,0,0]",2.0,0.0,0.0,0.0,"[0,1,1,1,0,0]"
img3305.jpg,"[1,0,1,0,0,0,0,0]",2.0,0.0,0.0,0.0,"[0,1,1,1,0,0]"
img3679.jpg,"[1,1,1,0,0,0,0,0]",2.0,0.0,0.0,0.0,"[0,1,1,1,0,0]"
img3725.jpg,"[1,1,0,0,1,0,0,0]",1.0,,0.0,0.0,"[0,1,1,1,0,0]"
img385.jpg,"[0,0,1,0,0,0,0,0]",0.0,0.0,0.0,0.0,"[0,1,1,1,1,0]"
img3943.jpg,"[1,0,0,1,0,0,0,0]",2.0,1.0,0.0,0.0,"[0,1,0,0,0,0]"
img3966.jpg,"[0,0,1,0,0,1,0,0]",0.0,1.0,0.0,0.0,"[0,1,1,0,0,0]"
img3992.jpg,"[1,0,0,0,0,1,0,0]",2.0,1.0,0.0,0.0,"[0,1,1,1,0,0]"
img4146.jpg,"[0,1,0,0,0,1,0,0]",0.0,1.0,0.0,,"[0,1,1,0,0,0]"
img4203.jpg,"[1,0,1,0,1,0,0,0]",2.0,0.0,0.0,0.0,"[0,1,1,1,0,0]"
img4293.jpg,"[0,0,1,0,0,0,0,0]",0.0,0.0,0.0,0.0,"[0,1,1,1,0,0]"
img445.jpg,"[0,0,0,0,0,0,0,0]",0.0,0.0,0.0,0.0,"[0,1,1,1,0,0]"
img4537.jpg,"[1,0,0,0,0,0,0,0]",2.0,0.0,0.0,0.0,"[0,1,1,1,0,0]"
img4687.jpg,"[0,0,0,0,0,0,0,0]",0.0,0.0,0.0,0.0,"[0,1,1,1,0,0]"
img4774.jpg,"[0,0,0,0,1,0,0,0]",0.0,1.0,1.0,0.0,"[0,1,1,1,0,0]"
img647.jpg,"[1,0,0,0,0,1,0,0]",2.0,0.0,0.0,0.0,"[0,1,1,1,1,1]"
img801.jpg,"[1,0,1,0,1,0,0,0]",2.0,0.0,1.0,0.0,"[0,1,1,1,1,1]"
img845.jpg,"[0,0,0,0,1,0,0,0]",0.0,0.0,0.0,0.0,"[0,1,1,1,1,1]"
img886.jpg,"[1,1,0,0,0,0,0,0]",2.0,0.0,0.0,0.0,"[0,1,1,0,0,0]"
img92.jpg,"[0,0,0,0,1,0,0,0]",0.0,0.0,0.0,0.0,"[0,1,1,1,0,0]"
img937.jpg,"[0,0,0,0,1,0,0,0]",0.0,0.0,0.0,0.0,"[0,1,1,1,0,0]"
img97.jpg,"[1,0,0,1,0,0,0,0]",1.0,0.0,0.0,0.0,"[0,1,1,1,0,0]"
img987.jpg,"[0,0,0,0,1,0,0,0]",0.0,0.0,0.0,0.0,"[0,1,1,1,1,0]"
img1076.jpg,"[1,0,0,0,1,0,0,0]",2.0,1.0,0.0,0.0,"[0,1,1,0,0,0]"
img1180.jpg,"[1,0,0,0,0,0,0,0]",2.0,0.0,0.0,0.0,"[0,1,1,0,0,0]"
img1239.jpg,"[0,0,1,0,0,0,0,0]",0.0,0.0,0.0,0.0,"[0,1,1,1,0,0]"
img1240.jpg,"[0,0,0,0,0,0,0,0]",0.0,0.0,0.0,0.0,"[0,1,1,1,1,0]"
img1392.jpg,"[1,0,0,0,0,1,0,0]",2.0,1.0,0.0,0.0,"[0,1,1,1,0,0]"
img1576.jpg,"[1,0,0,0,0,0,0,0]",2.0,0.0,0.0,0.0,"[0,1,1,1,0,0]"
img1670.jpg,"[1,1,0,0,0,0,0,0]",2.0,0.0,0.0,0.0,"[0,1,1,1,0,0]"
img1715.jpg,"[0,0,0,0,1,0,0,0]",0.0,0.0,0.0,0.0,"[0,1,1,1,0,0]"
img1738.jpg,"[0,0,0,0,0,0,0,0]",0.0,0.0,0.0,0.0,"[0,1,1,1,1,1]"
img1888.jpg,"[1,0,0,0,0,0,0,0]",1.0,0.0,0.0,0.0,"[0,1,1,1,0,0]"
img1898.jpg,"[0,0,0,1,0,0,0,0]",0.0,2.0,0.0,0.0,"[0,1,0,0,0,0]"
img1968.jpg,"[0,0,0,0,0,1,0,0]",0.0,0.0,2.0,0.0,"[0,1,1,1,0,0]"
img2009.jpg,"[1,0,0,1,0,0,0,0]",2.0,0.0,0.0,0.0,"[0,1,1,1,0,0]"
img2011.jpg,"[0,0,1,1,0,0,0,0]",0.0,0.0,0.0,,"[0,1,1,0,0,0]"
img203.jpg,"[0,0,0,0,1,0,0,0]",0.0,0.0,0.0,0.0,"[0,1,1,1,0,0]"
img2295.jpg,"[1,0,0,1,0,0,0,0]",2.0,2.0,0.0,0.0,"[0,1,0,0,0,0]"
img2414.jpg,"[0,0,0,1,0,0,0,0]",0.0,2.0,0.0,0.0,"[0,1,0,0,0,0]"
img2547.jpg,"[1,0,1,0,0,0,0,0]",2.0,0.0,0.0,0.0,"[0,1,1,1,0,0]"
img2803.jpg,"[0,0,0,0,1,0,0,0]",0.0,0.0,0.0,,"[0,1,1,1,1,1]"
img2826.jpg,"[1,0,0,0,1,0,0,0]",2.0,0.0,0.0,0.0,"[0,1,1,1,0,0]"
img2930.jpg,"[0,0,0,0,0,1,0,0]",0.0,0.0,1.0,0.0,"[0,1,1,1,0,0]"
img3001.jpg,"[1,0,0,0,0,0,0,0]",2.0,0.0,0.0,0.0,"[0,1,1,0,0,0]"
img3017.jpg,"[1,0,0,0,0,0,0,0]",2.0,0.0,0.0,0.0,"[0,1,1,0,0,0]"
img3054.jpg,"[0,1,0,0,1,0,0,0]",0.0,0.0,2.0,0.0,"[0,1,0,0,0,0]"
img3068.jpg,"[0,1,0,0,0,0,0,0]",0.0,0.0,2.0,0.0,"[0,1,1,1,0,0]"
img3225.jpg,"[0,0,0,0,0,0,0,0]",0.0,0.0,0.0,0.0,"[0,1,1,1,1,1]"
img325.jpg,"[0,0,0,0,0,0,0,0]",0.0,0.0,0.0,0.0,"[0,1,1,1,1,1]"
img3487.jpg,"[1,0,0,0,0,0,0,0]",2.0,0.0,0.0,0.0,"[0,1,0,0,0,0]"
img3504.jpg,"[1,0,1,0,0,0,0,0]",2.0,0.0,0.0,0.0,"[0,1,1,0,0,0]"
img3544.jpg,"[0,0,1,0,0,0,0,0]",0.0,0.0,0.0,0.0,"[0,1,1,1,0,0]"
img3615.jpg,"[1,1,0,0,0,0,0,0]",2.0,0.0,0.0,0.0,"[0,1,1,1,0,0]"
img3711.jpg,"[1,0,0,0,0,0,0,0]",2.0,0.0,0.0,0.0,"[0,1,1,1,0,0]"
img3787.jpg,"[1,1,0,0,1,0,0,0]",2.0,0.0,0.0,0.0,"[0,1,1,1,0,0]"
img3906.jpg,"[1,0,0,0,1,0,0,0]",2.0,1.0,0.0,0.0,"[0,1,1,1,0,0]"
img3946.jpg,"[0,0,1,1,0,0,0,0]",0.0,2.0,1.0,0.0,"[1,0,0,0,0,0]"
img3969.jpg,"[0,0,0,0,0,1,0,0]",0.0,1.0,0.0,0.0,"[0,1,1,1,0,0]"
img4218.jpg,"[1,0,0,0,0,0,0,0]",2.0,0.0,0.0,0.0,"[0,1,1,1,0,0]"
img4331.jpg,"[0,0,0,1,0,0,0,0]",0.0,0.0,0.0,,"[0,1,1,1,0,0]"
img447.jpg,"[0,0,0,0,0,0,0,0]",0.0,0.0,0.0,0.0,"[0,1,1,1,1,1]"
img4514.jpg,"[1,1,0,0,0,0,0,0]",2.0,0.0,0.0,0.0,"[0,1,1,0,0,0]"
img4631.jpg,"[1,1,1,0,0,0,0,0]",2.0,0.0,0.0,0.0,"[0,1,1,0,0,0]"
img4989.jpg,"[0,0,0,0,0,0,0,0]",0.0,0.0,0.0,0.0,"[0,1,1,1,1,1]"
img517.jpg,"[1,0,0,0,1,0,0,0]",2.0,0.0,0.0,0.0,"[0,1,1,0,0,0]"
img566.jpg,"[0,0,0,0,0,0,0,0]",0.0,0.0,0.0,0.0,"[0,1,1,1,1,1]"
img608.jpg,"[0,0,0,0,0,0,0,0]",0.0,0.0,0.0,0.0,"[0,1,1,1,0,0]"
img653.jpg,"[1,0,1,0,0,0,0,0]",0.0,0.0,2.0,0.0,"[0,1,1,1,0,0]"
img748.jpg,"[0,0,1,0,0,0,0,0]",0.0,0.0,0.0,0.0,"[0,1,1,1,0,0]"
img807.jpg,"[0,0,0,0,1,0,0,0]",0.0,0.0,0.0,0.0,"[0,1,1,1,0,0]"
img884.jpg,"[1,1,0,0,0,0,0,0]",2.0,0.0,0.0,0.0,"[0,0,0,0,1,1]"
img934.jpg,"[0,0,1,0,0,0,0,0]",0.0,0.0,1.0,0.0,"[0,1,1,1,1,1]"
img109.jpg,"[1,0,1,1,0,0,0,0]",2.0,0.0,2.0,0.0,"[0,1,0,0,0,0]"
img1105.jpg,"[1,0,0,0,0,0,0,0]",2.0,0.0,0.0,0.0,"[0,1,1,1,0,0]"
img1346.jpg,"[0,0,0,0,0,0,0,0]",0.0,0.0,0.0,0.0,"[0,1,1,1,0,0]"
img1472.jpg,"[1,1,0,0,1,0,0,0]",2.0,0.0,0.0,0.0,"[0,1,1,1,0,0]"
img1506.jpg,"[0,0,0,1,0,0,0,0]",0.0,1.0,2.0,0.0,"[0,1,1,1,0,0]"
img1659.jpg,"[1,1,0,0,0,0,0,0]",1.0,0.0,0.0,0.0,"[0,1,1,1,0,0]"
img177.jpg,"[0,0,1,0,0,0,0,0]",0.0,0.0,2.0,0.0,"[0,1,1,1,0,0]"
img1792.jpg,"[0,0,0,0,1,0,0,0]",0.0,0.0,0.0,0.0,"[0,1,1,1,1,1]"
img2001.jpg,"[0,0,0,0,0,1,0,0]",0.0,0.0,0.0,0.0,"[0,1,1,1,1,1]"
img2028.jpg,"[1,0,0,1,0,0,0,0]",1.0,0.0,2.0,0.0,"[0,1,1,0,0,0]"
img2215.jpg,"[0,0,0,0,0,1,0,0]",0.0,1.0,0.0,0.0,"[0,1,1,1,0,0]"
img2288.jpg,"[0,0,0,1,0,0,0,0]",0.0,1.0,0.0,0.0,"[1,0,0,0,0,0]"
img2554.jpg,"[1,0,0,0,0,0,0,0]",2.0,0.0,0.0,0.0,"[0,1,1,1,0,0]"
img2639.jpg,"[1,0,0,0,0,0,0,0]",2.0,0.0,0.0,0.0,"[0,1,1,1,0,0]"
img2726.jpg,"[0,0,0,0,1,0,0,0]",0.0,0.0,0.0,0.0,"[0,1,1,1,1,1]"
img2858.jpg,"[0,0,0,0,0,0,0,0]",0.0,0.0,0.0,0.0,"[0,1,1,1,1,1]"
img2864.jpg,"[0,0,0,0,0,0,0,0]",0.0,0.0,0.0,0.0,"[0,1,1,1,1,1]"
img2875.jpg,"[0,0,1,0,0,0,0,0]",0.0,0.0,0.0,0.0,"[0,1,1,1,1,1]"
img2936.jpg,"[0,0,0,0,0,1,0,0]",0.0,0.0,1.0,0.0,"[0,1,1,1,0,0]"
img301.jpg,"[0,0,0,0,0,0,1,0]",0.0,1.0,0.0,0.0,"[0,1,1,1,0,0]"
img3177.jpg,"[1,0,0,0,0,0,0,0]",2.0,0.0,0.0,0.0,"[0,1,1,1,0,0]"
img3188.jpg,"[1,0,0,0,0,0,0,0]",1.0,0.0,0.0,0.0,"[0,1,1,1,0,0]"
img3299.jpg,"[1,1,0,0,0,0,0,0]",2.0,0.0,0.0,0.0,"[0,1,1,1,0,0]"
img3312.jpg,"[0,1,1,0,0,0,0,0]",2.0,0.0,0.0,0.0,"[0,1,1,1,0,0]"
img3351.jpg,"[0,0,1,0,0,0,0,0]",0.0,0.0,0.0,0.0,"[0,1,1,1,1,1]"
img3386.jpg,"[0,0,1,0,0,0,0,0]",0.0,0.0,0.0,0.0,"[0,1,1,1,1,1]"
img3412.jpg,"[0,0,1,0,0,0,0,0]",0.0,0.0,0.0,0.0,"[0,1,1,1,1,1]"
img3702.jpg,"[1,0,0,0,0,0,0,0]",1.0,0.0,0.0,0.0,"[0,1,1,1,0,0]"
img3736.jpg,"[1,1,0,0,0,0,0,0]",2.0,0.0,0.0,0.0,"[0,1,1,1,0,0]"
img3765.jpg,"[0,0,0,0,0,0,1,0]",0.0,1.0,0.0,,"[0,1,1,1,0,0]"
img3874.jpg,"[1,0,1,1,1,0,0,0]",2.0,1.0,0.0,0.0,"[0,1,1,1,0,0]"
img392.jpg,"[0,0,0,0,0,0,0,0]",0.0,0.0,0.0,0.0,"[0,1,1,1,1,1]"
img3958.jpg,"[1,0,1,1,1,0,0,0]",1.0,1.0,0.0,0.0,"[0,1,1,0,0,0]"
img4027.jpg,"[1,1,1,0,0,0,0,0]",2.0,0.0,2.0,0.0,"[0,1,1,0,0,0]"
img4091.jpg,"[1,0,1,0,0,0,0,0]",1.0,0.0,0.0,0.0,"[0,1,0,0,0,0]"
img4136.jpg,"[1,0,0,1,0,1,0,0]",2.0,1.0,1.0,0.0,"[0,1,1,0,0,0]"
img414.jpg,"[0,0,0,0,0,0,0,0]",0.0,0.0,0.0,0.0,"[0,1,1,1,1,1]"
img4186.jpg,"[1,1,0,0,1,0,0,0]",2.0,1.0,0.0,0.0,"[0,1,1,0,0,0]"
img4215.jpg,"[1,0,1,0,0,0,0,0]",2.0,0.0,0.0,0.0,"[0,1,1,1,0,0]"
img4594.jpg,"[1,0,0,0,0,0,0,0]",2.0,0.0,0.0,0.0,"[0,1,1,1,0,0]"
img4746.jpg,"[0,0,0,1,0,0,0,0]",0.0,2.0,0.0,0.0,"[0,1,1,1,0,0]"
img4753.jpg,"[0,0,0,1,0,0,0,0]",0.0,2.0,0.0,0.0,"[0,1,1,1,0,0]"
img4848.jpg,"[0,0,0,0,0,0,0,0]",0.0,0.0,0.0,0.0,"[0,1,1,1,1,1]"
img4878.jpg,"[1,0,0,0,0,0,0,0]",2.0,0.0,0.0,0.0,"[0,1,1,1,0,0]"
img558.jpg,"[0,0,0,0,0,0,0,0]",0.0,0.0,0.0,0.0,"[0,1,1,1,0,0]"
img61.jpg,"[1,0,1,0,0,0,1,0]",2.0,2.0,2.0,0.0,"[0,1,1,1,1,1]"
img821.jpg,"[0,0,0,0,1,0,0,0]",0.0,0.0,0.0,0.0,"[0,1,1,1,0,0]"
img939.jpg,"[0,0,1,0,0,0,1,0]",0.0,1.0,1.0,0.0,"[0,1,1,1,0,0]"
img955.jpg,"[1,0,0,0,0,0,0,0]",0.0,0.0,0.0,0.0,"[0,1,1,1,0,0]"
img960.jpg,"[0,0,1,0,1,0,0,0]",0.0,0.0,0.0,0.0,"[0,1,1,1,1,1]"
img107.jpg,"[1,0,0,1,0,0,0,0]",2.0,1.0,0.0,0.0,"[0,1,0,0,0,0]"
img1232.jpg,"[1,0,1,1,0,0,0,0]",2.0,2.0,2.0,0.0,"[1,0,0,0,0,0]"
img1340.jpg,"[0,0,0,0,0,0,0,0]",0.0,0.0,0.0,0.0,"[0,1,1,1,1,1]"
img1835.jpg,"[0,0,0,0,0,0,0,0]",0.0,0.0,0.0,0.0,"[0,1,1,1,0,0]"
img1948.jpg,"[1,0,0,0,0,0,0,0]",2.0,0.0,0.0,0.0,"[0,1,1,1,0,0]"
img2047.jpg,"[1,0,1,0,0,0,0,0]",2.0,0.0,2.0,0.0,"[0,1,1,0,0,0]"
img2117.jpg,"[1,0,1,1,0,0,0,0]",1.0,0.0,2.0,0.0,"[0,1,0,0,0,0]"
img2154.jpg,"[1,0,1,0,0,0,0,0]",2.0,1.0,2.0,0.0,"[0,1,0,0,0,0]"
img2186.jpg,"[1,0,0,0,0,0,0,0]",2.0,0.0,0.0,0.0,"[0,1,1,1,0,0]"
img2191.jpg,"[1,0,0,0,0,0,0,0]",2.0,0.0,0.0,0.0,"[0,1,1,1,0,0]"
img221.jpg,"[0,0,0,0,0,0,0,0]",0.0,0.0,0.0,0.0,"[0,1,1,1,1,0]"
img2351.jpg,"[1,0,0,0,0,0,0,0]",1.0,0.0,0.0,0.0,"[0,1,1,0,0,0]"
img2449.jpg,"[1,0,0,0,0,0,0,0]",2.0,0.0,0.0,1.0,"[0,1,1,0,0,0]"
img258.jpg,"[1,0,0,0,0,0,0,0]",1.0,0.0,0.0,0.0,"[0,1,1,1,0,0]"
img2607.jpg,"[1,0,0,0,0,0,0,0]",1.0,0.0,0.0,0.0,"[0,1,1,1,0,0]"
img2643.jpg,"[0,0,0,0,0,0,0,0]",0.0,0.0,0.0,0.0,"[0,1,1,1,0,0]"
img2884.jpg,"[1,0,0,0,0,0,0,0]",2.0,0.0,0.0,0.0,"[0,1,1,1,0,0]"
img2994.jpg,"[0,0,0,0,0,0,0,0]",0.0,0.0,0.0,0.0,"[0,1,1,1,1,0]"
img3025.jpg,"[1,0,0,0,0,0,0,0]",2.0,0.0,0.0,0.0,"[0,1,1,0,0,0]"
img3094.jpg,"[1,0,0,0,0,1,0,0]",2.0,1.0,1.0,0.0,"[0,1,1,0,0,0]"
img3187.jpg,"[1,0,0,0,0,1,0,0]",2.0,1.0,0.0,0.0,"[0,1,1,1,0,0]"
img3192.jpg,"[0,0,0,0,0,1,0,0]",1.0,1.0,0.0,0.0,"[0,1,1,0,0,0]"
img3195.jpg,"[1,0,0,0,0,1,0,0]",1.0,1.0,1.0,0.0,"[0,1,1,1,0,0]"
img321.jpg,"[1,0,0,0,0,0,1,0]",1.0,2.0,1.0,1.0,"[0,1,0,0,0,0]"
img3346.jpg,"[1,0,0,0,0,0,0,0]",2.0,0.0,0.0,1.0,"[0,1,1,0,0,0]"
img363.jpg,"[0,0,0,0,0,0,0,0]",0.0,0.0,0.0,0.0,"[0,1,1,1,1,0]"
img3665.jpg,"[1,1,1,0,0,0,0,0]",2.0,0.0,0.0,0.0,"[0,1,1,1,0,0]"
img3832.jpg,"[0,0,0,0,0,0,0,0]",0.0,0.0,0.0,0.0,"[0,1,1,1,1,1]"
img4009.jpg,"[0,0,0,0,0,1,0,0]",0.0,0.0,1.0,0.0,"[0,1,1,0,0,0]"
img4173.jpg,"[1,0,0,0,1,0,0,0]",2.0,1.0,0.0,0.0,"[0,1,1,1,0,0]"
img4183.jpg,"[1,0,0,0,1,0,0,0]",1.0,1.0,1.0,0.0,"[0,1,1,0,0,0]"
img4221.jpg,"[1,0,0,0,0,0,0,0]",2.0,0.0,0.0,0.0,"[0,1,1,1,0,0]"
img4319.jpg,"[0,0,0,0,0,0,0,0]",0.0,0.0,0.0,0.0,"[0,1,1,1,1,1]"
img4408.jpg,"[0,0,0,0,0,0,0,0]",0.0,0.0,0.0,0.0,"[0,1,1,1,1,0]"
img4436.jpg,"[1,0,1,0,0,0,0,0]",2.0,0.0,0.0,1.0,"[0,1,1,1,0,0]"
img446.jpg,"[0,0,0,0,0,0,0,0]",0.0,0.0,0.0,0.0,"[0,1,1,1,1,1]"
img4475.jpg,"[0,0,0,0,0,0,0,0]",0.0,0.0,0.0,0.0,"[0,1,1,1,1,0]"
img4579.jpg,"[1,1,0,0,0,0,0,0]",1.0,0.0,0.0,1.0,"[0,1,1,1,0,0]"
img4653.jpg,"[1,0,0,0,0,0,0,0]",2.0,0.0,1.0,0.0,"[0,1,1,1,0,0]"
img4708.jpg,"[1,1,0,0,0,0,0,0]",2.0,0.0,0.0,0.0,"[0,1,1,1,0,0]"
img4768.jpg,"[1,1,0,0,1,0,0,0]",2.0,0.0,0.0,0.0,"[0,1,1,1,0,0]"
img4926.jpg,"[0,0,0,0,0,0,0,0]",0.0,0.0,0.0,0.0,"[0,1,1,1,1,0]"
img4996.jpg,"[0,0,0,0,0,0,0,0]",0.0,0.0,0.0,0.0,"[0,1,1,1,1,1]"
img5000.jpg,"[0,0,0,0,1,0,0,0]",0.0,1.0,0.0,0.0,"[0,1,1,1,0,0]"
img505.jpg,"[0,0,0,0,0,0,0,0]",0.0,0.0,0.0,0.0,"[0,1,1,1,0,0]"
img540.jpg,"[0,0,0,0,0,0,0,0]",0.0,0.0,0.0,0.0,"[0,1,1,1,1,1]"
img619.jpg,"[1,1,0,0,0,1,0,0]",1.0,1.0,1.0,0.0,"[0,1,1,1,0,0]"
img745.jpg,"[0,0,1,0,0,0,0,0]",0.0,0.0,1.0,0.0,"[0,1,1,0,0,0]"
img8.jpg,"[0,0,0,0,1,0,0,0]",0.0,1.0,1.0,0.0,"[0,1,1,0,0,0]"
img860.jpg,"[1,1,1,0,0,0,0,0]",2.0,1.0,1.0,0.0,"[0,1,1,1,0,0]"
img1187.jpg,"[1,0,1,0,0,0,0,0]",2.0,0.0,0.0,0.0,"[0,1,1,0,0,0]"
img1224.jpg,"[0,0,1,0,0,0,0,0]",0.0,0.0,2.0,,"[0,1,1,1,1,1]"
img125.jpg,"[0,0,0,0,1,0,0,0]",0.0,0.0,0.0,0.0,"[0,1,1,1,1,1]"
img1296.jpg,"[1,0,0,0,0,1,0,0]",2.0,2.0,1.0,0.0,"[0,1,1,0,0,0]"
img1470.jpg,"[1,0,0,0,1,0,0,0]",2.0,0.0,0.0,0.0,"[0,1,1,1,0,0]"
img1603.jpg,"[1,0,0,0,0,0,0,0]",2.0,0.0,0.0,0.0,"[0,1,1,0,0,0]"
img1653.jpg,"[1,1,1,0,0,0,0,0]",2.0,0.0,2.0,0.0,"[0,1,1,1,0,0]"
img1791.jpg,"[1,1,0,0,0,0,0,0]",2.0,0.0,0.0,0.0,"[0,1,1,1,0,0]"
img1801.jpg,"[0,0,0,0,1,0,0,0]",0.0,0.0,0.0,0.0,"[0,1,1,1,1,1]"
img2042.jpg,"[0,0,0,0,0,0,0,0]",0.0,0.0,1.0,,"[1,0,0,0,0,0]"
img2264.jpg,"[0,0,0,0,0,0,0,0]",0.0,0.0,0.0,0.0,"[0,1,0,0,0,0]"
img2317.jpg,"[0,0,0,1,0,0,0,0]",0.0,2.0,0.0,0.0,"[1,0,0,0,0,0]"
img2345.jpg,"[1,0,1,0,0,0,0,0]",2.0,0.0,0.0,0.0,"[0,1,1,1,0,0]"
img2417.jpg,"[1,1,0,0,0,0,0,0]",2.0,0.0,1.0,0.0,"[0,1,1,0,0,0]"
img2480.jpg,"[0,0,0,1,0,0,0,0]",0.0,0.0,0.0,0.0,"[0,1,1,1,0,0]"
img2612.jpg,"[1,1,1,0,0,0,0,0]",2.0,0.0,0.0,0.0,"[0,1,1,0,0,0]"
img2699.jpg,"[0,0,0,0,1,0,0,0]",0.0,0.0,0.0,0.0,"[0,1,1,1,1,1]"
img2705.jpg,"[0,0,0,0,1,0,0,0]",0.0,0.0,0.0,0.0,"[0,1,1,1,1,1]"
img2861.jpg,"[0,0,1,0,0,0,0,0]",0.0,0.0,0.0,0.0,"[0,1,1,1,1,1]"
img2915.jpg,"[1,1,0,0,1,0,0,0]",2.0,1.0,0.0,0.0,"[0,1,1,1,0,0]"
img2948.jpg,"[1,0,0,0,0,0,0,0]",2.0,0.0,0.0,0.0,"[0,1,1,0,0,0]"
img3089.jpg,"[1,0,0,0,0,1,0,0]",1.0,2.0,0.0,0.0,"[0,0,0,0,1,1]"
img3122.jpg,"[1,0,0,0,1,0,0,0]",2.0,0.0,0.0,0.0,"[0,1,1,1,0,0]"
img3204.jpg,"[0,0,0,0,0,0,0,0]",0.0,0.0,0.0,0.0,"[0,1,1,1,1,1]"
img3216.jpg,"[0,0,1,0,0,0,0,0]",0.0,0.0,0.0,0.0,"[0,1,1,1,1,1]"
img3243.jpg,"[0,0,1,0,0,0,0,0]",0.0,0.0,0.0,0.0,"[0,1,1,1,1,1]"
img3291.jpg,"[1,0,1,0,0,0,0,0]",2.0,0.0,0.0,0.0,"[0,1,1,1,0,0]"
img3320.jpg,"[1,0,1,0,0,0,0,0]",2.0,0.0,0.0,0.0,"[0,1,1,1,0,0]"
img3355.jpg,"[1,1,1,0,0,0,0,0]",2.0,0.0,0.0,0.0,"[0,1,1,1,0,0]"
img3381.jpg,"[0,0,0,0,1,0,0,0]",0.0,0.0,0.0,0.0,"[0,1,1,1,1,1]"
img3423.jpg,"[1,0,1,0,0,0,0,0]",2.0,0.0,0.0,0.0,"[0,1,1,1,0,0]"
img3427.jpg,"[0,0,1,0,1,0,0,0]",0.0,0.0,0.0,0.0,"[0,1,1,1,0,0]"
img349.jpg,"[0,0,0,0,0,0,0,0]",0.0,0.0,0.0,0.0,"[0,1,1,1,1,1]"
img3596.jpg,"[0,0,0,0,1,0,0,0]",0.0,0.0,0.0,0.0,"[0,1,1,1,1,1]"
img405.jpg,"[0,0,1,0,0,0,0,0]",0.0,0.0,0.0,0.0,"[0,1,1,1,1,1]"
img406.jpg,"[1,0,0,0,0,0,0,0]",2.0,0.0,0.0,0.0,"[0,1,1,1,0,0]"
img4233.jpg,"[1,0,0,0,0,0,0,0]",2.0,0.0,0.0,0.0,"[0,1,1,1,0,0]"
img4282.jpg,"[0,0,0,0,0,0,1,0]",0.0,1.0,0.0,0.0,"[0,1,1,0,0,0]"
img4286.jpg,"[0,0,1,0,0,0,0,0]",0.0,0.0,0.0,0.0,"[0,1,1,1,1,1]"
img4437.jpg,"[1,0,1,0,0,0,0,0]",2.0,0.0,0.0,0.0,"[0,1,1,1,0,0]"
img4445.jpg,"[1,0,0,0,0,0,0,0]",2.0,0.0,0.0,0.0,"[0,1,1,1,0,0]"
img4511.jpg,"[1,0,0,0,0,0,0,0]",2.0,0.0,0.0,0.0,"[0,1,1,1,0,0]"
img4528.jpg,"[1,1,0,0,0,0,0,0]",2.0,0.0,0.0,0.0,"[0,1,1,1,0,0]"
img4752.jpg,"[0,0,0,1,0,0,0,0]",0.0,1.0,0.0,0.0,"[1,0,0,0,0,0]"
img4851.jpg,"[0,0,0,0,0,0,0,0]",0.0,0.0,0.0,0.0,"[0,1,1,1,1,1]"
img583.jpg,"[0,0,0,0,0,0,0,0]",0.0,0.0,0.0,0.0,"[0,1,1,0,0,0]"
img644.jpg,"[1,1,0,0,0,1,0,0]",2.0,0.0,0.0,0.0,"[0,1,1,1,0,0]"
img697.jpg,"[1,1,0,0,0,0,0,0]",2.0,0.0,2.0,0.0,"[0,1,1,0,0,0]"
img754.jpg,"[0,0,1,0,0,0,0,0]",0.0,0.0,0.0,0.0,"[0,1,1,1,0,0]"
img857.jpg,"[1,1,1,0,0,0,0,0]",2.0,0.0,1.0,0.0,"[0,1,1,0,0,0]"
img1205.jpg,"[1,0,0,0,0,0,0,0]",2.0,0.0,0.0,1.0,"[0,1,1,0,0,0]"
img1286.jpg,"[1,0,0,0,0,1,0,0]",1.0,2.0,1.0,0.0,"[0,1,0,0,0,0]"
img1308.jpg,"[0,0,0,0,0,0,0,0]",0.0,0.0,0.0,0.0,"[0,1,1,1,1,1]"
img1417.jpg,"[1,0,0,1,0,1,0,0]",2.0,1.0,0.0,,"[0,1,1,0,0,0]"
img1789.jpg,"[0,0,0,0,1,0,0,0]",0.0,0.0,0.0,0.0,"[0,1,1,1,0,0]"
img1829.jpg,"[0,0,0,0,0,0,0,0]",0.0,0.0,0.0,0.0,"[0,1,1,1,1,1]"
img19.jpg,"[1,0,1,0,0,0,0,0]",2.0,0.0,0.0,0.0,"[0,1,1,1,0,0]"
img1935.jpg,"[1,0,1,0,0,0,0,0]",2.0,0.0,0.0,,"[0,1,0,0,0,0]"
img1941.jpg,"[1,0,1,0,0,0,0,0]",1.0,0.0,0.0,1.0,"[0,1,0,0,0,0]"
img2041.jpg,"[1,0,1,0,0,0,0,0]",2.0,0.0,0.0,0.0,"[0,1,0,0,0,0]"
img2066.jpg,"[0,0,0,1,0,0,0,0]",0.0,2.0,0.0,0.0,"[1,0,0,0,0,0]"
img2072.jpg,"[1,0,0,1,0,0,0,0]",2.0,2.0,0.0,0.0,"[1,0,0,0,0,0]"
img2157.jpg,"[1,0,0,0,0,0,0,0]",2.0,0.0,2.0,0.0,"[0,1,0,0,0,0]"
img2296.jpg,"[0,0,0,1,0,0,0,0]",1.0,2.0,0.0,0.0,"[0,1,0,0,0,0]"
img2355.jpg,"[1,0,0,0,0,0,0,0]",1.0,0.0,0.0,0.0,"[0,1,0,0,0,0]"
img2397.jpg,"[1,0,1,0,0,0,0,0]",1.0,0.0,1.0,0.0,"[0,1,0,0,0,0]"
img3007.jpg,"[0,0,0,0,1,0,0,0]",0.0,0.0,0.0,0.0,"[0,1,1,1,0,0]"
img3098.jpg,"[1,1,0,0,0,0,0,0]",2.0,0.0,0.0,0.0,"[0,1,1,1,0,0]"
img3110.jpg,"[1,0,1,0,0,0,0,0]",2.0,0.0,1.0,0.0,"[0,1,1,1,0,0]"
img326.jpg,"[0,0,0,0,0,0,0,0]",0.0,0.0,0.0,0.0,"[0,1,1,1,1,1]"
img3331.jpg,"[1,0,0,0,0,0,0,0]",2.0,0.0,0.0,1.0,"[0,1,0,0,0,0]"
img3432.jpg,"[0,0,1,0,0,0,0,0]",0.0,0.0,0.0,0.0,"[0,1,1,1,0,0]"
img3471.jpg,"[0,0,1,0,0,0,0,0]",0.0,0.0,0.0,0.0,"[0,1,1,1,1,1]"
img3669.jpg,"[1,1,1,0,0,0,0,0]",2.0,0.0,0.0,0.0,"[0,1,1,1,0,0]"
img368.jpg,"[0,0,0,0,0,0,0,0]",0.0,0.0,0.0,0.0,"[0,1,1,1,1,1]"
img375.jpg,"[0,0,0,0,0,0,0,0]",0.0,0.0,0.0,0.0,"[0,1,1,1,1,1]"
img3782.jpg,"[1,0,0,0,1,0,0,0]",1.0,0.0,0.0,,"[0,1,1,1,0,0]"
img3786.jpg,"[1,0,0,0,1,0,0,0]",1.0,0.0,0.0,0.0,"[0,1,1,1,0,0]"
img3812.jpg,"[0,0,0,0,0,0,0,0]",0.0,0.0,0.0,0.0,"[0,1,1,1,0,0]"
img3872.jpg,"[0,0,0,0,0,0,0,0]",0.0,0.0,0.0,0.0,"[0,1,1,1,0,0]"
img3927.jpg,"[1,0,0,1,0,0,1,0]",2.0,1.0,0.0,0.0,"[0,1,1,0,0,0]"
img3960.jpg,"[1,0,0,1,0,0,0,0]",2.0,1.0,0.0,0.0,"[0,1,0,0,0,0]"
img399.jpg,"[0,0,0,0,0,0,0,0]",0.0,0.0,0.0,0.0,"[0,1,1,1,1,1]"
img4062.jpg,"[1,1,0,0,1,0,0,0]",2.0,0.0,0.0,0.0,"[0,1,1,1,0,0]"
img4066.jpg,"[1,0,0,0,1,0,0,0]",1.0,0.0,0.0,0.0,"[0,1,1,1,0,0]"
img4124.jpg,"[1,0,0,0,0,0,0,0]",2.0,0.0,0.0,0.0,"[0,1,1,0,0,0]"
img4209.jpg,"[1,0,1,0,0,0,0,0]",2.0,0.0,0.0,0.0,"[0,1,1,1,0,0]"
img4373.jpg,"[0,0,0,0,1,0,0,0]",0.0,0.0,0.0,0.0,"[0,1,1,1,0,0]"
img4484.jpg,"[0,0,0,0,1,0,0,0]",0.0,0.0,0.0,,"[0,1,1,1,0,0]"
img4539.jpg,"[0,0,0,0,1,0,0,0]",0.0,0.0,0.0,0.0,"[0,1,1,1,0,0]"
img4665.jpg,"[0,0,1,0,0,0,0,0]",0.0,0.0,1.0,0.0,"[0,1,1,1,0,0]"
img4839.jpg,"[1,1,0,0,0,0,0,0]",2.0,0.0,0.0,0.0,"[0,1,1,1,0,0]"
img4863.jpg,"[0,0,0,0,0,0,0,0]",0.0,0.0,0.0,0.0,"[0,1,1,0,0,0]"
img4953.jpg,"[0,0,0,0,0,0,0,0]",0.0,0.0,0.0,0.0,"[0,1,1,1,1,1]"
img515.jpg,"[0,0,0,0,0,0,0,0]",0.0,0.0,0.0,0.0,"[0,1,1,1,1,1]"
img521.jpg,"[0,0,0,0,1,0,0,0]",0.0,0.0,0.0,0.0,"[0,1,1,1,1,1]"
img694.jpg,"[1,0,1,0,0,0,0,0]",2.0,0.0,1.0,0.0,"[0,1,1,1,0,0]"
img725.jpg,"[1,0,1,0,0,0,0,0]",1.0,0.0,0.0,0.0,"[0,1,1,1,0,0]"
img751.jpg,"[1,0,1,0,0,0,0,0]",2.0,0.0,1.0,0.0,"[0,1,1,1,0,0]"
img925.jpg,"[0,0,1,0,0,0,0,0]",0.0,0.0,0.0,0.0,"[0,1,1,1,1,1]"
img1027.jpg,"[1,1,0,0,1,0,0,0]",2.0,1.0,0.0,0.0,"[0,1,1,0,0,0]"
img1054.jpg,"[1,1,0,0,1,0,0,0]",2.0,1.0,0.0,0.0,"[0,1,1,1,0,0]"
img1181.jpg,"[1,0,0,0,0,0,0,0]",2.0,0.0,0.0,1.0,"[0,1,1,0,0,0]"
img1248.jpg,"[0,0,1,0,0,0,0,0]",0.0,0.0,2.0,0.0,"[0,1,0,0,0,0]"
img1379.jpg,"[1,1,0,0,0,1,0,0]",2.0,1.0,0.0,0.0,"[0,1,1,0,0,0]"
img1407.jpg,"[1,1,0,0,1,0,0,0]",2.0,0.0,0.0,0.0,"[0,1,1,1,0,0]"
img1610.jpg,"[1,1,0,0,0,0,0,0]",,0.0,2.0,,"[0,1,1,1,0,0]"
img1776.jpg,"[1,0,0,0,0,0,0,0]",2.0,0.0,0.0,0.0,"[0,1,1,1,0,0]"
img1786.jpg,"[0,0,0,0,1,0,0,0]",0.0,0.0,0.0,,"[0,1,1,1,1,0]"
img1838.jpg,"[1,0,0,0,1,0,0,0]",2.0,0.0,0.0,0.0,"[0,1,1,1,1,0]"
img1967.jpg,"[0,0,0,0,0,0,0,0]",0.0,0.0,0.0,0.0,"[0,1,1,1,1,1]"
img2003.jpg,"[1,0,0,0,0,1,0,0]",1.0,1.0,0.0,0.0,"[0,1,1,0,0,0]"
img2107.jpg,"[1,0,0,0,0,0,0,0]",1.0,0.0,0.0,0.0,"[0,1,1,1,0,0]"
img2170.jpg,"[1,0,1,0,1,0,0,0]",1.0,0.0,0.0,0.0,"[0,1,1,1,0,0]"
img2340.jpg,"[1,0,1,0,1,0,0,0]",2.0,0.0,0.0,0.0,"[0,1,1,1,0,0]"
img251.jpg,"[1,1,0,0,0,0,0,0]",2.0,0.0,0.0,0.0,"[0,1,1,1,0,0]"
img2546.jpg,"[1,0,0,0,0,0,0,0]",2.0,0.0,0.0,0.0,"[0,1,1,1,0,0]"
img2640.jpg,"[0,0,0,0,0,0,0,0]",0.0,0.0,0.0,0.0,"[0,1,1,1,1,1]"
img2765.jpg,"[0,0,0,0,0,0,0,0]",0.0,0.0,0.0,0.0,"[0,1,1,1,1,1]"
img2824.jpg,"[1,0,0,1,1,0,0,0]",2.0,0.0,0.0,0.0,"[0,1,1,0,0,0]"
img2889.jpg,"[0,0,1,1,0,0,0,0]",0.0,0.0,0.0,,"[0,1,1,1,0,0]"
img3012.jpg,"[1,0,0,0,1,0,0,0]",2.0,0.0,0.0,0.0,"[0,1,1,0,0,0]"
img3104.jpg,"[1,1,0,0,0,0,0,0]",2.0,0.0,0.0,0.0,"[0,1,1,1,0,0]"
img3205.jpg,"[0,0,0,0,0,1,0,0]",0.0,0.0,1.0,0.0,"[0,1,1,1,1,1]"
img3226.jpg,"[0,0,0,0,0,1,0,0]",0.0,0.0,1.0,0.0,"[0,1,1,1,1,1]"
img3298.jpg,"[1,0,0,0,0,0,0,0]",2.0,0.0,0.0,0.0,"[0,1,1,1,0,0]"
img332.jpg,"[0,0,0,0,0,0,0,0]",0.0,0.0,0.0,0.0,"[0,1,1,1,1,1]"
img3379.jpg,"[0,0,1,0,0,0,0,0]",0.0,0.0,0.0,0.0,"[0,1,1,1,0,0]"
img342.jpg,"[1,0,0,0,0,0,0,0]",1.0,0.0,0.0,0.0,"[0,1,1,0,0,0]"
img347.jpg,"[0,0,1,0,0,0,0,0]",0.0,0.0,0.0,0.0,"[0,1,1,1,1,0]"
img3470.jpg,"[0,0,1,0,0,0,0,0]",0.0,0.0,0.0,0.0,"[0,1,1,1,1,1]"
img3508.jpg,"[1,0,0,0,0,0,0,0]",2.0,0.0,0.0,1.0,"[0,1,0,0,0,0]"
img3586.jpg,"[1,0,1,0,0,0,0,0]",2.0,0.0,0.0,0.0,"[0,1,1,0,0,0]"
img3639.jpg,"[0,0,0,0,0,0,0,0]",0.0,0.0,0.0,0.0,"[0,1,1,1,1,0]"
img3880.jpg,"[0,0,0,0,1,0,0,0]",0.0,0.0,0.0,0.0,"[0,1,1,1,1,1]"
img3905.jpg,"[1,0,0,1,0,0,0,0]",2.0,0.0,0.0,0.0,"[0,1,1,0,0,0]"
img409.jpg,"[0,0,0,0,0,0,0,0]",0.0,0.0,0.0,0.0,"[0,1,1,1,1,0]"
img4128.jpg,"[1,0,0,1,0,0,0,0]",2.0,1.0,0.0,0.0,"[0,1,1,0,0,0]"
img4165.jpg,"[1,0,0,0,0,0,0,0]",2.0,0.0,0.0,0.0,"[0,1,1,0,0,0]"
img418.jpg,"[0,0,0,0,0,0,0,0]",0.0,0.0,0.0,0.0,"[0,1,1,1,0,0]"
img4217.jpg,"[1,0,0,0,0,0,0,0]",2.0,0.0,0.0,0.0,"[0,1,1,1,0,0]"
img4674.jpg,"[1,0,0,0,1,0,0,0]",1.0,0.0,0.0,0.0,"[0,1,1,1,0,0]"
img4814.jpg,"[1,0,0,0,1,0,0,0]",2.0,1.0,0.0,0.0,"[0,1,1,0,0,0]"
img4871.jpg,"[0,0,0,0,1,0,0,0]",0.0,0.0,0.0,,"[0,1,1,1,0,0]"
img682.jpg,"[1,0,0,0,0,0,1,0]",1.0,2.0,1.0,0.0,"[0,1,0,0,0,0]"
img792.jpg,"[0,0,1,0,0,0,0,0]",0.0,0.0,1.0,0.0,"[0,1,1,1,0,0]"
img811.jpg,"[0,0,0,0,1,0,0,0]",0.0,0.0,0.0,0.0,"[0,1,1,1,0,0]"
img866.jpg,"[0,0,0,0,1,0,0,0]",0.0,1.0,1.0,0.0,"[0,1,1,1,0,0]"
img917.jpg,"[0,0,1,0,0,0,0,0]",0.0,0.0,0.0,0.0,"[0,1,1,1,1,1]"
img964.jpg,"[0,0,0,0,1,0,0,0]",0.0,0.0,0.0,0.0,"[0,1,1,1,0,0]"
img1010.jpg,"[1,1,0,0,0,0,0,0]",2.0,0.0,0.0,0.0,"[0,1,1,1,0,0]"
img115.jpg,"[0,0,0,0,1,0,0,0]",0.0,0.0,0.0,0.0,"[0,1,1,1,1,0]"
img1195.jpg,"[1,0,0,0,0,0,0,0]",0.0,0.0,0.0,,"[0,1,1,0,0,0]"
img1218.jpg,"[0,0,1,0,0,0,0,0]",0.0,0.0,0.0,0.0,"[0,1,1,1,1,1]"
img1247.jpg,"[1,1,1,0,0,0,0,0]",2.0,0.0,0.0,0.0,"[0,1,1,1,0,0]"
img1250.jpg,"[1,0,0,0,0,0,0,0]",2.0,0.0,0.0,0.0,"[0,1,1,1,0,0]"
img1272.jpg,"[1,0,0,0,0,1,0,0]",1.0,2.0,1.0,0.0,"[0,1,0,0,0,0]"
img145.jpg,"[0,0,0,0,1,0,0,0]",0.0,0.0,0.0,0.0,"[0,1,1,1,1,0]"
img1462.jpg,"[1,0,0,0,1,0,0,0]",2.0,0.0,0.0,0.0,"[0,1,1,1,0,0]"
img1582.jpg,"[1,0,0,0,0,0,0,0]",2.0,0.0,0.0,0.0,"[0,1,1,0,0,0]"
img1662.jpg,"[1,1,0,0,0,0,0,0]",2.0,0.0,0.0,0.0,"[0,1,1,0,0,0]"
img1664.jpg,"[1,1,0,0,0,0,0,0]",2.0,0.0,,,"[0,1,1,0,0,0]"
img172.jpg,"[0,0,0,0,1,0,0,0]",0.0,0.0,0.0,0.0,"[0,1,1,1,1,0]"
img1772.jpg,"[0,0,0,0,1,0,0,0]",0.0,0.0,0.0,0.0,"[0,1,1,1,1,0]"
img197.jpg,"[1,1,0,0,0,1,0,0]",2.0,1.0,0.0,0.0,"[0,1,0,0,0,0]"
img2040.jpg,"[1,1,0,0,0,0,0,0]",1.0,0.0,1.0,0.0,"[0,1,1,0,0,0]"
img2086.jpg,"[1,0,0,1,0,0,0,0]",2.0,1.0,0.0,0.0,"[0,1,1,0,0,0]"
img2101.jpg,"[0,0,1,0,0,0,0,0]",0.0,0.0,2.0,0.0,"[1,0,0,0,0,0]"
img2102.jpg,"[0,0,0,1,0,0,0,0]",0.0,1.0,0.0,0.0,"[0,1,1,0,0,0]"
img2255.jpg,"[0,0,0,0,0,0,0,0]",0.0,0.0,0.0,0.0,"[0,1,1,0,0,0]"
img2283.jpg,"[0,0,1,1,0,0,0,0]",0.0,2.0,1.0,0.0,"[0,1,0,0,0,0]"
img2299.jpg,"[1,0,0,1,0,0,0,0]",2.0,2.0,0.0,0.0,"[0,1,0,0,0,0]"
img2309.jpg,"[1,0,0,1,0,0,0,0]",2.0,2.0,0.0,0.0,"[0,1,0,0,0,0]"
img2436.jpg,"[0,0,0,0,0,0,0,0]",0.0,0.0,0.0,0.0,"[0,1,1,1,0,0]"
img2515.jpg,"[0,0,0,1,0,0,0,0]",0.0,1.0,0.0,0.0,"[1,0,0,0,0,0]"
img3124.jpg,"[1,0,0,0,0,0,0,0]",2.0,0.0,0.0,0.0,"[0,1,1,1,0,0]"
img3266.jpg,"[1,1,0,0,0,0,0,0]",2.0,0.0,0.0,0.0,"[0,1,1,1,0,0]"
img3352.jpg,"[0,0,0,0,0,0,0,0]",0.0,0.0,0.0,0.0,"[0,1,1,1,1,0]"
img3365.jpg,"[1,1,1,0,0,0,0,0]",2.0,0.0,0.0,0.0,"[0,1,1,1,0,0]"
img3369.jpg,"[0,0,1,0,0,0,0,0]",0.0,0.0,0.0,0.0,"[0,1,1,1,1,1]"
img3375.jpg,"[1,0,1,0,0,0,0,0]",1.0,0.0,0.0,0.0,"[0,1,1,0,0,0]"
img3547.jpg,"[0,0,0,0,0,0,0,0]",0.0,0.0,0.0,0.0,"[0,1,1,1,1,0]"
img3604.jpg,"[0,0,1,0,0,0,0,0]",0.0,0.0,0.0,0.0,"[0,1,1,1,1,0]"
img3699.jpg,"[1,1,1,0,0,0,0,0]",1.0,0.0,0.0,0.0,"[0,1,1,1,0,0]"
img378.jpg,"[0,0,0,0,0,0,0,0]",0.0,0.0,0.0,0.0,"[0,1,1,1,1,1]"
img3908.jpg,"[1,1,0,0,1,0,0,0]",2.0,1.0,0.0,0.0,"[0,1,1,0,0,0]"
img3917.jpg,"[1,0,0,1,0,0,0,0]",2.0,1.0,0.0,0.0,"[0,1,0,0,0,0]"
img4069.jpg,"[1,0,0,0,1,0,0,0]",2.0,0.0,0.0,0.0,"[0,1,1,1,0,0]"
img4153.jpg,"[1,1,0,0,0,0,0,0]",2.0,0.0,0.0,0.0,"[0,1,1,0,0,0]"
img4204.jpg,"[0,0,1,0,1,0,0,0]",0.0,0.0,0.0,0.0,"[0,1,1,1,0,0]"
img4400.jpg,"[0,0,1,0,1,0,0,0]",0.0,0.0,1.0,0.0,"[0,1,1,1,0,0]"
img4565.jpg,"[0,0,0,0,1,0,0,0]",0.0,0.0,0.0,0.0,"[0,1,1,1,1,0]"
img4588.jpg,"[1,0,0,0,0,0,0,0]",2.0,0.0,0.0,0.0,"[0,1,1,1,0,0]"
img4875.jpg,"[1,0,0,0,0,0,0,0]",1.0,0.0,0.0,0.0,"[0,1,1,1,0,0]"
img4956.jpg,"[0,0,0,0,0,0,0,0]",0.0,0.0,0.0,0.0,"[0,1,1,1,1,0]"
img4982.jpg,"[1,0,0,0,1,0,0,0]",2.0,0.0,0.0,0.0,"[0,1,1,1,0,0]"
img4987.jpg,"[0,0,0,0,0,0,0,0]",0.0,0.0,0.0,0.0,"[0,1,1,1,1,0]"
img579.jpg,"[1,0,0,0,0,0,0,0]",1.0,0.0,0.0,0.0,"[0,1,1,1,0,0]"
img950.jpg,"[0,0,0,0,0,0,0,0]",0.0,0.0,0.0,0.0,"[0,1,1,1,0,0]"
img995.jpg,"[0,0,1,0,1,0,0,0]",0.0,0.0,1.0,0.0,"[0,1,1,1,0,0]"
img1188.jpg,"[1,0,1,0,0,0,0,0]",2.0,0.0,0.0,0.0,"[0,1,1,0,0,0]"
img1421.jpg,"[0,0,0,0,1,0,0,0]",0.0,0.0,0.0,0.0,"[0,1,1,1,1,0]"
img1520.jpg,"[0,0,1,0,0,0,0,0]",0.0,0.0,1.0,0.0,"[0,1,1,0,0,0]"
img1547.jpg,"[0,0,0,0,0,1,0,0]",0.0,1.0,0.0,0.0,"[0,1,1,1,0,0]"
img1597.jpg,"[1,0,0,0,0,0,0,0]",1.0,0.0,0.0,0.0,"[0,1,1,0,0,0]"
img1660.jpg,"[0,1,0,1,0,0,0,0]",0.0,1.0,0.0,0.0,"[0,1,1,0,0,0]"
img1671.jpg,"[1,1,0,1,0,0,0,0]",2.0,1.0,0.0,0.0,"[0,1,1,0,0,0]"
img1688.jpg,"[1,1,1,1,0,0,0,0]",2.0,1.0,0.0,0.0,"[0,1,1,0,0,0]"
img174.jpg,"[0,0,1,0,0,0,0,0]",0.0,0.0,1.0,0.0,"[0,1,1,0,0,0]"
img1761.jpg,"[0,0,0,0,0,0,0,0]",0.0,0.0,0.0,0.0,"[0,1,1,1,1,1]"
img1895.jpg,"[1,0,1,0,0,0,0,0]",1.0,1.0,2.0,1.0,"[0,1,0,0,0,0]"
img1934.jpg,"[1,0,1,0,0,0,0,0]",2.0,0.0,0.0,0.0,"[0,1,0,0,0,0]"
img1980.jpg,"[0,0,0,0,0,1,0,0]",0.0,1.0,1.0,0.0,"[0,1,1,0,0,0]"
img2017.jpg,"[1,0,0,1,0,0,0,0]",1.0,0.0,0.0,0.0,"[0,1,1,0,0,0]"
img2065.jpg,"[1,0,1,1,0,0,0,0]",2.0,1.0,0.0,0.0,"[0,1,1,0,0,0]"
img2197.jpg,"[1,0,1,1,0,0,0,0]",2.0,1.0,0.0,0.0,"[0,1,1,0,0,0]"
img2313.jpg,"[1,0,0,1,0,0,0,0]",2.0,2.0,0.0,1.0,"[0,1,0,0,0,0]"
img2466.jpg,"[0,0,0,0,0,0,0,0]",0.0,0.0,0.0,0.0,"[0,1,1,1,1,0]"
img2610.jpg,"[1,0,0,0,0,0,0,0]",1.0,0.0,0.0,0.0,"[0,1,1,0,0,0]"
img2718.jpg,"[0,0,0,0,1,0,0,0]",0.0,1.0,0.0,0.0,"[0,1,1,1,1,0]"
img2750.jpg,"[0,0,0,0,1,0,0,0]",0.0,0.0,0.0,0.0,"[0,1,1,1,1,0]"
img2809.jpg,"[0,0,0,0,1,0,0,0]",0.0,0.0,0.0,0.0,"[0,1,1,1,1,0]"
img2840.jpg,"[1,0,0,0,1,0,0,0]",2.0,0.0,0.0,0.0,"[0,1,1,1,0,0]"
img3057.jpg,"[1,1,0,0,0,1,0,0]",1.0,1.0,1.0,0.0,"[0,1,1,0,0,0]"
img3348.jpg,"[1,0,1,0,0,0,0,0]",1.0,0.0,1.0,0.0,"[0,1,1,0,0,0]"
img3368.jpg,"[0,0,1,0,0,0,0,0]",0.0,0.0,0.0,0.0,"[0,1,1,1,1,1]"
img3426.jpg,"[0,0,0,0,0,0,0,0]",0.0,0.0,0.0,0.0,"[0,1,1,1,1,1]"
img3466.jpg,"[1,0,1,0,0,0,0,0]",2.0,0.0,0.0,0.0,"[0,1,1,0,0,0]"
img3525.jpg,"[0,0,0,0,0,0,0,0]",0.0,0.0,0.0,0.0,"[0,1,1,1,1,0]"
img3552.jpg,"[0,0,0,0,0,0,0,0]",0.0,0.0,0.0,0.0,"[0,1,1,1,0,0]"
img3582.jpg,"[0,0,1,0,0,0,0,0]",0.0,0.0,0.0,0.0,"[0,1,1,1,0,0]"
img3601.jpg,"[1,1,0,0,0,0,0,0]",2.0,0.0,0.0,0.0,"[0,1,1,0,0,0]"
img3650.jpg,"[1,1,1,0,0,0,0,0]",2.0,0.0,0.0,1.0,"[0,1,1,1,0,0]"
img3659.jpg,"[1,0,1,0,0,0,0,0]",2.0,0.0,0.0,0.0,"[0,1,1,1,0,0]"
img3784.jpg,"[1,0,0,0,1,0,0,0]",2.0,1.0,0.0,0.0,"[0,1,1,1,0,0]"
img3950.jpg,"[1,0,0,0,0,0,0,0]",2.0,0.0,0.0,0.0,"[0,1,1,1,0,0]"
img4440.jpg,"[1,1,0,0,0,0,0,0]",2.0,0.0,0.0,0.0,"[0,1,1,1,0,0]"
img4506.jpg,"[1,0,0,0,1,0,0,0]",2.0,0.0,0.0,0.0,"[0,1,1,1,0,0]"
img4629.jpg,"[1,0,0,0,0,0,0,0]",2.0,0.0,0.0,0.0,"[0,1,1,1,0,0]"
img4764.jpg,"[1,0,1,0,0,0,0,0]",2.0,0.0,0.0,0.0,"[0,1,1,1,0,0]"
img4860.jpg,"[0,0,0,0,0,1,0,0]",0.0,1.0,1.0,0.0,"[0,1,1,0,0,0]"
img4868.jpg,"[1,0,0,0,1,0,0,0]",2.0,0.0,0.0,0.0,"[0,1,1,0,0,0]"
img4872.jpg,"[0,0,1,0,1,0,0,0]",0.0,0.0,1.0,0.0,"[0,1,1,0,0,0]"
img4913.jpg,"[1,1,0,0,0,0,0,0]",2.0,0.0,0.0,1.0,"[0,1,1,1,0,0]"
img494.jpg,"[0,0,0,0,1,0,0,0]",0.0,0.0,0.0,0.0,"[0,1,1,1,1,0]"
img4995.jpg,"[1,1,0,0,0,0,0,0]",2.0,0.0,0.0,0.0,"[0,1,1,0,0,0]"
img532.jpg,"[0,0,0,0,0,0,0,0]",0.0,0.0,0.0,0.0,"[0,1,1,1,1,1]"
img691.jpg,"[1,1,1,0,0,0,0,0]",2.0,0.0,2.0,0.0,"[0,1,0,0,0,0]"
img76.jpg,"[1,1,0,1,1,0,0,0]",2.0,1.0,0.0,0.0,"[0,1,1,0,0,0]"
img855.jpg,"[0,0,1,0,1,0,0,0]",0.0,1.0,1.0,0.0,"[0,1,1,0,0,0]"
img1106.jpg,"[1,1,1,0,1,0,0,0]",2.0,0.0,0.0,0.0,"[0,1,1,1,0,0]"
img1144.jpg,"[1,0,0,0,0,0,0,0]",2.0,0.0,0.0,0.0,"[0,1,1,0,0,0]"
img1509.jpg,"[1,0,0,0,0,0,0,0]",2.0,0.0,0.0,0.0,"[0,1,1,0,0,0]"
img1535.jpg,"[0,0,0,0,0,1,0,0]",0.0,0.0,1.0,0.0,"[0,1,1,1,1,0]"
img1541.jpg,"[0,0,0,0,0,1,0,0]",0.0,0.0,1.0,0.0,"[0,1,1,1,1,0]"
img1627.jpg,"[1,0,1,0,0,0,0,0]",2.0,0.0,2.0,0.0,"[0,1,1,0,0,0]"
img1747.jpg,"[0,0,0,0,0,0,0,0]",0.0,0.0,0.0,0.0,"[0,1,1,1,1,1]"
img180.jpg,"[1,1,1,0,0,0,0,0]",2.0,0.0,0.0,0.0,"[0,1,1,1,0,0]"
img1807.jpg,"[0,0,0,0,0,0,0,0]",0.0,0.0,0.0,0.0,"[0,1,1,1,1,1]"
img2218.jpg,"[1,0,0,0,0,1,0,0]",1.0,1.0,0.0,0.0,"[0,1,1,1,0,0]"
img2440.jpg,"[0,0,0,0,0,0,0,0]",0.0,0.0,0.0,0.0,"[0,1,1,1,0,0]"
img2541.jpg,"[1,1,0,0,0,0,0,0]",2.0,0.0,0.0,0.0,"[0,1,1,1,0,0]"
img256.jpg,"[1,1,0,0,0,0,0,0]",2.0,0.0,0.0,0.0,"[0,1,1,1,0,0]"
img2581.jpg,"[1,0,0,0,0,0,0,0]",0.0,0.0,0.0,0.0,"[0,1,1,1,1,0]"
img261.jpg,"[1,1,0,0,0,0,0,0]",2.0,0.0,0.0,0.0,"[0,1,1,0,0,0]"
img2644.jpg,"[1,0,1,0,0,0,0,0]",1.0,0.0,0.0,0.0,"[0,1,1,1,0,0]"
img2779.jpg,"[0,0,0,0,1,0,0,0]",0.0,0.0,0.0,0.0,"[0,1,1,1,1,1]"
img2813.jpg,"[1,0,0,1,0,0,0,0]",0.0,1.0,0.0,0.0,"[0,1,1,0,0,0]"
img297.jpg,"[1,0,1,0,0,0,1,0]",1.0,0.0,0.0,0.0,"[0,1,1,0,0,0]"
img3151.jpg,"[0,0,0,0,0,0,0,0]",0.0,0.0,0.0,0.0,"[0,1,1,1,1,0]"
img3172.jpg,"[1,0,0,0,0,0,0,0]",2.0,0.0,0.0,0.0,"[0,1,1,1,0,0]"
img3173.jpg,"[1,0,0,0,0,0,0,0]",2.0,0.0,0.0,0.0,"[0,1,1,0,0,0]"
img3218.jpg,"[1,0,1,0,0,0,0,0]",2.0,0.0,1.0,0.0,"[0,1,1,1,0,0]"
img3359.jpg,"[0,0,0,0,0,0,0,0]",0.0,0.0,0.0,0.0,"[0,1,1,1,1,0]"
img3363.jpg,"[1,0,1,0,0,0,0,0]",0.0,0.0,0.0,,"[0,1,1,1,0,0]"
img339.jpg,"[0,0,0,0,0,0,0,0]",0.0,0.0,0.0,0.0,"[0,1,1,1,1,1]"
img3421.jpg,"[0,0,1,0,0,0,0,0]",0.0,0.0,0.0,,"[0,1,1,1,0,0]"
img3516.jpg,"[0,0,1,0,0,0,0,0]",0.0,0.0,0.0,0.0,"[0,1,1,1,0,0]"
img3618.jpg,"[0,0,0,0,0,0,0,0]",0.0,0.0,0.0,0.0,"[0,1,1,1,1,0]"
img3792.jpg,"[0,0,0,0,0,0,0,0]",0.0,0.0,0.0,0.0,"[0,1,1,1,1,0]"
img386.jpg,"[0,0,0,0,0,0,0,0]",0.0,0.0,0.0,0.0,"[0,1,1,1,1,1]"
img4060.jpg,"[1,1,1,0,1,0,0,0]",2.0,0.0,0.0,0.0,"[0,1,1,0,0,0]"
img4098.jpg,"[1,0,0,0,0,0,0,0]",2.0,0.0,0.0,0.0,"[0,1,0,0,0,0]"
img4162.jpg,"[1,1,0,0,0,1,0,0]",2.0,1.0,0.0,0.0,"[0,1,1,0,0,0]"
img422.jpg,"[0,0,0,0,0,0,0,0]",0.0,0.0,0.0,0.0,"[0,1,1,1,1,1]"
img4345.jpg,"[0,0,0,1,0,0,0,0]",0.0,0.0,0.0,0.0,"[0,1,1,1,1,0]"
img4367.jpg,"[0,0,0,1,0,0,0,0]",0.0,0.0,0.0,0.0,"[0,1,1,1,1,0]"
img4524.jpg,"[1,0,1,0,0,0,0,0]",2.0,0.0,0.0,0.0,"[0,1,1,1,0,0]"
img457.jpg,"[0,0,0,0,0,0,0,0]",0.0,0.0,0.0,0.0,"[0,1,1,1,1,1]"
img472.jpg,"[1,0,0,0,1,0,0,0]",2.0,0.0,0.0,0.0,"[0,1,1,1,0,0]"
img4727.jpg,"[0,0,0,0,1,0,0,0]",0.0,1.0,0.0,0.0,"[0,1,1,1,0,0]"
img4741.jpg,"[0,0,0,1,0,0,0,0]",0.0,1.0,0.0,0.0,"[0,1,1,0,0,0]"
img4921.jpg,"[1,0,0,1,1,0,0,0]",1.0,0.0,0.0,0.0,"[0,1,1,0,0,0]"
img4988.jpg,"[0,0,0,0,0,0,0,0]",0.0,0.0,0.0,0.0,"[0,1,1,1,1,1]"
img510.jpg,"[0,0,0,0,0,0,0,0]",0.0,0.0,0.0,0.0,"[0,1,1,1,1,1]"
img650.jpg,"[1,0,0,0,0,1,0,0]",2.0,1.0,0.0,0.0,"[0,1,1,0,0,0]"
img863.jpg,"[1,0,1,0,1,0,0,0]",0.0,1.0,1.0,0.0,"[0,1,1,0,0,0]"
img876.jpg,"[1,0,0,0,0,0,0,0]",2.0,0.0,0.0,0.0,"[0,1,1,1,0,0]"
img90.jpg,"[1,0,0,0,1,0,0,0]",2.0,0.0,0.0,0.0,"[0,1,1,0,0,0]"
img981.jpg,"[0,0,0,0,1,0,0,0]",0.0,0.0,0.0,0.0,"[0,1,1,1,1,0]"
img1035.jpg,"[1,1,0,0,1,0,0,0]",2.0,1.0,0.0,0.0,"[0,1,1,0,0,0]"
img1040.jpg,"[1,1,0,0,0,0,0,0]",2.0,0.0,0.0,0.0,"[0,1,1,0,0,0]"
img1077.jpg,"[1,0,0,1,0,0,0,0]",2.0,0.0,0.0,0.0,"[0,1,1,0,0,0]"
img1165.jpg,"[1,1,0,0,1,0,0,0]",2.0,0.0,0.0,0.0,"[0,1,1,0,0,0]"
img118.jpg,"[0,0,0,0,1,0,0,0]",0.0,0.0,0.0,0.0,"[0,1,1,1,1,0]"
img1228.jpg,"[0,0,1,1,1,0,0,0]",0.0,0.0,2.0,0.0,"[0,1,0,0,0,0]"
img1452.jpg,"[1,0,0,0,1,0,0,0]",2.0,0.0,0.0,0.0,"[0,1,1,1,0,0]"
img1595.jpg,"[1,0,1,0,0,0,0,0]",2.0,0.0,0.0,0.0,"[0,1,1,0,0,0]"
img1601.jpg,"[1,0,1,0,0,0,0,0]",2.0,0.0,0.0,0.0,"[0,1,1,0,0,0]"
img1943.jpg,"[0,0,0,0,0,0,0,0]",0.0,0.0,0.0,0.0,"[0,1,1,0,0,0]"
img2237.jpg,"[1,0,0,0,0,0,0,0]",2.0,0.0,0.0,0.0,"[0,1,1,0,0,0]"
img2467.jpg,"[0,0,0,0,0,0,0,0]",0.0,0.0,0.0,0.0,"[0,1,1,0,0,0]"
img2475.jpg,"[1,0,0,0,0,0,0,0]",0.0,0.0,0.0,0.0,"[0,1,1,0,0,0]"
img2601.jpg,"[1,0,0,0,1,0,0,0]",1.0,0.0,0.0,0.0,"[0,1,1,1,0,0]"
img2744.jpg,"[0,0,0,0,1,0,0,0]",0.0,0.0,0.0,0.0,"[0,1,1,1,1,1]"
img2863.jpg,"[1,0,0,0,0,0,1,0]",1.0,2.0,0.0,0.0,"[1,0,0,0,0,0]"
img2960.jpg,"[1,0,0,0,0,0,0,0]",1.0,0.0,0.0,1.0,"[0,0,0,0,0,0]"
img2996.jpg,"[1,0,0,0,1,0,0,0]",2.0,0.0,0.0,1.0,"[0,1,1,1,0,0]"
img3078.jpg,"[1,1,1,0,0,1,0,0]",1.0,1.0,0.0,0.0,"[0,1,1,0,0,0]"
img3159.jpg,"[1,1,0,0,1,0,0,0]",2.0,0.0,0.0,0.0,"[0,1,1,1,1,0]"
img328.jpg,"[0,0,0,0,0,0,0,0]",0.0,0.0,0.0,0.0,"[0,1,1,1,1,1]"
img3490.jpg,"[1,0,1,0,0,0,0,0]",2.0,0.0,0.0,0.0,"[0,1,0,0,0,0]"
img3573.jpg,"[0,0,0,0,0,0,0,0]",0.0,0.0,0.0,0.0,"[0,1,1,0,0,0]"
img36.jpg,"[1,0,0,1,0,0,0,0]",1.0,1.0,0.0,0.0,"[0,1,0,0,0,0]"
img3627.jpg,"[1,0,0,0,0,0,0,0]",2.0,0.0,0.0,0.0,"[0,1,1,0,0,0]"
img3735.jpg,"[1,1,0,0,0,0,0,0]",2.0,0.0,0.0,0.0,"[0,1,1,0,0,0]"
img3781.jpg,"[1,0,1,0,0,0,0,0]",2.0,0.0,0.0,0.0,"[0,1,1,1,0,0]"
img3788.jpg,"[1,0,1,0,0,0,0,0]",2.0,0.0,0.0,0.0,"[0,1,1,1,0,0]"
img3853.jpg,"[0,0,0,0,1,0,0,0]",2.0,0.0,0.0,0.0,"[0,1,1,1,1,0]"
img3945.jpg,"[1,0,0,1,0,0,0,0]",2.0,1.0,0.0,0.0,"[0,1,1,0,0,0]"
img3973.jpg,"[1,1,0,0,0,1,0,0]",2.0,1.0,0.0,0.0,"[0,1,1,0,0,0]"
img3990.jpg,"[1,0,0,0,0,1,0,0]",2.0,1.0,0.0,0.0,"[0,1,1,0,0,0]"
img4130.jpg,"[1,0,0,1,0,0,0,0]",2.0,1.0,0.0,0.0,"[0,1,1,0,0,0]"
img4312.jpg,"[1,0,1,0,0,0,0,0]",1.0,0.0,0.0,0.0,"[0,1,1,1,0,0]"
img439.jpg,"[0,0,0,0,0,0,0,0]",0.0,0.0,0.0,0.0,"[0,1,1,1,1,1]"
img4393.jpg,"[0,0,1,0,0,0,0,0]",0.0,0.0,0.0,0.0,"[0,1,1,1,0,0]"
img4527.jpg,"[1,0,0,0,0,0,0,0]",1.0,0.0,0.0,0.0,"[0,1,1,1,0,0]"
img4549.jpg,"[0,0,0,0,1,0,0,0]",0.0,0.0,0.0,0.0,"[0,1,1,0,0,0]"
img4662.jpg,"[1,1,0,0,0,0,0,0]",2.0,0.0,0.0,0.0,"[0,1,1,1,0,0]"
img4723.jpg,"[1,1,0,0,1,0,0,0]",1.0,1.0,1.0,1.0,"[0,1,1,0,0,0]"
img4756.jpg,"[0,0,0,1,0,0,0,0]",0.0,2.0,0.0,0.0,"[0,1,1,0,0,0]"
img4845.jpg,"[0,0,0,0,0,1,0,0]",0.0,1.0,1.0,0.0,"[0,1,1,1,0,0]"
img489.jpg,"[0,0,0,0,0,0,0,0]",0.0,0.0,0.0,0.0,"[0,1,1,1,1,1]"
img4967.jpg,"[0,0,0,0,1,0,0,0]",0.0,0.0,0.0,0.0,"[0,1,1,1,1,0]"
img683.jpg,"[1,0,0,0,0,0,0,0]",2.0,0.0,0.0,0.0,"[0,1,1,1,0,0]"
img704.jpg,"[0,0,0,0,0,0,0,0]",0.0,0.0,0.0,0.0,"[0,1,1,1,1,0]"
img72.jpg,"[0,0,0,1,1,0,0,0]",0.0,1.0,0.0,0.0,"[0,1,1,0,0,0]"
img766.jpg,"[0,0,0,0,0,0,0,0]",0.0,0.0,0.0,0.0,"[0,1,1,1,1,0]"
img826.jpg,"[0,0,0,0,1,0,0,0]",0.0,0.0,0.0,0.0,"[0,1,1,1,1,0]"
img926.jpg,"[0,0,1,0,0,0,0,0]",0.0,0.0,0.0,0.0,"[0,1,1,1,1,0]"
img1026.jpg,"[1,1,0,0,1,0,0,0]",2.0,1.0,0.0,0.0,"[0,1,1,1,0,0]"
img1136.jpg,"[1,0,0,0,1,0,0,0]",1.0,0.0,0.0,0.0,"[0,1,1,1,0,0]"
img1194.jpg,"[1,0,0,0,0,0,0,0]",2.0,0.0,0.0,1.0,"[0,1,0,0,0,0]"
img1235.jpg,"[0,1,0,0,0,0,0,0]",0.0,0.0,0.0,0.0,"[0,1,1,0,0,0]"
img124.jpg,"[0,0,0,0,1,0,0,0]",0.0,0.0,0.0,1.0,"[0,1,1,1,1,1]"
img136.jpg,"[0,0,0,0,1,0,0,0]",0.0,0.0,0.0,0.0,"[0,1,1,1,1,0]"
img1381.jpg,"[0,0,0,0,0,1,0,0]",2.0,1.0,1.0,0.0,"[0,1,0,0,0,0]"
img1439.jpg,"[0,0,0,0,1,0,0,0]",0.0,0.0,0.0,0.0,"[0,1,1,0,0,0]"
img1561.jpg,"[1,0,1,0,0,0,0,0]",2.0,0.0,0.0,0.0,"[0,1,1,1,0,0]"
img1577.jpg,"[1,0,0,0,0,0,0,0]",2.0,0.0,0.0,0.0,"[0,1,1,0,0,0]"
img1609.jpg,"[1,0,1,0,0,0,0,0]",2.0,0.0,2.0,0.0,"[0,1,1,1,0,0]"
img162.jpg,"[0,0,0,0,1,0,0,0]",0.0,0.0,0.0,0.0,"[0,1,1,1,1,0]"
img178.jpg,"[0,0,1,0,0,0,0,0]",0.0,0.0,2.0,0.0,"[0,1,1,1,0,0]"
img1960.jpg,"[0,0,1,0,0,1,0,0]",2.0,1.0,1.0,0.0,"[0,1,1,1,1,1]"
img1982.jpg,"[0,0,1,0,0,1,0,0]",0.0,1.0,1.0,0.0,"[0,1,1,1,1,1]"
img1989.jpg,"[0,0,1,0,0,1,0,0]",0.0,1.0,1.0,0.0,"[0,1,1,1,1,1]"
img2059.jpg,"[1,0,1,1,0,0,0,0]",2.0,2.0,1.0,0.0,"[1,0,0,0,0,0]"
img2184.jpg,"[1,1,1,0,1,0,0,0]",2.0,0.0,0.0,0.0,"[0,1,1,1,0,0]"
img2401.jpg,"[0,0,0,1,0,0,0,0]",0.0,1.0,0.0,0.0,"[0,1,1,0,0,0]"
img2477.jpg,"[0,0,0,1,0,0,0,0]",0.0,2.0,0.0,0.0,"[1,0,0,0,0,0]"
img2484.jpg,"[1,0,0,1,0,0,0,0]",1.0,1.0,0.0,0.0,"[0,1,1,0,0,0]"
img267.jpg,"[1,1,1,0,0,0,0,0]",2.0,0.0,0.0,0.0,"[0,1,1,1,0,0]"
img2783.jpg,"[0,0,0,0,0,0,0,0]",0.0,0.0,0.0,0.0,"[0,1,1,1,1,1]"
img2789.jpg,"[0,0,0,0,0,0,0,0]",0.0,0.0,0.0,0.0,"[0,1,1,1,1,1]"
img2931.jpg,"[0,0,0,0,0,0,0,0]",0.0,0.0,0.0,0.0,"[0,1,1,1,1,1]"
img3133.jpg,"[1,0,0,0,0,1,0,0]",2.0,0.0,0.0,0.0,"[0,1,1,1,0,0]"
img3212.jpg,"[0,0,1,0,0,1,0,0]",0.0,1.0,1.0,0.0,"[0,1,1,1,1,1]"
img3220.jpg,"[0,0,0,0,0,1,0,0]",0.0,1.0,1.0,0.0,"[0,1,1,1,0,0]"
img3286.jpg,"[1,0,1,0,0,0,0,0]",2.0,0.0,0.0,0.0,"[0,1,1,1,0,0]"
img3311.jpg,"[1,0,1,0,0,0,0,0]",2.0,0.0,0.0,0.0,"[0,1,1,1,0,0]"
img3382.jpg,"[0,0,1,0,0,0,0,0]",0.0,0.0,0.0,0.0,"[0,1,1,0,0,0]"
img364.jpg,"[1,0,0,0,0,0,0,0]",2.0,0.0,0.0,0.0,"[0,1,1,1,0,0]"
img3667.jpg,"[1,1,1,0,0,0,0,0]",2.0,0.0,0.0,0.0,"[0,1,1,1,0,0]"
img3683.jpg,"[1,1,1,0,0,0,0,0]",2.0,0.0,0.0,1.0,"[0,1,1,1,0,0]"
img3775.jpg,"[1,0,0,0,1,0,0,0]",2.0,0.0,0.0,0.0,"[0,1,1,1,0,0]"
img3794.jpg,"[0,0,1,0,0,0,0,0]",0.0,0.0,0.0,0.0,"[0,1,1,1,0,0]"
img3837.jpg,"[0,0,0,0,1,0,0,0]",0.0,0.0,0.0,0.0,"[0,1,1,1,1,1]"
img4235.jpg,"[1,0,0,0,0,0,0,0]",2.0,0.0,0.0,0.0,"[0,1,1,1,0,0]"
img4289.jpg,"[0,0,0,0,0,0,0,0]",0.0,0.0,0.0,0.0,"[0,1,1,1,1,1]"
img456.jpg,"[0,0,0,0,0,0,0,0]",0.0,0.0,0.0,0.0,"[0,1,1,1,1,1]"
img4576.jpg,"[1,0,0,0,0,0,0,0]",1.0,0.0,0.0,0.0,"[0,1,1,1,0,0]"
img4689.jpg,"[1,0,0,0,0,0,0,0]",2.0,0.0,0.0,0.0,"[0,1,1,1,0,0]"
img4770.jpg,"[0,0,0,0,1,0,0,0]",0.0,1.0,0.0,0.0,"[0,1,1,0,0,0]"
img4796.jpg,"[0,0,0,0,1,0,0,0]",1.0,1.0,0.0,0.0,"[0,1,1,0,0,0]"
img4951.jpg,"[0,0,0,0,0,0,0,0]",0.0,0.0,,,"[0,1,1,1,0,0]"
img4974.jpg,"[0,0,0,0,1,0,0,0]",0.0,0.0,0.0,0.0,"[0,1,1,1,1,1]"
img613.jpg,"[1,0,0,0,0,0,0,0]",2.0,0.0,0.0,0.0,"[0,1,1,1,0,0]"
img622.jpg,"[1,1,0,0,0,1,0,0]",2.0,1.0,1.0,0.0,"[0,1,0,0,0,0]"
img782.jpg,"[0,0,0,0,0,0,0,0]",0.0,0.0,0.0,0.0,"[0,1,1,1,1,1]"
img868.jpg,"[1,0,1,0,1,0,0,0]",1.0,1.0,1.0,0.0,"[0,1,1,1,0,0]"
img1034.jpg,"[1,1,1,0,0,0,0,0]",2.0,0.0,0.0,0.0,"[0,1,1,1,0,0]"
img119.jpg,"[0,0,0,0,1,0,0,0]",0.0,0.0,0.0,0.0,"[0,1,1,1,1,0]"
img1297.jpg,"[1,0,0,0,0,0,0,0]",2.0,0.0,0.0,0.0,"[0,1,1,1,0,0]"
img149.jpg,"[0,0,0,0,1,0,0,0]",0.0,0.0,0.0,0.0,"[0,1,1,1,1,0]"
img1567.jpg,"[0,0,1,0,0,0,0,0]",0.0,0.0,0.0,1.0,"[0,1,1,1,0,0]"
img1573.jpg,"[1,0,1,0,0,0,0,0]",2.0,0.0,0.0,0.0,"[0,1,1,1,0,0]"
img2.jpg,"[1,0,1,0,1,0,0,0]",1.0,1.0,1.0,0.0,"[0,1,1,0,0,0]"
img229.jpg,"[0,0,0,0,0,0,0,0]",0.0,0.0,0.0,0.0,"[0,1,1,0,0,0]"
img2336.jpg,"[1,0,1,0,1,0,0,0]",2.0,0.0,0.0,0.0,"[0,1,1,1,0,0]"
img2356.jpg,"[1,0,1,0,0,0,0,0]",2.0,1.0,0.0,0.0,"[0,1,1,0,0,0]"
img2470.jpg,"[0,0,0,0,0,0,0,0]",0.0,0.0,0.0,0.0,"[0,1,1,0,0,0]"
img2651.jpg,"[1,0,0,0,1,0,0,0]",2.0,1.0,0.0,0.0,"[0,1,1,1,0,0]"
img2689.jpg,"[0,0,0,0,0,0,0,0]",0.0,0.0,0.0,0.0,"[0,1,1,1,1,1]"
img2822.jpg,"[1,0,0,1,1,0,0,0]",1.0,0.0,0.0,0.0,"[0,1,1,0,0,0]"
img2828.jpg,"[1,0,0,1,1,0,0,0]",1.0,0.0,0.0,0.0,"[0,1,1,0,0,0]"
img2891.jpg,"[1,0,1,0,0,0,0,0]",2.0,0.0,0.0,0.0,"[0,1,1,1,0,0]"
img3213.jpg,"[0,0,0,0,0,1,0,0]",0.0,0.0,1.0,0.0,"[0,1,1,1,1,1]"
img3317.jpg,"[1,0,0,0,0,0,0,0]",2.0,0.0,0.0,0.0,"[0,1,1,1,0,0]"
img3339.jpg,"[1,0,0,0,0,0,0,0]",2.0,0.0,0.0,0.0,"[0,1,1,0,0,0]"
img3353.jpg,"[0,0,1,0,0,0,0,0]",0.0,0.0,0.0,0.0,"[0,1,1,1,1,1]"
img3383.jpg,"[0,0,1,0,0,0,0,0]",0.0,0.0,0.0,0.0,"[0,1,1,1,0,0]"
img3474.jpg,"[0,0,1,0,0,0,0,0]",0.0,0.0,0.0,0.0,"[0,1,1,1,1,1]"
img3478.jpg,"[0,0,1,0,0,0,0,0]",0.0,0.0,0.0,0.0,"[0,1,1,1,1,1]"
img3561.jpg,"[0,0,0,0,0,1,0,0]",0.0,1.0,1.0,,"[0,1,1,0,0,0]"
img3660.jpg,"[0,1,1,0,0,0,0,0]",1.0,0.0,0.0,1.0,"[0,1,1,0,0,0]"
img3929.jpg,"[1,0,0,0,1,0,0,0]",2.0,1.0,0.0,0.0,"[0,1,1,1,0,0]"
img4025.jpg,"[1,1,0,1,1,0,0,0]",2.0,2.0,1.0,0.0,"[1,0,0,0,0,0]"
img410.jpg,"[0,0,0,0,0,0,0,0]",0.0,0.0,0.0,0.0,"[0,1,1,1,1,1]"
img4143.jpg,"[0,0,1,0,0,1,0,0]",1.0,1.0,0.0,0.0,"[0,1,1,1,0,0]"
img4219.jpg,"[1,0,0,0,0,0,0,0]",2.0,0.0,0.0,0.0,"[0,1,1,0,0,0]"
img4229.jpg,"[0,0,0,1,1,0,0,0]",0.0,0.0,0.0,0.0,"[0,1,1,0,0,0]"
img4270.jpg,"[1,1,0,0,0,1,0,0]",2.0,1.0,1.0,0.0,"[0,1,1,0,0,0]"
img4412.jpg,"[0,0,0,0,1,0,0,0]",0.0,0.0,0.0,0.0,"[0,1,1,1,0,0]"
img4452.jpg,"[1,0,1,0,0,0,0,0]",2.0,0.0,0.0,0.0,"[0,1,1,1,0,0]"
img4470.jpg,"[1,0,1,0,1,0,0,0]",2.0,0.0,0.0,0.0,"[0,1,1,1,0,0]"
img4510.jpg,"[0,0,0,0,1,0,0,0]",0.0,0.0,0.0,0.0,"[0,1,1,1,0,0]"
img4533.jpg,"[1,0,0,0,0,0,0,0]",2.0,0.0,0.0,0.0,"[0,1,1,1,0,0]"
img4538.jpg,"[1,0,1,0,1,1,0,0]",2.0,1.0,0.0,0.0,"[0,1,1,1,0,0]"
img4586.jpg,"[0,0,0,0,0,0,0,0]",0.0,0.0,0.0,0.0,"[0,1,1,0,0,0]"
img4650.jpg,"[1,0,0,0,0,0,0,0]",1.0,0.0,0.0,0.0,"[0,1,1,1,0,0]"
img4670.jpg,"[1,0,0,0,0,0,0,0]",2.0,0.0,0.0,0.0,"[0,1,1,1,0,0]"
img4755.jpg,"[0,0,0,1,0,0,0,0]",0.0,2.0,0.0,0.0,"[1,0,0,0,0,0]"
img4798.jpg,"[1,0,0,0,1,0,0,0]",2.0,1.0,1.0,0.0,"[0,1,1,0,0,0]"
img4910.jpg,"[1,1,0,0,0,1,0,0]",1.0,1.0,1.0,0.0,"[0,1,1,1,0,0]"
img503.jpg,"[0,0,0,0,0,0,0,0]",0.0,0.0,0.0,0.0,"[0,1,1,1,1,1]"
img542.jpg,"[0,0,0,0,0,0,0,0]",0.0,0.0,0.0,0.0,"[0,1,1,1,1,1]"
img605.jpg,"[1,0,1,0,0,0,0,0]",2.0,0.0,0.0,0.0,"[0,1,1,1,0,0]"
img635.jpg,"[1,1,1,0,0,1,0,0]",2.0,1.0,0.0,0.0,"[0,1,1,1,1,1]"
img666.jpg,"[1,0,0,0,0,0,0,0]",0.0,0.0,0.0,0.0,"[0,1,1,1,1,1]"
img716.jpg,"[0,0,1,0,0,1,0,0]",0.0,1.0,1.0,0.0,"[0,1,1,1,1,1]"
img1067.jpg,"[1,0,0,0,1,1,0,0]",2.0,1.0,0.0,0.0,"[0,1,1,0,0,0]"
img1117.jpg,"[0,0,0,0,0,0,0,0]",0.0,0.0,0.0,0.0,"[0,1,1,1,1,1]"
img1161.jpg,"[1,0,0,0,1,0,0,0]",2.0,0.0,0.0,0.0,"[0,1,1,0,0,0]"
img1271.jpg,"[1,0,0,0,0,1,0,0]",1.0,2.0,1.0,0.0,"[0,1,0,0,0,0]"
img1500.jpg,"[0,0,0,1,0,0,0,0]",0.0,1.0,2.0,0.0,"[0,1,0,0,0,0]"
img1581.jpg,"[1,0,1,0,0,0,0,0]",2.0,0.0,0.0,0.0,"[0,1,1,0,0,0]"
img1613.jpg,"[1,0,0,0,0,0,0,0]",2.0,1.0,2.0,0.0,"[0,1,1,0,0,0]"
img1692.jpg,"[1,0,0,0,0,0,0,0]",2.0,0.0,0.0,0.0,"[0,1,1,1,0,0]"
img1781.jpg,"[0,0,0,0,1,0,0,0]",0.0,0.0,0.0,0.0,"[0,1,1,1,1,0]"
img179.jpg,"[1,0,1,0,0,0,0,0]",2.0,1.0,0.0,0.0,"[0,1,1,0,0,0]"
img2031.jpg,"[1,0,0,0,0,0,0,0]",2.0,1.0,0.0,0.0,"[0,1,0,0,0,0]"
img2280.jpg,"[1,0,1,1,0,0,0,0]",1.0,2.0,2.0,0.0,"[1,0,0,0,0,0]"
img2352.jpg,"[1,0,1,0,0,0,0,0]",2.0,1.0,0.0,0.0,"[0,1,0,0,0,0]"
img2354.jpg,"[0,0,1,0,0,0,0,0]",0.0,1.0,0.0,0.0,"[0,1,0,0,0,0]"
img2365.jpg,"[1,0,1,0,0,0,0,0]",2.0,1.0,0.0,0.0,"[0,1,0,0,0,0]"
img2419.jpg,"[1,0,1,0,0,0,0,0]",1.0,1.0,2.0,0.0,"[0,1,0,0,0,0]"
img2424.jpg,"[1,0,0,0,0,0,0,0]",2.0,0.0,0.0,0.0,"[0,1,1,1,0,0]"
img2438.jpg,"[0,0,1,0,0,0,0,0]",0.0,0.0,0.0,0.0,"[0,1,1,0,0,0]"
img2447.jpg,"[1,0,1,0,0,0,0,0]",2.0,0.0,1.0,0.0,"[0,1,0,0,0,0]"
img2530.jpg,"[1,0,1,1,1,0,0,0]",2.0,2.0,1.0,0.0,"[1,0,0,0,0,0]"
img2535.jpg,"[1,0,0,1,1,0,0,0]",2.0,2.0,1.0,0.0,"[1,0,0,0,0,0]"
img2579.jpg,"[1,0,1,0,0,0,0,0]",1.0,0.0,0.0,0.0,"[0,1,1,1,0,0]"
img2590.jpg,"[1,0,1,0,1,0,0,0]",2.0,0.0,0.0,0.0,"[0,1,1,1,0,0]"
img2833.jpg,"[1,0,0,1,1,0,0,0]",2.0,0.0,0.0,0.0,"[0,1,1,0,0,0]"
img2956.jpg,"[1,0,0,0,0,0,0,0]",0.0,0.0,0.0,1.0,"[1,0,0,0,0,0]"
img3191.jpg,"[1,0,0,0,1,1,0,0]",2.0,0.0,0.0,0.0,"[0,1,1,1,0,0]"
img3200.jpg,"[0,0,1,0,0,1,0,0]",0.0,1.0,1.0,0.0,"[0,1,1,1,1,1]"
img3233.jpg,"[0,0,1,0,0,0,0,0]",0.0,0.0,0.0,0.0,"[0,1,1,1,1,1]"
img3327.jpg,"[0,0,0,0,0,0,0,0]",0.0,0.0,0.0,0.0,"[0,1,0,0,0,0]"
img3458.jpg,"[0,0,1,0,0,0,0,0]",0.0,0.0,0.0,0.0,"[0,1,1,1,1,1]"
img352.jpg,"[0,0,0,0,0,0,0,0]",0.0,0.0,0.0,0.0,"[0,1,1,1,1,1]"
img3529.jpg,"[0,0,1,0,0,0,0,0]",0.0,0.0,1.0,0.0,"[0,1,0,0,0,0]"
img3637.jpg,"[1,0,1,0,0,0,0,0]",1.0,0.0,0.0,0.0,"[0,1,1,0,0,0]"
img3646.jpg,"[1,0,1,0,0,0,0,0]",2.0,0.0,0.0,0.0,"[0,1,1,0,0,0]"
img3754.jpg,"[1,0,0,0,1,0,0,0]",2.0,1.0,0.0,0.0,"[0,1,1,1,0,0]"
img4020.jpg,"[1,0,1,0,0,0,0,0]",2.0,0.0,0.0,0.0,"[0,1,1,1,0,0]"
img4332.jpg,"[0,0,0,1,1,0,0,0]",0.0,1.0,0.0,0.0,"[0,1,1,0,0,0]"
img4494.jpg,"[1,0,0,0,0,0,0,0]",2.0,0.0,0.0,0.0,"[0,1,1,1,0,0]"
img4518.jpg,"[1,1,0,0,0,0,0,0]",2.0,0.0,0.0,0.0,"[0,1,1,1,0,0]"
img4536.jpg,"[0,0,0,0,0,0,0,0]",0.0,0.0,0.0,0.0,"[0,1,1,1,1,1]"
img46.jpg,"[1,1,0,0,0,1,0,0]",1.0,2.0,0.0,0.0,"[0,1,0,0,0,0]"
img4649.jpg,"[1,1,0,0,0,0,0,0]",1.0,1.0,0.0,0.0,"[0,1,1,1,0,0]"
img4734.jpg,"[0,0,1,0,0,0,0,0]",0.0,0.0,2.0,0.0,"[0,1,1,0,0,0]"
img4739.jpg,"[0,0,0,1,0,0,0,0]",0.0,2.0,0.0,0.0,"[1,0,0,0,0,0]"
img4794.jpg,"[1,0,0,0,1,0,0,0]",1.0,1.0,0.0,0.0,"[0,1,1,0,0,0]"
img564.jpg,"[0,0,0,0,0,0,0,0]",0.0,0.0,0.0,0.0,"[0,1,1,1,1,1]"
img633.jpg,"[1,0,0,0,0,1,0,0]",0.0,1.0,1.0,0.0,"[0,1,0,0,0,0]"
img803.jpg,"[0,0,1,0,1,0,0,0]",0.0,1.0,1.0,0.0,"[0,1,1,0,0,0]"
img908.jpg,"[0,0,1,0,0,0,0,0]",0.0,0.0,0.0,0.0,"[0,1,1,1,1,1]"
img909.jpg,"[0,0,1,0,0,0,0,0]",0.0,0.0,0.0,0.0,"[0,1,1,1,1,1]"
img1127.jpg,"[1,0,0,0,1,0,0,0]",2.0,0.0,0.0,0.0,"[0,1,1,1,0,0]"
img1215.jpg,"[1,0,0,0,0,0,0,0]",2.0,0.0,0.0,1.0,"[0,1,1,0,0,0]"
img1327.jpg,"[0,0,0,0,1,0,0,0]",0.0,0.0,0.0,0.0,"[0,1,1,1,1,1]"
img1390.jpg,"[1,0,0,0,0,1,0,0]",2.0,1.0,1.0,0.0,"[0,1,0,0,0,0]"
img1513.jpg,"[1,0,1,0,0,0,0,0]",2.0,1.0,2.0,1.0,"[0,1,0,0,0,0]"
img155.jpg,"[0,0,0,0,1,0,0,0]",0.0,0.0,0.0,0.0,"[0,1,1,1,1,0]"
img168.jpg,"[0,0,0,0,1,0,0,0]",0.0,0.0,0.0,0.0,"[0,1,1,1,1,0]"
img1752.jpg,"[0,0,0,0,0,0,0,0]",0.0,0.0,0.0,0.0,"[0,1,1,1,1,1]"
img1766.jpg,"[0,0,0,0,1,0,0,0]",0.0,0.0,0.0,0.0,"[0,1,1,1,1,0]"
img1813.jpg,"[0,0,0,0,1,0,0,0]",0.0,0.0,0.0,0.0,"[0,1,1,1,1,0]"
img2061.jpg,"[1,0,0,1,0,0,0,0]",2.0,2.0,0.0,0.0,"[1,0,0,0,0,0]"
img2134.jpg,"[0,0,1,1,0,0,0,0]",0.0,0.0,2.0,0.0,"[0,1,1,0,0,0]"
img2318.jpg,"[0,0,0,1,0,0,0,0]",0.0,2.0,1.0,0.0,"[1,0,0,0,0,0]"
img2422.jpg,"[1,0,0,0,0,0,0,0]",2.0,0.0,0.0,0.0,"[0,1,1,0,0,0]"
img2463.jpg,"[0,0,0,0,0,0,0,0]",0.0,0.0,0.0,0.0,"[0,1,1,0,0,0]"
img2498.jpg,"[1,0,0,0,1,0,0,0]",2.0,1.0,0.0,0.0,"[0,1,1,0,0,0]"
img2505.jpg,"[1,0,0,0,1,0,0,0]",2.0,1.0,0.0,0.0,"[0,1,1,0,0,0]"
img2575.jpg,"[0,0,1,0,0,0,0,0]",0.0,0.0,0.0,0.0,"[0,1,1,1,1,0]"
img269.jpg,"[1,1,1,0,0,0,0,0]",1.0,0.0,0.0,1.0,"[0,1,1,1,0,0]"
img2758.jpg,"[0,0,0,0,0,0,0,0]",0.0,0.0,0.0,0.0,"[0,1,1,1,1,1]"
img2770.jpg,"[0,0,0,0,0,0,0,0]",0.0,0.0,0.0,0.0,"[0,1,1,1,1,1]"
img2843.jpg,"[1,0,0,0,1,0,0,0]",2.0,0.0,0.0,0.0,"[0,1,1,1,0,0]"
img2973.jpg,"[0,0,0,0,0,0,0,0]",0.0,0.0,0.0,0.0,"[0,1,1,1,1,1]"
img3055.jpg,"[1,0,1,0,0,0,0,0]",0.0,1.0,2.0,0.0,"[0,1,1,1,0,0]"
img3116.jpg,"[1,0,0,0,1,0,0,0]",2.0,1.0,0.0,0.0,"[0,1,1,1,0,0]"
img3224.jpg,"[0,0,1,0,0,1,0,0]",0.0,1.0,1.0,0.0,"[0,1,1,0,0,0]"
img3358.jpg,"[1,0,1,0,0,0,0,0]",1.0,0.0,0.0,0.0,"[0,1,1,0,0,0]"
img3394.jpg,"[0,0,1,0,1,0,0,0]",0.0,0.0,1.0,0.0,"[0,1,1,1,0,0]"
img3536.jpg,"[0,0,1,0,0,0,0,0]",0.0,0.0,1.0,0.0,"[0,1,1,1,0,0]"
img3625.jpg,"[1,0,1,0,0,0,0,0]",2.0,0.0,0.0,0.0,"[0,1,1,1,0,0]"
img3839.jpg,"[1,0,1,0,1,0,0,0]",1.0,0.0,0.0,0.0,"[0,1,1,0,0,0]"
img3841.jpg,"[1,0,1,0,1,0,0,0]",1.0,0.0,0.0,0.0,"[0,1,1,1,0,0]"
img3842.jpg,"[0,0,0,0,1,0,0,0]",0.0,0.0,0.0,0.0,"[0,1,1,1,1,1]"
img3907.jpg,"[1,1,0,0,1,0,0,0]",2.0,1.0,0.0,0.0,"[0,1,1,1,0,0]"
img3972.jpg,"[1,1,0,0,0,1,0,0]",1.0,1.0,0.0,0.0,"[0,1,0,0,0,0]"
img3994.jpg,"[0,0,0,0,1,1,0,0]",0.0,1.0,0.0,0.0,"[0,1,1,0,0,0]"
img400.jpg,"[0,0,0,0,0,0,0,0]",0.0,0.0,0.0,0.0,"[0,1,1,1,1,1]"
img4005.jpg,"[0,0,1,0,0,1,0,0]",0.0,1.0,0.0,0.0,"[0,1,1,0,0,0]"
img407.jpg,"[0,0,0,0,0,0,0,0]",0.0,0.0,0.0,0.0,"[0,1,1,1,1,1]"
img4176.jpg,"[1,0,0,0,0,0,0,0]",2.0,0.0,0.0,0.0,"[0,1,1,1,0,0]"
img4455.jpg,"[0,0,0,0,0,0,0,0]",0.0,0.0,0.0,0.0,"[0,1,1,1,0,0]"
img459.jpg,"[0,0,0,0,0,0,0,0]",0.0,0.0,0.0,0.0,"[0,1,1,1,1,1]"
img470.jpg,"[0,0,0,0,0,0,0,0]",0.0,0.0,0.0,0.0,"[0,1,1,1,1,1]"
img4717.jpg,"[0,0,0,0,0,0,0,0]",0.0,0.0,0.0,0.0,"[0,1,1,1,1,1]"
img4720.jpg,"[0,0,0,0,1,0,0,0]",0.0,1.0,1.0,0.0,"[0,1,1,1,0,0]"
img4748.jpg,"[0,0,0,1,0,0,0,0]",0.0,1.0,0.0,0.0,"[0,1,0,0,0,0]"
img4809.jpg,"[0,0,0,1,1,0,0,0]",0.0,1.0,0.0,0.0,"[0,1,1,0,0,0]"
img4816.jpg,"[0,0,0,0,1,0,0,0]",0.0,1.0,0.0,0.0,"[0,1,1,0,0,0]"
img842.jpg,"[0,0,0,0,1,0,0,0]",0.0,1.0,0.0,0.0,"[0,1,1,1,0,0]"
img962.jpg,"[0,0,0,0,1,0,0,0]",0.0,0.0,0.0,0.0,"[0,1,1,1,0,0]"
img1008.jpg,"[1,1,0,0,1,0,0,0]",2.0,1.0,0.0,0.0,"[0,1,1,1,0,0]"
img1046.jpg,"[1,1,0,0,0,0,0,0]",2.0,0.0,0.0,0.0,"[0,1,1,1,0,0]"
img1118.jpg,"[1,0,0,0,1,0,0,0]",2.0,0.0,0.0,0.0,"[0,1,1,1,0,0]"
img1196.jpg,"[1,0,0,0,0,0,0,0]",2.0,0.0,0.0,1.0,"[0,1,0,0,0,0]"
img1206.jpg,"[1,0,0,0,0,0,0,0]",1.0,0.0,0.0,0.0,"[0,1,1,0,0,0]"
img1377.jpg,"[1,0,0,0,0,1,0,0]",2.0,1.0,0.0,0.0,"[0,1,0,0,0,0]"
img1485.jpg,"[1,0,0,0,0,0,0,0]",1.0,0.0,0.0,0.0,"[0,1,1,0,0,0]"
img1586.jpg,"[1,0,1,0,0,0,0,0]",2.0,0.0,0.0,0.0,"[0,1,1,0,0,0]"
img1591.jpg,"[1,0,1,0,0,0,0,0]",2.0,0.0,0.0,0.0,"[0,1,1,0,0,0]"
img1794.jpg,"[0,0,0,0,1,0,0,0]",0.0,0.0,0.0,0.0,"[0,1,1,1,1,0]"
img1814.jpg,"[0,0,0,0,0,0,0,0]",0.0,0.0,0.0,0.0,"[0,1,1,1,1,1]"
img188.jpg,"[0,0,1,0,0,0,0,0]",0.0,1.0,2.0,0.0,"[0,1,1,0,0,0]"
img1908.jpg,"[0,0,0,1,0,0,0,0]",0.0,2.0,0.0,0.0,"[0,1,0,0,0,0]"
img1985.jpg,"[0,0,0,0,0,1,0,0]",0.0,0.0,1.0,0.0,"[0,1,1,1,1,1]"
img2155.jpg,"[1,0,1,1,0,0,0,0]",2.0,2.0,2.0,0.0,"[0,1,0,0,0,0]"
img2300.jpg,"[1,0,0,0,1,0,0,0]",1.0,2.0,0.0,0.0,"[1,0,0,0,0,0]"
img232.jpg,"[1,0,0,0,0,0,0,0]",1.0,0.0,0.0,0.0,"[0,1,1,1,0,0]"
img2348.jpg,"[1,0,1,0,0,0,0,0]",1.0,0.0,0.0,0.0,"[0,1,0,0,0,0]"
img2411.jpg,"[1,0,1,0,0,0,0,0]",2.0,0.0,0.0,0.0,"[0,1,0,0,0,0]"
img2516.jpg,"[1,0,0,1,0,0,0,0]",2.0,1.0,0.0,0.0,"[0,1,0,0,0,0]"
img2572.jpg,"[1,0,0,0,0,0,0,0]",2.0,0.0,0.0,0.0,"[0,1,1,1,0,0]"
img2593.jpg,"[0,0,0,0,0,0,0,0]",0.0,0.0,0.0,0.0,"[0,1,1,1,1,1]"
img2608.jpg,"[0,0,0,0,0,0,0,0]",0.0,0.0,0.0,0.0,"[0,1,1,1,1,0]"
img2725.jpg,"[0,0,0,0,0,0,0,0]",0.0,0.0,0.0,0.0,"[0,1,1,1,1,1]"
img3245.jpg,"[0,0,1,0,0,0,0,0]",0.0,0.0,0.0,0.0,"[0,1,1,1,1,1]"
img3269.jpg,"[0,0,1,0,0,0,0,0]",0.0,0.0,0.0,0.0,"[0,1,1,1,0,0]"
img3319.jpg,"[1,1,1,0,0,0,0,0]",1.0,0.0,0.0,0.0,"[0,1,1,1,0,0]"
img3334.jpg,"[0,0,0,0,0,0,0,0]",0.0,0.0,0.0,0.0,"[0,1,1,1,0,0]"
img3372.jpg,"[0,0,1,0,0,0,0,0]",0.0,0.0,0.0,0.0,"[0,1,1,1,1,1]"
img3511.jpg,"[0,0,1,0,0,0,0,0]",0.0,0.0,1.0,0.0,"[0,1,1,0,0,0]"
img3629.jpg,"[1,0,1,0,0,0,0,0]",1.0,0.0,0.0,0.0,"[0,1,1,1,0,0]"
img3778.jpg,"[1,0,0,0,1,0,0,0]",2.0,0.0,0.0,0.0,"[0,1,1,1,0,0]"
img3932.jpg,"[1,0,0,1,1,0,0,0]",2.0,1.0,0.0,0.0,"[1,0,0,0,0,0]"
img4021.jpg,"[1,0,0,0,1,0,0,0]",1.0,1.0,1.0,0.0,"[0,1,1,0,0,0]"
img4591.jpg,"[1,0,0,0,0,0,0,0]",2.0,1.0,2.0,0.0,"[0,1,1,0,0,0]"
img4599.jpg,"[0,0,0,0,1,1,0,0]",0.0,1.0,1.0,0.0,"[0,1,1,1,0,0]"
img4603.jpg,"[1,1,0,0,0,0,0,0]",2.0,1.0,0.0,0.0,"[0,1,1,0,0,0]"
img4735.jpg,"[0,0,0,1,0,0,0,0]",0.0,2.0,0.0,0.0,"[0,1,1,0,0,0]"
img4825.jpg,"[1,0,0,0,0,0,0,0]",0.0,0.0,0.0,0.0,"[0,1,1,1,0,0]"
img4830.jpg,"[1,0,0,0,0,1,0,0]",2.0,1.0,1.0,0.0,"[0,1,1,1,0,0]"
img4834.jpg,"[0,0,0,0,0,1,0,0]",0.0,0.0,1.0,0.0,"[0,1,1,1,1,1]"
img4901.jpg,"[1,0,0,0,0,0,0,0]",2.0,0.0,0.0,0.0,"[0,1,1,1,0,0]"
img4976.jpg,"[0,0,0,0,1,0,0,0]",0.0,0.0,0.0,0.0,"[0,1,1,1,1,0]"
img4983.jpg,"[0,0,0,0,0,0,0,0]",0.0,0.0,0.0,0.0,"[0,1,1,1,0,0]"
img638.jpg,"[1,1,1,0,0,1,0,0]",2.0,1.0,1.0,0.0,"[0,1,1,1,1,1]"
img639.jpg,"[1,1,0,0,0,1,0,0]",2.0,1.0,1.0,0.0,"[0,1,1,1,0,0]"
img65.jpg,"[1,0,0,1,1,0,0,0]",1.0,1.0,1.0,0.0,"[0,1,0,0,0,0]"
img770.jpg,"[0,0,0,0,0,0,0,0]",0.0,0.0,0.0,0.0,"[0,1,1,1,1,0]"
img898.jpg,"[0,0,1,0,0,0,0,0]",0.0,0.0,0.0,0.0,"[0,1,1,1,1,1]"
img999.jpg,"[0,0,0,0,1,0,0,0]",0.0,0.0,0.0,0.0,"[0,1,1,1,1,1]"
img1053.jpg,"[1,1,0,0,0,0,0,0]",2.0,0.0,0.0,0.0,"[0,1,1,1,0,0]"
img1350.jpg,"[0,0,0,0,1,0,0,0]",0.0,0.0,0.0,0.0,"[0,1,1,1,1,0]"
img1397.jpg,"[1,0,1,0,0,1,0,0]",2.0,1.0,1.0,0.0,"[0,1,0,0,0,0]"
img1404.jpg,"[1,0,0,1,1,0,0,0]",2.0,1.0,0.0,0.0,"[0,1,1,0,0,0]"
img1426.jpg,"[0,0,0,1,1,0,0,0]",0.0,1.0,0.0,0.0,"[0,1,1,0,0,0]"
img1449.jpg,"[0,0,0,1,1,0,0,0]",0.0,1.0,0.0,0.0,"[0,1,1,0,0,0]"
img1656.jpg,"[1,1,0,1,0,0,0,0]",1.0,1.0,0.0,0.0,"[0,1,1,1,0,0]"
img1721.jpg,"[0,0,0,0,1,0,0,0]",0.0,0.0,0.0,0.0,"[0,1,1,1,1,0]"
img1783.jpg,"[0,0,0,0,0,0,0,0]",0.0,1.0,1.0,0.0,"[0,1,1,1,1,1]"
img1952.jpg,"[1,1,0,0,0,0,0,0]",1.0,0.0,1.0,0.0,"[0,1,1,1,0,0]"
img2043.jpg,"[1,0,1,0,0,0,0,0]",2.0,2.0,1.0,0.0,"[0,1,0,0,0,0]"
img208.jpg,"[0,0,0,0,1,0,0,0]",0.0,1.0,0.0,0.0,"[0,1,1,0,0,0]"
img2130.jpg,"[1,0,1,1,0,0,0,0]",2.0,2.0,2.0,0.0,"[0,1,0,0,0,0]"
img2216.jpg,"[0,0,0,0,0,1,0,0]",0.0,2.0,0.0,0.0,"[0,1,1,0,0,0]"
img2235.jpg,"[1,0,0,0,0,0,0,0]",1.0,0.0,0.0,1.0,"[1,0,0,0,0,0]"
img231.jpg,"[1,1,1,1,0,0,0,0]",1.0,1.0,0.0,0.0,"[0,1,1,1,0,0]"
img2381.jpg,"[0,0,0,1,1,0,0,0]",0.0,0.0,2.0,0.0,"[0,1,1,0,0,0]"
img2510.jpg,"[1,0,0,0,1,0,0,0]",2.0,1.0,0.0,0.0,"[0,1,0,0,0,0]"
img2673.jpg,"[1,0,0,0,1,0,0,0]",2.0,1.0,0.0,0.0,"[0,1,1,1,0,0]"
img2773.jpg,"[0,0,0,0,0,0,0,0]",0.0,0.0,0.0,0.0,"[0,1,1,1,1,1]"
img2820.jpg,"[1,0,0,0,1,0,0,0]",2.0,1.0,0.0,0.0,"[0,1,1,1,0,0]"
img2991.jpg,"[0,0,0,0,0,0,0,0]",0.0,0.0,0.0,0.0,"[0,1,1,1,0,0]"
img3030.jpg,"[1,1,1,0,0,0,0,0]",2.0,1.0,2.0,0.0,"[0,1,1,1,0,0]"
img3147.jpg,"[1,0,1,0,1,1,0,0]",2.0,1.0,0.0,0.0,"[0,1,1,1,0,0]"
img3237.jpg,"[1,0,1,0,0,0,0,0]",1.0,0.0,0.0,0.0,"[0,1,1,1,1,1]"
img3304.jpg,"[1,0,1,0,0,0,0,0]",2.0,0.0,0.0,0.0,"[0,1,1,1,0,0]"
img3362.jpg,"[0,0,1,0,0,0,0,0]",0.0,0.0,0.0,0.0,"[0,1,1,1,1,1]"
img3451.jpg,"[1,0,0,0,0,0,0,0]",2.0,0.0,0.0,0.0,"[0,1,1,1,0,0]"
img3522.jpg,"[1,0,0,0,0,0,0,0]",2.0,0.0,0.0,0.0,"[0,1,1,1,0,0]"
img3578.jpg,"[1,1,1,0,0,0,0,0]",2.0,0.0,0.0,0.0,"[0,1,1,1,0,0]"
img3691.jpg,"[1,1,0,0,0,0,0,0]",2.0,0.0,0.0,0.0,"[0,1,1,1,1,0]"
img3697.jpg,"[1,0,0,0,0,0,0,0]",2.0,0.0,0.0,0.0,"[0,1,1,0,0,0]"
img3884.jpg,"[0,0,1,0,0,0,0,0]",0.0,0.0,0.0,0.0,"[0,1,1,1,0,0]"
img3923.jpg,"[1,0,0,0,1,0,0,0]",2.0,1.0,0.0,0.0,"[0,1,1,1,0,0]"
img3963.jpg,"[1,1,1,0,0,1,0,0]",2.0,1.0,0.0,0.0,"[0,1,1,0,0,0]"
img4000.jpg,"[1,1,0,0,0,1,0,0]",1.0,1.0,0.0,0.0,"[0,1,1,0,0,0]"
img4008.jpg,"[1,0,0,1,0,1,0,0]",2.0,1.0,0.0,0.0,"[0,1,1,0,0,0]"
img4059.jpg,"[1,0,0,0,1,0,0,0]",2.0,0.0,0.0,0.0,"[0,1,1,1,0,0]"
img4302.jpg,"[0,0,1,0,0,0,0,0]",0.0,0.0,0.0,0.0,"[0,1,1,1,1,1]"
img4350.jpg,"[1,0,0,1,0,0,0,0]",1.0,1.0,0.0,0.0,"[0,1,1,0,0,0]"
img4355.jpg,"[1,0,0,1,1,0,0,0]",0.0,2.0,0.0,0.0,"[0,1,0,0,0,0]"
img4365.jpg,"[1,0,0,1,0,0,0,0]",1.0,1.0,0.0,0.0,"[0,1,1,0,0,0]"
img4428.jpg,"[1,0,1,0,0,0,0,0]",2.0,0.0,0.0,0.0,"[0,1,1,1,0,0]"
img4612.jpg,"[1,1,0,0,0,0,0,0]",2.0,0.0,0.0,0.0,"[0,1,1,1,0,0]"
img4678.jpg,"[1,0,0,0,0,0,0,0]",1.0,0.0,0.0,0.0,"[0,1,1,1,0,0]"
img661.jpg,"[1,1,0,0,0,0,0,0]",2.0,0.0,0.0,0.0,"[0,1,1,1,0,0]"
img764.jpg,"[0,0,0,0,0,0,0,0]",0.0,0.0,0.0,0.0,"[0,1,1,1,0,0]"
img877.jpg,"[0,0,1,0,0,0,0,0]",0.0,0.0,0.0,0.0,"[0,1,1,1,1,1]"
img910.jpg,"[0,0,1,0,0,0,0,0]",0.0,0.0,0.0,0.0,"[0,1,1,1,1,1]"
img998.jpg,"[1,0,1,0,1,0,0,0]",0.0,0.0,0.0,0.0,"[0,1,1,1,1,0]"
img1063.jpg,"[1,1,0,0,1,0,0,0]",2.0,1.0,0.0,0.0,"[0,1,1,1,0,0]"
img1091.jpg,"[1,0,0,1,1,0,0,0]",2.0,1.0,0.0,0.0,"[0,1,1,0,0,0]"
img117.jpg,"[0,0,0,0,1,0,0,0]",0.0,0.0,0.0,0.0,"[0,1,1,1,1,0]"
img1310.jpg,"[1,0,0,0,0,0,0,0]",0.0,0.0,0.0,0.0,"[0,1,1,1,0,0]"
img1311.jpg,"[0,0,0,0,0,0,0,0]",0.0,0.0,0.0,0.0,"[0,1,1,1,1,1]"
img1344.jpg,"[1,0,0,0,0,0,0,0]",2.0,0.0,0.0,0.0,"[0,1,1,1,1,0]"
img1383.jpg,"[1,0,0,0,0,1,0,0]",2.0,1.0,1.0,0.0,"[0,1,1,1,1,1]"
img1402.jpg,"[1,0,0,1,0,0,0,0]",0.0,1.0,0.0,0.0,"[0,1,1,0,0,0]"
img1447.jpg,"[1,0,0,1,0,0,0,0]",2.0,1.0,0.0,0.0,"[0,1,1,0,0,0]"
img1450.jpg,"[0,0,0,0,0,0,0,0]",0.0,0.0,0.0,0.0,"[0,1,1,1,1,1]"
img1622.jpg,"[1,0,1,0,0,0,0,0]",2.0,1.0,2.0,0.0,"[0,1,1,1,0,0]"
img165.jpg,"[0,0,0,0,1,0,0,0]",0.0,0.0,0.0,0.0,"[0,1,1,1,1,0]"
img1729.jpg,"[0,0,0,0,0,0,0,0]",0.0,0.0,0.0,0.0,"[0,1,1,1,1,1]"
img1751.jpg,"[0,0,1,0,0,0,0,0]",0.0,1.0,1.0,0.0,"[0,1,1,1,1,1]"
img1901.jpg,"[0,0,0,1,0,0,0,0]",0.0,2.0,0.0,0.0,"[0,1,0,0,0,0]"
img1964.jpg,"[0,0,0,0,0,1,0,0]",0.0,1.0,1.0,0.0,"[0,1,1,1,1,1]"
img2004.jpg,"[1,0,1,1,0,0,0,0]",2.0,1.0,2.0,0.0,"[0,1,1,0,0,0]"
img2118.jpg,"[1,0,1,0,0,0,0,0]",2.0,1.0,2.0,0.0,"[0,1,1,0,0,0]"
img2294.jpg,"[1,1,0,1,0,0,0,0]",2.0,1.0,0.0,0.0,"[0,1,0,0,0,0]"
img2450.jpg,"[0,0,0,0,0,0,0,0]",0.0,0.0,0.0,0.0,"[0,1,1,1,1,1]"
img2476.jpg,"[0,0,0,0,0,0,0,0]",0.0,0.0,0.0,0.0,"[0,1,1,1,1,0]"
img249.jpg,"[1,1,1,0,0,0,0,0]",2.0,0.0,0.0,0.0,"[0,1,1,1,0,0]"
img2523.jpg,"[1,0,0,1,0,0,0,0]",2.0,1.0,1.0,0.0,"[1,0,0,0,0,0]"
img2615.jpg,"[1,0,0,0,0,0,0,0]",2.0,0.0,0.0,0.0,"[0,1,1,1,0,0]"
img2670.jpg,"[0,0,0,0,1,0,0,0]",0.0,0.0,0.0,0.0,"[0,1,1,1,1,0]"
img2917.jpg,"[1,0,0,0,1,0,0,0]",2.0,1.0,0.0,0.0,"[0,1,1,0,0,0]"
img3102.jpg,"[1,1,0,0,0,1,0,0]",2.0,1.0,1.0,0.0,"[0,1,1,1,0,0]"
img3111.jpg,"[1,0,0,0,0,1,0,0]",2.0,1.0,1.0,0.0,"[0,1,1,1,0,0]"
img3115.jpg,"[1,1,0,0,0,1,0,0]",2.0,1.0,0.0,0.0,"[0,1,1,1,0,0]"
img3144.jpg,"[1,0,0,0,0,1,0,0]",2.0,1.0,0.0,0.0,"[0,1,1,1,0,0]"
img3462.jpg,"[0,0,1,0,0,0,0,0]",0.0,0.0,0.0,0.0,"[0,1,1,1,1,1]"
img3524.jpg,"[0,0,0,0,1,0,0,0]",0.0,1.0,0.0,0.0,"[0,1,1,1,1,0]"
img3576.jpg,"[1,0,1,0,0,0,0,0]",2.0,0.0,0.0,0.0,"[0,1,1,1,0,0]"
img3592.jpg,"[1,1,1,0,0,0,0,0]",2.0,0.0,0.0,0.0,"[0,1,1,1,0,0]"
img3605.jpg,"[1,0,1,0,0,0,0,0]",2.0,0.0,0.0,0.0,"[0,1,1,0,0,0]"
img4006.jpg,"[1,1,0,0,0,1,0,0]",2.0,1.0,1.0,0.0,"[0,1,1,0,0,0]"
img4057.jpg,"[1,0,1,0,1,0,0,0]",1.0,0.0,0.0,0.0,"[0,1,1,1,0,0]"
img4077.jpg,"[1,0,0,0,1,0,0,0]",2.0,0.0,0.0,0.0,"[0,1,1,1,0,0]"
img4122.jpg,"[0,0,0,1,1,0,0,0]",0.0,1.0,1.0,0.0,"[0,1,1,0,0,0]"
img4467.jpg,"[0,0,0,0,0,0,0,0]",0.0,0.0,0.0,0.0,"[0,1,1,1,1,1]"
img4516.jpg,"[1,0,0,0,1,0,0,0]",2.0,0.0,0.0,0.0,"[0,1,1,1,0,0]"
img4572.jpg,"[1,1,0,0,0,0,0,0]",2.0,0.0,0.0,0.0,"[0,1,1,0,0,0]"
img4581.jpg,"[1,0,0,0,0,0,0,0]",2.0,0.0,0.0,0.0,"[0,1,1,1,0,0]"
img4598.jpg,"[1,0,0,0,0,0,0,0]",2.0,0.0,0.0,0.0,"[0,1,1,1,0,0]"
img4749.jpg,"[0,0,0,1,0,0,0,0]",0.0,2.0,0.0,0.0,"[0,1,0,0,0,0]"
img4771.jpg,"[0,0,0,0,1,0,0,0]",0.0,1.0,0.0,0.0,"[0,1,1,1,0,0]"
img4801.jpg,"[0,0,0,0,1,0,0,0]",0.0,1.0,0.0,0.0,"[0,1,1,0,0,0]"
img534.jpg,"[0,0,0,0,0,0,0,0]",0.0,0.0,0.0,0.0,"[0,1,1,1,1,1]"
img630.jpg,"[1,1,1,1,0,0,0,0]",2.0,2.0,2.0,0.0,"[0,1,1,1,0,0]"
img961.jpg,"[0,0,1,0,1,0,0,0]",0.0,0.0,0.0,0.0,"[0,1,1,1,1,0]"
img1.jpg,"[1,0,1,0,1,0,0,0]",2.0,1.0,1.0,0.0,"[0,1,1,0,0,0]"
img101.jpg,"[1,0,0,0,0,0,0,0]",2.0,2.0,0.0,0.0,"[1,0,0,0,0,0]"
img1153.jpg,"[1,1,0,0,0,0,0,0]",1.0,0.0,0.0,0.0,"[0,1,1,0,0,0]"
img1254.jpg,"[1,0,1,0,0,0,0,0]",1.0,2.0,2.0,0.0,"[1,0,0,0,0,0]"
img1345.jpg,"[0,0,0,0,0,0,0,0]",0.0,0.0,0.0,0.0,"[0,1,1,1,1,1]"
img1409.jpg,"[0,0,1,1,1,0,0,0]",0.0,1.0,0.0,0.0,"[0,1,1,0,0,0]"
img1487.jpg,"[1,0,0,0,0,0,0,0]",2.0,0.0,0.0,0.0,"[0,1,0,0,0,0]"
img1672.jpg,"[1,1,0,1,0,0,0,0]",1.0,1.0,0.0,0.0,"[0,1,1,0,0,0]"
img1756.jpg,"[0,0,0,0,1,0,0,0]",0.0,0.0,0.0,0.0,"[0,1,1,1,1,0]"
img1883.jpg,"[1,0,0,0,1,0,0,0]",2.0,0.0,0.0,0.0,"[0,1,1,1,0,0]"
img2055.jpg,"[0,0,0,1,0,0,0,0]",0.0,0.0,0.0,0.0,"[0,1,0,0,0,0]"
img2125.jpg,"[1,0,1,1,0,0,0,0]",1.0,2.0,2.0,0.0,"[0,1,0,0,0,0]"
img2301.jpg,"[1,0,0,1,0,0,0,0]",0.0,2.0,1.0,0.0,"[1,1,0,0,0,0]"
img2359.jpg,"[1,0,0,0,0,0,0,0]",2.0,0.0,0.0,1.0,"[0,1,1,0,0,0]"
img2416.jpg,"[0,0,0,1,0,0,0,0]",0.0,2.0,2.0,0.0,"[1,0,0,0,0,0]"
img2508.jpg,"[1,0,0,1,0,0,0,0]",2.0,1.0,0.0,0.0,"[1,0,0,0,0,0]"
img253.jpg,"[1,1,1,0,0,0,0,0]",2.0,0.0,0.0,0.0,"[0,1,1,1,0,0]"
img2570.jpg,"[1,0,0,0,0,0,0,0]",1.0,0.0,0.0,0.0,"[0,1,1,1,0,0]"
img2626.jpg,"[0,0,0,0,1,0,0,0]",0.0,0.0,0.0,0.0,"[0,1,1,1,1,0]"
img3043.jpg,"[1,1,1,0,0,0,0,0]",2.0,1.0,2.0,0.0,"[0,1,1,0,0,0]"
img3118.jpg,"[1,0,0,0,0,1,0,0]",2.0,1.0,1.0,0.0,"[0,1,1,1,0,0]"
img3126.jpg,"[1,1,0,0,0,1,0,0]",2.0,1.0,1.0,0.0,"[0,1,1,0,0,0]"
img3185.jpg,"[1,0,0,0,1,0,0,0]",1.0,0.0,0.0,0.0,"[0,1,1,1,0,0]"
img3267.jpg,"[1,0,1,0,0,0,0,0]",2.0,0.0,0.0,1.0,"[0,1,1,1,0,0]"
img3395.jpg,"[0,0,1,0,0,0,0,0]",0.0,0.0,0.0,0.0,"[0,1,1,1,1,0]"
img3523.jpg,"[1,1,0,0,0,0,0,0]",2.0,0.0,0.0,0.0,"[0,1,1,1,0,0]"
img3572.jpg,"[1,0,1,0,0,0,0,0]",2.0,0.0,0.0,0.0,"[0,1,1,1,0,0]"
img37.jpg,"[1,1,0,0,0,0,0,0]",1.0,1.0,0.0,0.0,"[0,1,0,0,0,0]"
img382.jpg,"[0,0,1,0,0,0,0,0]",0.0,0.0,0.0,0.0,"[0,1,1,0,0,0]"
img4004.jpg,"[1,0,0,0,0,1,0,0]",2.0,1.0,1.0,0.0,"[0,1,1,0,0,0]"
img4010.jpg,"[0,0,1,0,0,1,0,0]",0.0,1.0,1.0,0.0,"[0,1,1,1,0,0]"
img4023.jpg,"[1,0,0,1,1,0,0,0]",2.0,1.0,1.0,0.0,"[1,0,0,0,0,0]"
img4043.jpg,"[0,0,1,0,0,0,1,0]",0.0,1.0,0.0,0.0,"[0,1,1,1,0,0]"
img4249.jpg,"[1,0,0,0,0,0,0,0]",0.0,0.0,0.0,0.0,"[0,1,1,1,0,0]"
img4324.jpg,"[0,0,1,0,0,0,0,0]",0.0,0.0,0.0,0.0,"[0,1,1,1,1,0]"
img4784.jpg,"[1,0,0,1,0,0,0,0]",0.0,2.0,2.0,0.0,"[0,1,0,0,0,0]"
img4962.jpg,"[1,0,0,0,0,0,0,0]",2.0,0.0,0.0,0.0,"[0,1,1,1,0,0]"
img4978.jpg,"[0,0,0,0,1,0,0,0]",0.0,0.0,0.0,0.0,"[0,1,1,1,1,0]"
img567.jpg,"[1,0,0,0,0,0,0,0]",1.0,0.0,0.0,0.0,"[0,1,1,1,0,0]"
img615.jpg,"[1,0,0,0,0,0,0,0]",2.0,0.0,0.0,0.0,"[0,1,1,1,0,0]"
img629.jpg,"[1,1,0,0,0,1,0,0]",2.0,1.0,0.0,0.0,"[0,1,1,1,1,0]"
img66.jpg,"[1,1,0,0,0,0,0,0]",2.0,0.0,0.0,0.0,"[0,1,1,1,0,0]"
img674.jpg,"[1,0,0,1,0,0,1,0]",1.0,2.0,0.0,0.0,"[0,1,1,0,0,0]"
img732.jpg,"[0,0,1,0,0,0,0,0]",0.0,0.0,0.0,0.0,"[0,1,1,1,0,0]"
img742.jpg,"[0,0,1,0,0,0,0,0]",0.0,0.0,0.0,0.0,"[0,1,1,1,0,0]"
img749.jpg,"[0,0,0,0,0,0,0,0]",0.0,0.0,1.0,0.0,"[0,1,1,1,0,0]"
img812.jpg,"[0,0,0,0,1,0,0,0]",0.0,1.0,0.0,0.0,"[0,1,1,1,0,0]"
img841.jpg,"[0,0,0,0,1,0,0,0]",0.0,1.0,0.0,0.0,"[0,1,1,1,0,0]"
img862.jpg,"[1,0,1,0,1,0,0,0]",0.0,1.0,1.0,0.0,"[0,1,1,1,0,0]"
img872.jpg,"[0,0,0,0,1,0,0,0]",0.0,1.0,1.0,0.0,"[0,1,1,1,0,0]"
img1249.jpg,"[1,0,1,0,0,0,0,0]",2.0,0.0,1.0,0.0,"[0,1,1,0,0,0]"
img1264.jpg,"[1,0,0,0,0,1,0,0]",2.0,2.0,2.0,0.0,"[0,1,1,0,0,0]"
img1326.jpg,"[1,1,0,0,0,0,0,0]",2.0,0.0,0.0,0.0,"[0,1,1,1,0,0]"
img1351.jpg,"[1,0,0,0,1,0,0,0]",2.0,0.0,0.0,0.0,"[0,1,1,1,0,0]"
img1433.jpg,"[1,0,0,1,0,0,0,0]",2.0,1.0,0.0,,"[0,1,1,1,0,0]"
img1501.jpg,"[0,0,1,0,0,0,0,0]",0.0,0.0,2.0,0.0,"[0,1,1,1,1,1]"
img1569.jpg,"[0,0,1,0,0,0,0,0]",0.0,0.0,0.0,0.0,"[0,1,1,1,0,0]"
img1574.jpg,"[1,0,1,0,0,0,0,0]",2.0,0.0,0.0,0.0,"[0,1,1,1,0,0]"
img1677.jpg,"[1,1,0,1,0,0,0,0]",2.0,1.0,0.0,0.0,"[0,1,1,0,0,0]"
img1707.jpg,"[1,1,0,1,0,0,0,0]",1.0,1.0,0.0,0.0,"[0,1,1,0,0,0]"
img1716.jpg,"[0,0,1,0,1,0,0,0]",0.0,0.0,0.0,0.0,"[0,1,1,1,1,0]"
img1826.jpg,"[0,0,1,0,0,0,0,0]",0.0,0.0,0.0,0.0,"[0,1,1,1,0,0]"
img1902.jpg,"[0,0,0,1,0,0,0,0]",0.0,2.0,0.0,0.0,"[0,1,0,0,0,0]"
img1961.jpg,"[1,1,0,0,0,1,0,0]",1.0,1.0,1.0,0.0,"[0,1,1,1,0,0]"
img1993.jpg,"[0,0,0,0,0,1,0,0]",0.0,1.0,0.0,0.0,"[0,1,1,0,0,0]"
img2071.jpg,"[1,0,0,1,0,0,0,0]",2.0,1.0,0.0,0.0,"[1,0,0,0,0,0]"
img2165.jpg,"[1,0,0,0,1,0,0,0]",2.0,0.0,0.0,0.0,"[0,1,1,1,0,0]"
img2221.jpg,"[0,0,0,0,0,1,0,0]",0.0,1.0,1.0,0.0,"[0,1,1,0,0,0]"
img2250.jpg,"[1,0,0,0,0,0,0,0]",0.0,0.0,2.0,0.0,"[0,1,0,0,0,0]"
img2320.jpg,"[1,0,0,0,1,0,0,0]",2.0,1.0,1.0,0.0,"[0,1,1,0,0,0]"
img2343.jpg,"[1,0,0,0,1,0,0,0]",1.0,0.0,0.0,0.0,"[0,1,1,1,0,0]"
img2526.jpg,"[1,0,1,1,0,0,0,0]",2.0,1.0,1.0,0.0,"[1,0,0,0,0,0]"
img2568.jpg,"[1,0,0,0,0,0,0,0]",2.0,0.0,0.0,0.0,"[0,1,1,1,0,0]"
img2598.jpg,"[1,0,0,0,0,0,0,0]",2.0,0.0,0.0,0.0,"[0,1,1,1,0,0]"
img2832.jpg,"[1,0,0,0,1,0,0,0]",2.0,0.0,0.0,0.0,"[0,1,1,1,0,0]"
img2844.jpg,"[1,0,0,0,1,0,0,0]",2.0,0.0,0.0,0.0,"[0,1,1,0,0,0]"
img322.jpg,"[0,0,0,0,0,0,0,0]",0.0,0.0,0.0,0.0,"[0,1,1,1,1,0]"
img3262.jpg,"[0,0,1,0,0,0,0,0]",0.0,0.0,0.0,0.0,"[0,1,1,1,1,1]"
img3389.jpg,"[0,0,0,0,0,0,0,0]",0.0,0.0,0.0,0.0,"[0,1,1,1,1,1]"
img3521.jpg,"[0,0,0,0,0,0,0,0]",0.0,0.0,0.0,0.0,"[0,1,1,1,1,1]"
img3655.jpg,"[1,1,1,0,0,0,0,0]",2.0,0.0,0.0,0.0,"[0,1,1,1,0,0]"
img3831.jpg,"[0,0,1,0,0,0,0,0]",0.0,0.0,0.0,0.0,"[0,1,1,1,1,1]"
img3838.jpg,"[1,0,0,0,1,0,0,0]",2.0,0.0,0.0,0.0,"[0,1,1,1,0,0]"
img3881.jpg,"[0,0,0,0,1,0,0,0]",0.0,0.0,0.0,0.0,"[0,1,1,1,1,1]"
img3882.jpg,"[0,0,1,0,1,0,0,0]",0.0,0.0,0.0,0.0,"[0,1,1,1,1,1]"
img4011.jpg,"[1,0,0,0,0,1,0,0]",1.0,1.0,1.0,0.0,"[0,1,1,0,0,0]"
img4018.jpg,"[1,0,0,0,1,0,0,0]",0.0,1.0,1.0,1.0,"[0,1,1,0,0,0]"
img4078.jpg,"[1,0,0,0,0,0,0,0]",2.0,0.0,0.0,0.0,"[0,1,0,0,0,0]"
img4113.jpg,"[1,0,0,0,1,0,0,0]",0.0,1.0,1.0,0.0,"[0,1,0,0,0,0]"
img4236.jpg,"[1,0,1,0,0,0,0,0]",2.0,0.0,0.0,0.0,"[0,1,1,1,0,0]"
img4301.jpg,"[0,0,0,0,0,0,0,0]",0.0,0.0,0.0,0.0,"[0,1,1,1,1,0]"
img4368.jpg,"[1,0,0,1,1,0,0,0]",1.0,1.0,0.0,0.0,"[0,1,1,1,0,0]"
img4376.jpg,"[1,0,1,1,1,0,0,0]",1.0,1.0,0.0,0.0,"[0,1,1,1,0,0]"
img4712.jpg,"[1,0,0,0,0,0,0,0]",2.0,0.0,0.0,0.0,"[0,1,1,1,0,0]"
img533.jpg,"[1,0,0,0,0,0,0,0]",2.0,0.0,0.0,0.0,"[0,1,1,1,0,0]"
img625.jpg,"[1,1,0,0,0,1,0,0]",2.0,1.0,1.0,0.0,"[0,1,1,1,0,0]"
img776.jpg,"[0,0,1,0,0,0,0,0]",0.0,0.0,1.0,0.0,"[0,1,1,0,0,0]"
img929.jpg,"[0,0,0,0,1,0,0,0]",0.0,1.0,0.0,0.0,"[0,1,1,1,0,0]"
img933.jpg,"[1,0,0,0,1,0,0,0]",2.0,1.0,1.0,0.0,"[0,1,1,1,0,0]"
img936.jpg,"[1,0,0,0,1,0,1,0]",0.0,2.0,2.0,0.0,"[1,0,0,0,0,0]"
img1128.jpg,"[0,0,0,0,1,0,0,0]",0.0,0.0,0.0,0.0,"[0,1,1,1,0,0]"
img1292.jpg,"[1,0,0,0,0,1,0,0]",2.0,2.0,1.0,0.0,"[0,1,0,0,0,0]"
img1320.jpg,"[0,0,0,0,0,1,0,0]",0.0,1.0,1.0,0.0,"[0,1,1,0,0,0]"
img1425.jpg,"[0,0,0,1,1,0,0,0]",0.0,1.0,0.0,0.0,"[0,1,1,0,0,0]"
img1495.jpg,"[1,1,1,0,0,0,0,0]",2.0,0.0,0.0,0.0,"[0,1,1,1,0,0]"
img1619.jpg,"[1,0,0,0,0,0,0,0]",2.0,1.0,2.0,0.0,"[0,1,1,0,0,0]"
img1632.jpg,"[1,0,0,0,0,0,0,0]",2.0,1.0,2.0,0.0,"[0,1,1,0,0,0]"
img18.jpg,"[0,0,1,0,1,0,0,0]",0.0,1.0,1.0,0.0,"[0,1,1,1,0,0]"
img1860.jpg,"[0,0,0,0,0,0,0,0]",0.0,0.0,0.0,0.0,"[0,1,1,1,1,1]"
img1878.jpg,"[0,0,1,0,0,0,0,0]",0.0,0.0,0.0,0.0,"[0,1,1,1,1,1]"
img2110.jpg,"[0,0,1,0,0,0,0,0]",0.0,1.0,2.0,0.0,"[0,1,0,0,0,0]"
img2243.jpg,"[0,0,0,0,0,1,0,0]",0.0,1.0,1.0,0.0,"[0,1,1,1,1,1]"
img2306.jpg,"[1,0,0,1,0,0,0,0]",1.0,2.0,1.0,0.0,"[1,0,0,0,0,0]"
img2319.jpg,"[1,0,0,1,0,0,0,0]",0.0,2.0,1.0,0.0,"[1,0,0,0,0,0]"
img2380.jpg,"[0,0,1,0,0,0,0,0]",0.0,1.0,2.0,0.0,"[0,1,1,0,0,0]"
img2504.jpg,"[1,0,0,0,0,0,0,0]",1.0,0.0,0.0,1.0,"[0,1,0,0,0,0]"
img2654.jpg,"[1,0,0,0,0,0,0,0]",2.0,0.0,0.0,0.0,"[0,1,1,0,0,0]"
img2681.jpg,"[1,0,0,0,0,0,0,0]",1.0,0.0,0.0,0.0,"[0,1,1,0,0,0]"
img2743.jpg,"[0,0,0,0,0,0,0,0]",0.0,0.0,0.0,0.0,"[0,1,1,1,1,1]"
img2794.jpg,"[0,0,1,0,0,0,0,0]",0.0,0.0,0.0,0.0,"[0,1,1,1,1,0]"
img289.jpg,"[1,0,0,0,0,0,0,0]",2.0,0.0,0.0,0.0,"[0,1,1,1,0,0]"
img2902.jpg,"[1,0,1,0,1,0,0,0]",0.0,0.0,0.0,0.0,"[0,1,1,1,0,0]"
img3127.jpg,"[1,1,0,0,0,1,0,0]",2.0,1.0,0.0,0.0,"[0,1,1,1,0,0]"
img354.jpg,"[0,0,0,0,0,0,0,0]",0.0,0.0,0.0,0.0,"[0,1,1,1,1,0]"
img3548.jpg,"[0,0,0,0,0,0,0,0]",0.0,0.0,0.0,0.0,"[0,1,1,0,0,0]"
img3583.jpg,"[1,0,1,0,0,0,0,0]",2.0,0.0,0.0,1.0,"[0,1,1,1,0,0]"
img3593.jpg,"[1,0,1,0,0,0,0,0]",2.0,0.0,1.0,0.0,"[0,1,1,0,0,0]"
img3594.jpg,"[1,0,1,0,0,0,0,0]",2.0,0.0,1.0,0.0,"[0,1,1,0,0,0]"
img3670.jpg,"[0,0,0,0,0,0,0,0]",0.0,0.0,0.0,0.0,"[0,1,1,1,1,0]"
img3687.jpg,"[1,1,1,0,0,0,0,0]",1.0,0.0,0.0,0.0,"[0,1,1,1,0,0]"
img3756.jpg,"[1,0,0,0,0,0,1,0]",1.0,1.0,0.0,0.0,"[0,1,1,0,0,0]"
img3785.jpg,"[1,0,0,0,0,1,0,0]",1.0,1.0,1.0,0.0,"[0,1,1,1,0,0]"
img3826.jpg,"[1,0,1,0,0,0,0,0]",2.0,0.0,0.0,0.0,"[0,1,1,1,0,0]"
img3865.jpg,"[0,0,0,0,1,0,0,0]",0.0,0.0,0.0,0.0,"[0,1,1,1,1,0]"
img4111.jpg,"[1,0,0,1,1,0,0,0]",2.0,1.0,1.0,0.0,"[0,1,1,0,0,0]"
img4140.jpg,"[0,0,1,0,0,0,0,0]",0.0,0.0,0.0,0.0,"[0,1,1,1,1,0]"
img4238.jpg,"[0,0,0,0,1,0,0,0]",0.0,0.0,0.0,0.0,"[0,1,1,1,1,0]"
img4496.jpg,"[0,0,0,0,0,0,0,0]",0.0,0.0,0.0,0.0,"[0,1,1,1,1,1]"
img4557.jpg,"[1,1,1,0,0,0,0,0]",2.0,0.0,0.0,0.0,"[0,1,1,1,0,0]"
img4638.jpg,"[1,0,0,0,0,0,0,0]",2.0,0.0,0.0,0.0,"[0,1,1,1,0,0]"
img4931.jpg,"[0,0,0,0,1,0,0,0]",0.0,0.0,0.0,0.0,"[0,1,1,1,0,0]"
img4997.jpg,"[1,0,0,0,1,0,0,0]",1.0,0.0,0.0,0.0,"[0,1,1,1,0,0]"
img55.jpg,"[0,0,0,0,0,0,1,0]",0.0,2.0,2.0,0.0,"[0,1,1,1,1,1]"
img551.jpg,"[1,0,0,0,0,0,0,0]",1.0,0.0,0.0,0.0,"[0,1,1,1,0,0]"
img559.jpg,"[0,0,0,0,0,0,0,0]",0.0,0.0,0.0,0.0,"[0,1,1,1,1,1]"
img601.jpg,"[1,0,1,0,0,0,0,0]",1.0,0.0,0.0,0.0,"[0,1,1,1,0,0]"
img609.jpg,"[1,0,1,0,0,0,0,0]",2.0,0.0,0.0,0.0,"[0,1,1,1,0,0]"
img757.jpg,"[0,0,0,0,1,0,0,0]",0.0,0.0,0.0,0.0,"[0,1,1,1,1,0]"
img858.jpg,"[1,1,0,0,1,0,0,0]",2.0,1.0,1.0,0.0,"[0,1,1,0,0,0]"
img86.jpg,"[1,0,0,1,0,0,0,0]",2.0,2.0,0.0,0.0,"[1,0,0,0,0,0]"
img1030.jpg,"[1,1,0,0,0,0,0,0]",2.0,0.0,0.0,0.0,"[0,1,1,1,0,0]"
img1291.jpg,"[0,0,0,0,0,1,0,0]",0.0,2.0,1.0,0.0,"[0,1,0,0,0,0]"
img1393.jpg,"[1,1,1,0,0,1,0,0]",2.0,1.0,1.0,0.0,"[0,1,1,0,0,0]"
img1399.jpg,"[1,1,0,0,0,1,0,0]",2.0,1.0,1.0,0.0,"[0,1,1,0,0,0]"
img1620.jpg,"[1,1,1,0,0,0,0,0]",2.0,1.0,2.0,0.0,"[0,1,1,1,0,0]"
img1628.jpg,"[1,0,0,0,0,1,0,0]",2.0,1.0,2.0,0.0,"[0,1,1,1,0,0]"
img1658.jpg,"[1,1,0,1,0,0,0,0]",1.0,1.0,0.0,0.0,"[0,1,1,0,0,0]"
img1777.jpg,"[0,0,0,0,0,0,0,0]",0.0,0.0,0.0,0.0,"[0,1,1,1,1,1]"
img1868.jpg,"[1,0,1,0,1,0,0,0]",2.0,0.0,0.0,0.0,"[0,1,1,1,0,0]"
img1953.jpg,"[1,0,0,0,0,1,0,0]",1.0,1.0,1.0,0.0,"[0,1,1,1,0,0]"
img2035.jpg,"[1,0,0,1,0,0,0,0]",0.0,1.0,2.0,0.0,"[0,1,0,0,0,0]"
img2054.jpg,"[1,0,0,1,1,0,0,0]",2.0,2.0,1.0,0.0,"[1,0,0,0,0,0]"
img2207.jpg,"[0,0,0,0,0,1,0,0]",0.0,1.0,1.0,0.0,"[0,1,1,0,0,0]"
img2418.jpg,"[0,0,0,1,0,0,0,0]",0.0,2.0,2.0,0.0,"[0,1,0,0,0,0]"
img2580.jpg,"[0,0,0,0,0,0,0,0]",0.0,0.0,0.0,0.0,"[0,1,1,1,1,1]"
img2642.jpg,"[0,0,1,0,0,0,0,0]",0.0,0.0,0.0,0.0,"[0,1,1,1,0,0]"
img2675.jpg,"[1,0,0,0,0,0,0,0]",2.0,0.0,0.0,0.0,"[0,1,1,1,0,0]"
img27.jpg,"[0,0,0,0,1,0,1,0]",0.0,2.0,2.0,0.0,"[0,1,0,0,0,0]"
img2704.jpg,"[0,0,0,0,0,0,0,0]",0.0,0.0,0.0,0.0,"[0,1,1,1,1,1]"
img2853.jpg,"[1,0,0,0,0,0,0,0]",2.0,0.0,0.0,1.0,"[0,1,1,0,0,0]"
img2882.jpg,"[0,0,1,0,0,0,0,0]",0.0,0.0,0.0,0.0,"[0,1,1,0,0,0]"
img312.jpg,"[0,0,0,0,0,0,1,0]",1.0,2.0,1.0,0.0,"[0,1,0,0,0,0]"
img3303.jpg,"[1,0,1,0,0,0,0,0]",2.0,0.0,0.0,0.0,"[0,1,1,1,0,0]"
img3400.jpg,"[0,0,1,0,0,0,0,0]",0.0,0.0,0.0,0.0,"[0,1,1,1,0,0]"
img3424.jpg,"[0,0,1,0,0,0,0,0]",0.0,0.0,0.0,0.0,"[0,1,1,1,0,0]"
img3452.jpg,"[0,0,1,0,0,0,0,0]",0.0,0.0,0.0,0.0,"[0,1,1,1,1,1]"
img3633.jpg,"[0,0,0,0,0,0,0,0]",0.0,0.0,1.0,0.0,"[0,1,1,1,0,0]"
img3729.jpg,"[1,0,0,0,0,0,0,0]",2.0,0.0,0.0,0.0,"[0,1,1,1,0,0]"
img3821.jpg,"[0,0,0,0,1,0,0,0]",0.0,0.0,0.0,0.0,"[0,1,1,1,0,0]"
img4030.jpg,"[1,1,1,0,1,0,0,0]",2.0,1.0,1.0,0.0,"[0,1,1,0,0,0]"
img4045.jpg,"[0,0,1,0,0,0,1,0]",0.0,2.0,1.0,0.0,"[0,1,0,0,0,0]"
img4115.jpg,"[1,0,0,0,1,1,0,0]",2.0,1.0,0.0,0.0,"[0,1,1,1,0,0]"
img4155.jpg,"[1,1,0,0,0,0,0,0]",1.0,0.0,0.0,0.0,"[0,1,1,1,0,0]"
img4188.jpg,"[1,0,0,0,0,0,0,0]",1.0,1.0,1.0,0.0,"[0,1,1,0,0,0]"
img421.jpg,"[0,0,0,0,0,0,0,0]",0.0,0.0,0.0,0.0,"[0,1,1,1,0,0]"
img4299.jpg,"[0,0,1,0,0,0,0,0]",0.0,0.0,0.0,0.0,"[0,1,1,1,1,0]"
img4370.jpg,"[1,0,1,1,0,0,0,0]",1.0,1.0,0.0,0.0,"[0,1,1,0,0,0]"
img4431.jpg,"[1,0,0,0,0,0,0,0]",1.0,0.0,0.0,1.0,"[0,1,1,0,0,0]"
img4465.jpg,"[0,0,0,0,0,0,0,0]",0.0,0.0,0.0,0.0,"[0,1,1,1,1,1]"
img4479.jpg,"[0,0,0,0,0,0,0,0]",0.0,0.0,0.0,0.0,"[0,1,1,1,1,0]"
img4644.jpg,"[1,0,0,0,0,0,0,0]",0.0,0.0,0.0,0.0,"[0,1,1,1,0,0]"
img4743.jpg,"[0,0,0,1,0,0,0,0]",0.0,2.0,0.0,0.0,"[0,1,0,0,0,0]"
img4786.jpg,"[0,0,0,1,0,0,0,0]",0.0,2.0,2.0,0.0,"[0,1,0,0,0,0]"
img53.jpg,"[1,0,1,0,0,0,0,0]",2.0,0.0,0.0,0.0,"[0,1,1,0,0,0]"
img574.jpg,"[1,0,0,0,0,0,0,0]",2.0,0.0,0.0,0.0,"[0,1,1,1,0,0]"
img604.jpg,"[1,0,1,0,0,0,0,0]",2.0,0.0,0.0,0.0,"[0,1,1,1,0,0]"
img665.jpg,"[1,0,1,0,0,0,0,0]",0.0,0.0,0.0,0.0,"[0,1,1,0,0,0]"
img698.jpg,"[1,0,1,0,0,0,0,0]",2.0,0.0,0.0,0.0,"[0,1,1,0,0,0]"
img779.jpg,"[1,0,1,0,0,0,0,0]",1.0,0.0,1.0,0.0,"[0,1,1,0,0,0]"
img798.jpg,"[0,0,0,0,0,0,0,0]",0.0,0.0,0.0,0.0,"[0,1,1,1,1,0]"
img1134.jpg,"[1,0,0,0,0,0,0,0]",1.0,0.0,0.0,0.0,"[0,1,1,1,0,0]"
img1184.jpg,"[1,0,0,0,0,0,0,0]",2.0,0.0,0.0,1.0,"[0,1,1,0,0,0]"
img1185.jpg,"[1,0,0,0,0,0,0,0]",2.0,0.0,0.0,0.0,"[0,1,1,0,0,0]"
img1211.jpg,"[1,0,0,0,0,0,0,0]",2.0,0.0,0.0,1.0,"[0,1,1,0,0,0]"
img1227.jpg,"[0,0,1,0,0,0,0,0]",0.0,0.0,1.0,0.0,"[0,1,0,0,0,0]"
img128.jpg,"[0,0,0,0,1,0,0,0]",0.0,0.0,0.0,0.0,"[0,1,1,1,1,0]"
img1309.jpg,"[1,0,1,0,0,0,0,0]",2.0,0.0,0.0,0.0,"[0,1,1,1,0,0]"
img135.jpg,"[0,0,0,0,1,0,0,0]",0.0,0.0,0.0,0.0,"[0,1,1,1,1,0]"
img143.jpg,"[0,0,0,0,1,0,0,0]",0.0,0.0,0.0,0.0,"[0,1,1,1,1,0]"
img1550.jpg,"[1,1,1,0,0,0,0,0]",2.0,0.0,0.0,0.0,"[0,1,1,1,0,0]"
img1599.jpg,"[0,0,1,0,0,0,0,0]",0.0,0.0,0.0,1.0,"[0,1,1,1,0,0]"
img1679.jpg,"[1,1,0,1,0,0,0,0]",1.0,1.0,0.0,0.0,"[0,1,1,0,0,0]"
img1768.jpg,"[0,0,0,0,1,0,0,0]",0.0,0.0,0.0,0.0,"[0,1,1,1,1,0]"
img1823.jpg,"[0,0,0,0,1,0,0,0]",0.0,0.0,0.0,0.0,"[0,1,1,1,1,0]"
img1900.jpg,"[0,0,0,1,0,0,0,0]",0.0,2.0,0.0,0.0,"[1,0,0,0,0,0]"
img1918.jpg,"[1,0,0,0,0,0,0,0]",2.0,0.0,0.0,0.0,"[0,1,1,0,0,0]"
img1937.jpg,"[1,0,1,0,0,0,0,0]",2.0,0.0,0.0,0.0,"[0,1,1,0,0,0]"
img2044.jpg,"[1,0,1,0,0,0,0,0]",1.0,1.0,2.0,0.0,"[0,1,1,0,0,0]"
img2281.jpg,"[1,0,0,1,0,0,0,0]",1.0,2.0,0.0,0.0,"[1,0,0,0,0,0]"
img2497.jpg,"[1,0,0,1,0,0,0,0]",1.0,1.0,0.0,0.0,"[0,1,0,0,0,0]"
img2624.jpg,"[1,0,0,0,0,0,0,0]",1.0,0.0,0.0,0.0,"[0,1,1,1,0,0]"
img2631.jpg,"[0,0,0,0,0,0,0,0]",0.0,0.0,0.0,0.0,"[0,1,1,1,0,0]"
img2698.jpg,"[0,0,0,0,0,0,0,0]",0.0,0.0,0.0,0.0,"[0,1,1,1,1,1]"
img2782.jpg,"[0,0,0,0,0,0,0,0]",0.0,0.0,0.0,0.0,"[0,1,1,1,1,0]"
img2924.jpg,"[1,0,0,0,1,0,0,0]",2.0,1.0,0.0,0.0,"[0,1,1,1,0,0]"
img3076.jpg,"[0,0,0,0,0,1,0,0]",0.0,1.0,1.0,0.0,"[0,1,1,0,0,0]"
img3202.jpg,"[0,0,1,0,0,0,0,0]",0.0,0.0,0.0,0.0,"[0,1,1,1,1,0]"
img3246.jpg,"[0,0,1,0,0,0,0,0]",0.0,0.0,0.0,0.0,"[0,1,1,1,1,0]"
img3273.jpg,"[1,1,0,0,0,0,0,0]",2.0,0.0,0.0,0.0,"[0,1,1,1,0,0]"
img333.jpg,"[0,0,0,0,0,0,0,0]",0.0,0.0,0.0,0.0,"[0,1,1,1,1,1]"
img3724.jpg,"[1,1,0,0,0,0,0,0]",2.0,0.0,0.0,0.0,"[0,1,1,1,0,0]"
img3809.jpg,"[1,1,1,0,0,0,0,0]",1.0,0.0,0.0,1.0,"[0,1,1,1,0,0]"
img3850.jpg,"[1,0,0,1,0,0,0,0]",2.0,1.0,1.0,0.0,"[0,1,0,0,0,0]"
img3924.jpg,"[1,0,0,0,0,0,0,0]",2.0,0.0,1.0,0.0,"[0,1,0,0,0,0]"
img3991.jpg,"[1,0,0,1,0,1,0,0]",2.0,1.0,1.0,0.0,"[0,1,0,0,0,0]"
img4181.jpg,"[1,1,0,0,0,0,0,0]",2.0,1.0,0.0,0.0,"[0,1,1,0,0,0]"
img4187.jpg,"[0,0,0,0,1,0,0,0]",0.0,1.0,0.0,0.0,"[0,1,1,0,0,0]"
img426.jpg,"[0,0,0,0,0,0,0,0]",0.0,0.0,0.0,0.0,"[0,1,1,1,1,1]"
img428.jpg,"[0,0,0,0,0,0,0,0]",0.0,0.0,0.0,0.0,"[0,1,1,1,1,1]"
img4387.jpg,"[0,0,0,0,0,0,0,0]",0.0,0.0,0.0,0.0,"[0,1,1,0,0,0]"
img4478.jpg,"[1,0,0,0,0,0,0,0]",1.0,0.0,0.0,0.0,"[0,1,1,1,0,0]"
img4545.jpg,"[0,0,0,0,0,0,0,0]",0.0,0.0,0.0,0.0,"[0,1,1,1,1,1]"
img4660.jpg,"[0,0,1,0,0,0,0,0]",0.0,0.0,0.0,0.0,"[0,1,1,1,1,1]"
img4754.jpg,"[0,0,0,1,0,0,0,0]",1.0,2.0,1.0,0.0,"[1,0,0,0,0,0]"
img4782.jpg,"[0,0,0,1,0,0,0,0]",1.0,2.0,2.0,0.0,"[0,1,0,0,0,0]"
img4899.jpg,"[0,0,0,0,0,0,0,0]",0.0,0.0,0.0,0.0,"[0,1,1,1,1,1]"
img4907.jpg,"[0,0,1,0,0,0,0,0]",0.0,0.0,0.0,0.0,"[0,1,1,1,0,0]"
img4918.jpg,"[0,0,0,0,0,0,0,0]",0.0,0.0,0.0,0.0,"[0,1,1,1,1,1]"
img553.jpg,"[0,0,0,0,0,0,0,0]",0.0,0.0,0.0,0.0,"[0,1,1,1,1,0]"
img822.jpg,"[0,0,0,0,1,0,0,0]",1.0,1.0,0.0,0.0,"[0,1,1,1,1,0]"
img1314.jpg,"[1,0,0,0,0,0,0,0]",2.0,0.0,0.0,1.0,"[0,1,1,1,0,0]"
img137.jpg,"[0,0,0,0,1,0,0,0]",0.0,0.0,1.0,0.0,"[0,1,1,1,0,0]"
img1389.jpg,"[1,1,1,0,0,1,0,0]",1.0,1.0,1.0,0.0,"[0,1,1,1,0,0]"
img142.jpg,"[0,0,0,0,1,0,0,0]",0.0,0.0,0.0,0.0,"[0,1,1,1,1,0]"
img1460.jpg,"[1,0,0,0,1,0,0,0]",2.0,0.0,0.0,0.0,"[0,1,1,1,0,0]"
img1466.jpg,"[1,1,0,0,0,0,0,0]",2.0,0.0,0.0,0.0,"[0,1,1,1,0,0]"
img1593.jpg,"[1,0,1,0,0,0,0,0]",2.0,0.0,0.0,0.0,"[0,1,1,1,0,0]"
img1606.jpg,"[1,0,1,0,0,0,0,0]",2.0,0.0,0.0,0.0,"[0,1,1,1,0,0]"
img1698.jpg,"[1,0,0,1,0,0,0,0]",1.0,1.0,0.0,0.0,"[0,1,1,0,0,0]"
img1910.jpg,"[1,0,0,0,0,0,0,0]",1.0,0.0,0.0,1.0,"[0,1,0,0,0,0]"
img2014.jpg,"[1,0,1,1,0,0,0,0]",1.0,1.0,2.0,0.0,"[0,1,1,0,0,0]"
img2030.jpg,"[1,0,0,0,0,0,0,0]",1.0,0.0,0.0,0.0,"[0,1,0,0,0,0]"
img2182.jpg,"[1,0,0,0,1,0,0,0]",2.0,0.0,0.0,0.0,"[0,1,1,0,0,0]"
img2342.jpg,"[1,0,0,0,1,0,0,0]",2.0,0.0,0.0,0.0,"[0,1,1,1,0,0]"
img2386.jpg,"[1,0,0,1,0,0,0,0]",0.0,1.0,2.0,0.0,"[0,1,0,0,0,0]"
img2392.jpg,"[0,0,1,0,0,0,0,0]",0.0,1.0,2.0,0.0,"[0,1,0,0,0,0]"
img2437.jpg,"[1,0,1,0,0,0,0,0]",2.0,0.0,0.0,0.0,"[0,1,1,1,0,0]"
img2483.jpg,"[0,0,1,1,0,0,0,0]",1.0,1.0,2.0,0.0,"[0,1,1,0,0,0]"
img2506.jpg,"[1,0,0,1,0,0,0,0]",2.0,1.0,1.0,0.0,"[0,1,0,0,0,0]"
img2683.jpg,"[1,0,0,0,0,0,0,0]",2.0,0.0,0.0,0.0,"[0,1,1,1,0,0]"
img2808.jpg,"[0,0,1,0,0,0,0,0]",0.0,0.0,0.0,0.0,"[0,1,1,1,1,1]"
img2815.jpg,"[1,0,0,0,1,0,0,0]",1.0,0.0,0.0,0.0,"[0,1,1,0,0,0]"
img2837.jpg,"[1,0,0,0,1,0,0,0]",2.0,0.0,0.0,0.0,"[0,1,1,1,0,0]"
img2916.jpg,"[1,1,0,0,1,0,0,0]",2.0,1.0,0.0,0.0,"[0,1,1,1,0,0]"
img2937.jpg,"[0,0,1,0,0,1,0,0]",0.0,1.0,1.0,0.0,"[0,1,1,1,1,0]"
img3029.jpg,"[1,0,0,0,0,0,0,0]",1.0,1.0,2.0,0.0,"[0,1,1,0,0,0]"
img3357.jpg,"[1,0,1,0,0,0,0,0]",1.0,0.0,0.0,0.0,"[0,1,1,0,0,0]"
img3519.jpg,"[0,0,1,0,0,0,0,0]",0.0,0.0,1.0,0.0,"[0,1,1,1,0,0]"
img3668.jpg,"[1,1,1,0,0,0,0,0]",1.0,0.0,0.0,0.0,"[0,1,1,1,0,0]"
img3696.jpg,"[1,1,1,0,0,0,0,0]",0.0,0.0,0.0,1.0,"[0,1,1,0,0,0]"
img3700.jpg,"[1,1,0,0,0,0,0,0]",1.0,0.0,0.0,0.0,"[0,1,1,0,0,0]"
img3835.jpg,"[0,0,0,0,1,0,0,0]",0.0,0.0,0.0,0.0,"[0,1,1,1,1,1]"
img3928.jpg,"[1,0,0,1,0,0,0,0]",2.0,1.0,1.0,0.0,"[0,1,0,0,0,0]"
img4232.jpg,"[1,0,0,0,0,0,0,0]",2.0,0.0,0.0,0.0,"[0,1,1,1,0,0]"
img4251.jpg,"[1,0,0,0,0,0,0,0]",0.0,0.0,0.0,0.0,"[0,1,1,1,0,0]"
img4336.jpg,"[0,0,0,1,0,0,0,0]",1.0,1.0,0.0,0.0,"[0,1,1,1,0,0]"
img4451.jpg,"[1,0,0,0,0,1,0,0]",2.0,1.0,0.0,0.0,"[0,1,1,1,0,0]"
img4495.jpg,"[0,0,0,0,0,0,0,0]",0.0,0.0,0.0,0.0,"[0,1,1,1,0,0]"
img4519.jpg,"[1,0,0,0,0,0,0,0]",1.0,0.0,0.0,0.0,"[0,1,1,1,0,0]"
img4654.jpg,"[0,0,0,0,0,0,0,0]",0.0,0.0,0.0,0.0,"[0,1,1,1,1,1]"
img4808.jpg,"[0,0,0,0,1,0,0,0]",0.0,1.0,0.0,0.0,"[0,1,1,0,0,0]"
img4885.jpg,"[1,0,0,0,0,0,0,0]",2.0,0.0,0.0,0.0,"[0,1,1,1,0,0]"
img4927.jpg,"[0,0,0,0,1,0,0,0]",0.0,0.0,0.0,0.0,"[0,1,1,0,0,0]"
img496.jpg,"[0,0,0,0,0,0,0,0]",0.0,0.0,0.0,0.0,"[0,1,1,1,1,1]"
img4963.jpg,"[0,0,0,0,0,0,0,0]",0.0,0.0,0.0,0.0,"[0,1,1,1,1,1]"
img594.jpg,"[1,1,1,0,0,0,0,0]",2.0,0.0,0.0,0.0,"[0,1,1,1,0,0]"
img626.jpg,"[1,0,0,0,0,1,0,0]",2.0,1.0,1.0,0.0,"[0,1,1,0,0,0]"
img667.jpg,"[1,0,0,0,0,0,1,0]",1.0,2.0,2.0,0.0,"[0,1,1,0,0,0]"
img672.jpg,"[0,0,0,0,0,0,1,0]",0.0,2.0,2.0,0.0,"[0,1,1,0,0,0]"
img966.jpg,"[0,0,0,0,1,0,0,0]",0.0,0.0,0.0,0.0,"[0,1,1,1,1,1]"
img1028.jpg,"[1,1,0,0,0,0,0,0]",2.0,0.0,0.0,0.0,"[0,1,1,1,0,0]"
img1166.jpg,"[1,0,0,0,0,0,0,0]",0.0,0.0,0.0,0.0,"[0,1,1,1,0,0]"
img1198.jpg,"[1,0,0,0,0,0,0,0]",1.0,0.0,0.0,0.0,"[0,1,1,0,0,0]"
img122.jpg,"[1,0,0,0,1,0,0,0]",1.0,0.0,0.0,0.0,"[0,1,1,1,0,0]"
img1241.jpg,"[0,0,1,0,0,0,0,0]",0.0,0.0,0.0,0.0,"[0,1,1,1,0,0]"
img1318.jpg,"[0,0,0,0,0,0,0,0]",0.0,0.0,0.0,0.0,"[0,1,1,1,1,1]"
img1441.jpg,"[1,0,0,1,0,0,0,0]",1.0,1.0,0.0,0.0,"[0,1,1,1,0,0]"
img1502.jpg,"[1,0,0,1,0,0,0,0]",2.0,1.0,2.0,0.0,"[0,1,0,0,0,0]"
img1732.jpg,"[1,0,0,0,0,0,0,0]",1.0,0.0,0.0,0.0,"[0,1,1,1,0,0]"
img2034.jpg,"[1,0,0,0,0,0,0,0]",2.0,1.0,2.0,0.0,"[0,1,0,0,0,0]"
img2058.jpg,"[0,0,0,1,0,0,0,0]",0.0,2.0,1.0,0.0,"[1,0,0,0,0,0]"
img211.jpg,"[0,0,0,0,1,0,0,0]",0.0,1.0,1.0,0.0,"[0,1,1,0,0,0]"
img2168.jpg,"[1,0,0,0,1,0,0,0]",1.0,0.0,0.0,0.0,"[0,1,1,0,0,0]"
img2256.jpg,"[1,0,0,1,0,0,0,0]",2.0,2.0,0.0,0.0,"[0,1,0,0,0,0]"
img2263.jpg,"[1,0,0,0,0,0,0,0]",1.0,1.0,2.0,0.0,"[0,1,0,0,0,0]"
img2310.jpg,"[1,0,0,0,1,0,0,0]",1.0,2.0,2.0,0.0,"[1,0,0,0,0,0]"
img2423.jpg,"[0,0,0,0,0,0,0,0]",0.0,0.0,0.0,0.0,"[0,1,1,1,0,0]"
img2551.jpg,"[1,0,0,0,0,0,0,0]",2.0,0.0,0.0,0.0,"[0,1,1,1,0,0]"
img2645.jpg,"[0,0,1,0,0,0,0,0]",0.0,0.0,0.0,0.0,"[0,1,1,1,1,1]"
img270.jpg,"[1,1,1,0,0,0,0,0]",2.0,0.0,0.0,0.0,"[0,1,1,1,0,0]"
img2768.jpg,"[0,0,0,0,0,0,0,0]",0.0,0.0,0.0,0.0,"[0,1,1,1,1,1]"
img283.jpg,"[1,0,0,0,0,0,1,0]",1.0,2.0,0.0,0.0,"[0,1,1,0,0,0]"
img2957.jpg,"[1,0,1,0,0,0,0,0]",2.0,0.0,0.0,0.0,"[0,1,0,0,0,0]"
img3197.jpg,"[1,0,0,0,0,1,0,0]",0.0,1.0,1.0,0.0,"[0,1,1,0,0,0]"
img3328.jpg,"[1,0,0,0,0,0,0,0]",2.0,0.0,0.0,1.0,"[0,1,1,0,0,0]"
img3366.jpg,"[1,1,1,0,0,0,0,0]",2.0,0.0,0.0,0.0,"[0,1,1,1,0,0]"
img3531.jpg,"[0,0,0,0,0,0,0,0]",0.0,0.0,1.0,0.0,"[0,1,1,0,0,0]"
img3550.jpg,"[0,0,0,0,0,0,0,0]",0.0,0.0,0.0,0.0,"[0,1,1,1,0,0]"
img3746.jpg,"[1,0,0,0,0,0,0,0]",2.0,0.0,0.0,0.0,"[0,1,1,1,0,0]"
img3902.jpg,"[1,0,0,0,1,0,0,0]",1.0,1.0,0.0,1.0,"[0,1,1,0,0,0]"
img396.jpg,"[1,0,1,0,0,0,0,0]",2.0,0.0,0.0,0.0,"[0,1,1,1,0,0]"
img3987.jpg,"[1,1,0,0,0,1,0,0]",1.0,1.0,1.0,0.0,"[0,1,0,0,0,0]"
img4075.jpg,"[1,0,0,0,1,0,0,0]",1.0,0.0,0.0,0.0,"[0,1,1,0,0,0]"
img4260.jpg,"[1,0,0,0,0,0,0,0]",2.0,0.0,0.0,0.0,"[0,1,1,1,0,0]"
img4294.jpg,"[0,0,1,0,0,0,0,0]",0.0,0.0,0.0,0.0,"[0,1,1,1,1,0]"
img4300.jpg,"[0,0,1,0,0,0,0,0]",0.0,0.0,0.0,0.0,"[0,1,1,1,1,1]"
img435.jpg,"[0,0,0,0,0,0,0,0]",0.0,0.0,0.0,0.0,"[0,1,1,1,1,0]"
img4464.jpg,"[1,1,1,0,0,0,0,0]",2.0,0.0,0.0,0.0,"[0,1,1,1,0,0]"
img4522.jpg,"[0,0,0,0,0,0,0,0]",0.0,0.0,0.0,0.0,"[0,1,1,1,1,0]"
img4622.jpg,"[0,0,0,0,0,0,0,0]",0.0,0.0,0.0,0.0,"[0,1,1,1,0,0]"
img467.jpg,"[0,0,0,0,0,0,0,0]",0.0,0.0,0.0,0.0,"[0,1,1,1,1,1]"
img4701.jpg,"[1,1,0,0,0,0,0,0]",2.0,0.0,0.0,0.0,"[0,1,1,1,0,0]"
img4747.jpg,"[0,0,0,1,0,0,0,0]",1.0,1.0,1.0,0.0,"[0,1,0,0,0,0]"
img621.jpg,"[0,0,1,0,0,1,0,0]",0.0,1.0,0.0,0.0,"[0,1,1,0,0,0]"
img685.jpg,"[1,0,0,0,0,0,0,0]",2.0,0.0,0.0,0.0,"[0,1,1,0,0,0]"
img688.jpg,"[1,0,1,0,0,0,0,0]",2.0,0.0,0.0,0.0,"[0,1,1,1,0,0]"
img797.jpg,"[0,0,1,0,0,0,0,0]",0.0,0.0,1.0,0.0,"[0,1,1,0,0,0]"
img81.jpg,"[1,0,0,0,1,0,0,0]",1.0,0.0,0.0,0.0,"[0,1,1,0,0,0]"
img833.jpg,"[1,0,0,0,1,0,0,0]",2.0,0.0,0.0,0.0,"[0,1,1,0,0,0]"
img973.jpg,"[0,0,0,0,1,0,0,0]",0.0,0.0,0.0,0.0,"[0,1,1,1,1,0]"
img1133.jpg,"[1,0,0,0,0,0,0,0]",2.0,0.0,0.0,0.0,"[0,1,1,1,0,0]"
img1145.jpg,"[1,0,0,0,0,0,0,0]",1.0,0.0,0.0,0.0,"[0,1,1,1,0,0]"
img1207.jpg,"[1,0,0,0,0,0,0,0]",1.0,0.0,0.0,1.0,"[0,1,1,0,0,0]"
img1242.jpg,"[0,0,1,0,0,0,0,0]",0.0,0.0,2.0,0.0,"[0,1,0,0,0,0]"
img1267.jpg,"[1,0,0,0,0,1,0,0]",1.0,2.0,1.0,,"[0,1,0,0,0,0]"
img1358.jpg,"[0,0,0,0,0,0,0,0]",0.0,0.0,0.0,0.0,"[0,1,1,1,1,0]"
img1457.jpg,"[1,0,0,0,1,0,0,0]",2.0,0.0,0.0,0.0,"[0,1,1,1,0,0]"
img1524.jpg,"[0,0,1,0,0,0,0,0]",0.0,1.0,2.0,0.0,"[0,1,1,1,0,0]"
img1784.jpg,"[0,0,0,0,0,0,0,0]",0.0,0.0,0.0,0.0,"[0,1,1,1,1,1]"
img1803.jpg,"[0,0,0,0,0,0,0,0]",0.0,0.0,0.0,0.0,"[0,1,1,1,1,1]"
img1974.jpg,"[0,0,0,0,0,1,0,0]",0.0,0.0,1.0,0.0,"[0,1,1,1,1,0]"
img1990.jpg,"[0,0,0,0,0,1,0,0]",0.0,1.0,1.0,0.0,"[0,1,1,0,0,0]"
img1991.jpg,"[0,0,0,0,0,1,0,0]",0.0,1.0,1.0,0.0,"[0,1,1,0,0,0]"
img2081.jpg,"[1,0,0,1,0,0,0,0]",1.0,2.0,1.0,0.0,"[0,1,0,0,0,0]"
img2113.jpg,"[1,0,1,0,0,1,0,0]",2.0,1.0,2.0,0.0,"[0,1,0,0,0,0]"
img2150.jpg,"[0,0,1,1,0,0,0,0]",1.0,1.0,2.0,0.0,"[0,1,1,0,0,0]"
img2171.jpg,"[1,0,0,0,0,0,0,0]",2.0,0.0,0.0,0.0,"[0,1,1,1,0,0]"
img2271.jpg,"[1,0,0,0,0,0,0,0]",1.0,1.0,2.0,0.0,"[0,1,1,0,0,0]"
img2321.jpg,"[0,0,0,0,1,0,0,0]",0.0,1.0,0.0,0.0,"[0,1,1,0,0,0]"
img2366.jpg,"[1,0,0,1,0,0,0,0]",0.0,1.0,2.0,0.0,"[0,1,1,0,0,0]"
img2548.jpg,"[1,0,0,0,0,0,0,0]",2.0,0.0,0.0,0.0,"[0,1,1,1,0,0]"
img2674.jpg,"[1,0,0,0,1,0,0,0]",1.0,0.0,0.0,0.0,"[0,1,1,1,0,0]"
img2677.jpg,"[1,0,0,0,0,0,0,0]",2.0,0.0,0.0,0.0,"[0,1,1,0,0,0]"
img2711.jpg,"[0,0,0,0,0,0,0,0]",0.0,0.0,0.0,0.0,"[0,1,1,1,1,1]"
img2909.jpg,"[0,0,0,0,0,0,1,0]",0.0,2.0,1.0,0.0,"[0,1,0,0,0,0]"
img2938.jpg,"[0,0,0,0,0,1,0,0]",0.0,0.0,1.0,0.0,"[0,1,1,1,0,0]"
img2969.jpg,"[1,0,0,0,0,0,0,0]",1.0,0.0,0.0,0.0,"[0,1,0,0,0,0]"
img3210.jpg,"[0,0,0,0,0,1,0,0]",0.0,1.0,1.0,0.0,"[0,1,1,1,0,0]"
img3597.jpg,"[1,0,1,0,0,0,0,0]",2.0,0.0,1.0,0.0,"[0,1,1,1,0,0]"
img3640.jpg,"[1,1,1,0,0,0,0,0]",2.0,0.0,1.0,0.0,"[0,1,1,0,0,0]"
img3719.jpg,"[1,0,0,0,0,0,0,0]",2.0,0.0,0.0,0.0,"[0,1,1,1,0,0]"
img38.jpg,"[1,1,0,0,0,0,0,0]",1.0,1.0,0.0,0.0,"[0,1,1,0,0,0]"
img4015.jpg,"[0,0,1,0,0,1,0,0]",0.0,1.0,1.0,0.0,"[0,1,1,0,0,0]"
img4184.jpg,"[1,0,0,0,0,0,0,0]",2.0,0.0,0.0,0.0,"[0,1,1,1,0,0]"
img4357.jpg,"[0,0,0,1,0,0,0,0]",1.0,1.0,0.0,0.0,"[0,1,1,1,0,0]"
img4673.jpg,"[1,0,0,0,0,0,0,0]",2.0,0.0,0.0,0.0,"[0,1,1,1,0,0]"
img4751.jpg,"[0,0,0,1,0,0,0,0]",1.0,2.0,0.0,0.0,"[1,0,0,0,0,0]"
img4787.jpg,"[0,0,0,1,0,0,0,0]",1.0,2.0,0.0,0.0,"[0,1,0,0,0,0]"
img4797.jpg,"[1,0,0,0,1,0,0,0]",1.0,1.0,0.0,0.0,"[0,1,1,1,0,0]"
img4866.jpg,"[0,0,0,0,1,0,0,0]",0.0,0.0,0.0,0.0,"[0,1,1,1,1,0]"
img4922.jpg,"[0,0,0,0,0,0,0,0]",0.0,0.0,0.0,0.0,"[0,1,1,1,1,1]"
img4925.jpg,"[0,0,0,0,0,0,0,0]",0.0,0.0,0.0,0.0,"[0,1,1,1,1,1]"
img4928.jpg,"[0,0,0,0,0,0,0,0]",0.0,0.0,0.0,0.0,"[0,1,1,1,1,1]"
img728.jpg,"[0,0,1,0,0,0,0,0]",0.0,0.0,0.0,0.0,"[0,1,1,1,0,0]"
img747.jpg,"[0,0,0,0,0,0,0,0]",0.0,0.0,0.0,0.0,"[0,1,1,1,0,0]"
img777.jpg,"[0,0,1,0,0,0,0,0]",0.0,0.0,1.0,0.0,"[0,1,1,1,0,0]"
img836.jpg,"[0,0,0,0,1,0,0,0]",1.0,0.0,0.0,0.0,"[0,1,1,1,0,0]"
img840.jpg,"[0,0,0,0,1,0,0,0]",1.0,0.0,0.0,0.0,"[0,1,1,1,0,0]"
img911.jpg,"[0,0,1,0,0,0,0,0]",0.0,0.0,0.0,0.0,"[0,1,1,1,1,1]"
img945.jpg,"[0,0,0,0,0,0,0,0]",0.0,0.0,0.0,0.0,"[0,1,1,1,1,0]"
img1017.jpg,"[1,1,0,0,0,0,0,0]",2.0,0.0,0.0,0.0,"[0,1,1,1,0,0]"
img1646.jpg,"[1,0,1,0,0,0,0,0]",2.0,1.0,2.0,0.0,"[0,1,1,0,0,0]"
img182.jpg,"[1,0,0,0,0,0,0,0]",1.0,0.0,0.0,0.0,"[0,1,1,0,0,0]"
img1903.jpg,"[0,0,0,1,0,0,0,0]",0.0,2.0,0.0,0.0,"[1,0,0,0,0,0]"
img1929.jpg,"[1,0,0,0,0,0,0,0]",1.0,0.0,0.0,0.0,"[0,1,1,0,0,0]"
img1947.jpg,"[1,0,0,0,0,0,0,0]",1.0,0.0,0.0,0.0,"[0,1,1,0,0,0]"
img1949.jpg,"[0,0,1,0,0,1,0,0]",0.0,1.0,2.0,0.0,"[0,1,1,0,0,0]"
img1995.jpg,"[1,0,0,0,0,1,0,0]",1.0,1.0,1.0,1.0,"[0,1,1,0,0,0]"
img2222.jpg,"[1,0,0,0,0,0,1,0]",0.0,2.0,0.0,0.0,"[0,1,0,0,0,0]"
img2378.jpg,"[1,0,1,1,0,0,0,0]",2.0,1.0,2.0,0.0,"[0,1,1,0,0,0]"
img2409.jpg,"[1,0,0,0,0,0,0,0]",2.0,1.0,2.0,0.0,"[0,1,0,0,0,0]"
img2625.jpg,"[1,0,0,0,0,0,0,0]",1.0,0.0,0.0,0.0,"[0,1,1,1,0,0]"
img2652.jpg,"[0,0,0,0,1,0,0,0]",0.0,0.0,0.0,0.0,"[0,1,1,1,0,0]"
img2801.jpg,"[0,0,0,0,0,0,0,0]",0.0,0.0,0.0,0.0,"[0,1,1,1,1,1]"
img294.jpg,"[1,0,0,0,0,0,1,0]",1.0,2.0,0.0,0.0,"[0,1,1,0,0,0]"
img2958.jpg,"[1,0,0,0,0,0,0,0]",1.0,0.0,0.0,0.0,"[0,1,1,0,0,0]"
img296.jpg,"[1,0,0,0,0,0,1,0]",2.0,2.0,1.0,0.0,"[0,1,1,1,0,0]"
img2968.jpg,"[1,0,0,0,0,0,0,0]",1.0,0.0,0.0,0.0,"[0,1,1,0,0,0]"
img2988.jpg,"[1,0,0,0,0,0,0,0]",2.0,0.0,0.0,0.0,"[0,1,1,0,0,0]"
img3033.jpg,"[0,0,0,0,0,1,0,0]",0.0,1.0,2.0,0.0,"[0,1,0,0,0,0]"
img3234.jpg,"[0,0,0,0,0,1,0,0]",0.0,0.0,1.0,0.0,"[0,1,1,1,0,0]"
img3310.jpg,"[1,0,1,0,0,0,0,0]",2.0,0.0,0.0,0.0,"[0,1,1,1,0,0]"
img3316.jpg,"[1,0,1,0,0,0,0,0]",2.0,0.0,0.0,0.0,"[0,1,1,1,0,0]"
img350.jpg,"[0,0,0,0,0,0,0,0]",0.0,0.0,0.0,0.0,"[0,1,1,1,1,1]"
img3626.jpg,"[1,1,1,0,0,0,0,0]",2.0,0.0,1.0,0.0,"[0,1,1,1,0,0]"
img3666.jpg,"[1,1,1,0,0,0,0,0]",2.0,0.0,0.0,0.0,"[0,1,1,1,0,0]"
img369.jpg,"[0,0,1,0,0,0,0,0]",0.0,0.0,0.0,0.0,"[0,1,1,1,1,1]"
img3692.jpg,"[1,1,1,0,0,0,0,0]",2.0,0.0,0.0,0.0,"[0,1,1,1,0,0]"
img3822.jpg,"[1,0,0,0,1,0,0,0]",2.0,1.0,0.0,0.0,"[0,1,1,1,0,0]"
img3971.jpg,"[0,0,0,0,0,1,0,0]",0.0,1.0,1.0,0.0,"[0,1,1,1,0,0]"
img3982.jpg,"[0,0,0,0,0,1,0,0]",0.0,1.0,1.0,0.0,"[0,1,1,1,0,0]"
img4065.jpg,"[1,0,0,0,1,0,0,0]",2.0,0.0,0.0,0.0,"[0,1,1,1,0,0]"
img440.jpg,"[0,0,1,0,0,0,0,0]",0.0,0.0,0.0,0.0,"[0,1,1,1,1,0]"
img443.jpg,"[0,0,0,0,0,0,0,0]",0.0,0.0,0.0,0.0,"[0,1,1,1,1,1]"
img4449.jpg,"[1,0,0,0,1,0,0,0]",2.0,1.0,0.0,0.0,"[0,1,1,1,0,0]"
img4487.jpg,"[1,0,1,0,0,0,0,0]",0.0,0.0,0.0,0.0,"[0,1,1,1,0,0]"
img4553.jpg,"[1,0,0,1,0,0,0,0]",1.0,0.0,0.0,0.0,"[0,1,1,0,0,0]"
img4619.jpg,"[0,0,0,0,0,0,0,0]",0.0,0.0,0.0,0.0,"[0,1,1,1,1,0]"
img4682.jpg,"[1,0,1,0,0,0,0,0]",2.0,0.0,0.0,0.0,"[0,1,1,1,0,0]"
img4697.jpg,"[1,0,0,0,0,1,0,0]",1.0,1.0,1.0,0.0,"[0,1,1,1,0,0]"
img4900.jpg,"[0,0,0,0,0,0,0,0]",0.0,0.0,0.0,0.0,"[0,1,1,1,1,1]"
img4934.jpg,"[0,0,0,0,1,0,0,0]",0.0,1.0,0.0,0.0,"[0,1,1,1,1,0]"
img502.jpg,"[1,0,0,0,0,0,0,0]",1.0,0.0,0.0,0.0,"[0,1,1,1,0,0]"
img509.jpg,"[0,0,0,0,1,0,0,0]",0.0,0.0,0.0,0.0,"[0,1,1,1,1,0]"
img808.jpg,"[0,0,0,0,1,0,0,0]",0.0,0.0,0.0,0.0,"[0,1,1,1,0,0]"
img875.jpg,"[1,1,0,0,0,0,0,0]",1.0,0.0,1.0,0.0,"[0,1,1,1,0,0]"
img891.jpg,"[1,0,0,0,1,0,0,0]",1.0,1.0,0.0,0.0,"[0,1,1,0,0,0]"
img923.jpg,"[0,0,1,0,0,0,0,0]",0.0,0.0,0.0,0.0,"[0,1,1,0,0,0]"
img949.jpg,"[0,0,0,0,0,0,0,0]",0.0,0.0,0.0,0.0,"[0,1,1,1,1,0]"
img968.jpg,"[0,0,0,0,1,0,0,0]",0.0,0.0,0.0,0.0,"[0,1,1,1,1,0]"
img1083.jpg,"[1,0,0,1,1,0,0,0]",2.0,1.0,1.0,1.0,"[0,1,1,0,0,0]"
img1109.jpg,"[1,0,0,0,0,0,0,0]",1.0,0.0,0.0,0.0,"[0,1,1,1,0,0]"
img1177.jpg,"[1,0,0,0,0,0,0,0]",2.0,0.0,0.0,1.0,"[0,1,1,0,0,0]"
img1200.jpg,"[1,0,0,0,0,0,0,0]",2.0,0.0,0.0,1.0,"[0,1,1,0,0,0]"
img1216.jpg,"[1,0,0,0,0,0,0,0]",2.0,0.0,0.0,0.0,"[0,1,1,0,0,0]"
img1263.jpg,"[1,0,0,0,0,1,0,0]",2.0,2.0,1.0,0.0,"[0,1,0,0,0,0]"
img134.jpg,"[0,0,0,0,1,0,0,0]",0.0,0.0,0.0,0.0,"[0,1,1,1,1,0]"
img1395.jpg,"[1,1,1,0,0,1,0,0]",2.0,1.0,1.0,0.0,"[0,1,1,1,0,0]"
img1587.jpg,"[1,0,1,0,0,0,0,0]",2.0,0.0,0.0,0.0,"[0,1,1,1,0,0]"
img1634.jpg,"[0,0,1,0,0,0,0,0]",0.0,1.0,2.0,0.0,"[0,1,1,0,0,0]"
img1992.jpg,"[1,0,0,0,0,1,0,0]",1.0,1.0,1.0,0.0,"[0,1,1,1,0,0]"
img2120.jpg,"[0,0,0,0,1,0,0,0]",0.0,0.0,0.0,0.0,"[0,1,1,0,0,0]"
img2141.jpg,"[0,0,1,0,0,0,0,0]",1.0,1.0,2.0,0.0,"[0,1,0,0,0,0]"
img2151.jpg,"[1,0,0,0,0,0,0,0]",2.0,0.0,0.0,1.0,"[0,1,1,0,0,0]"
img2244.jpg,"[1,0,0,0,0,1,0,0]",1.0,1.0,1.0,0.0,"[0,1,1,0,0,0]"
img2298.jpg,"[1,0,0,1,0,0,0,0]",1.0,2.0,1.0,1.0,"[1,0,0,0,0,0]"
img235.jpg,"[1,1,0,0,0,0,0,0]",1.0,0.0,0.0,0.0,"[0,1,1,0,0,0]"
img2544.jpg,"[1,0,0,0,0,0,0,0]",2.0,0.0,0.0,0.0,"[0,1,1,1,0,0]"
img2555.jpg,"[1,0,0,0,0,0,0,0]",2.0,0.0,0.0,0.0,"[0,1,1,1,0,0]"
img2659.jpg,"[1,0,0,0,0,0,0,0]",2.0,0.0,0.0,0.0,"[0,1,1,1,0,0]"
img2709.jpg,"[0,0,0,0,0,0,0,0]",0.0,0.0,0.0,0.0,"[0,1,1,1,1,1]"
img2763.jpg,"[0,0,0,0,0,0,0,0]",0.0,0.0,0.0,0.0,"[0,1,1,1,1,1]"
img2897.jpg,"[1,0,0,0,1,0,0,0]",2.0,0.0,0.0,0.0,"[0,1,1,0,0,0]"
img290.jpg,"[1,0,0,0,0,0,1,0]",1.0,2.0,1.0,0.0,"[0,1,0,0,0,0]"
img2904.jpg,"[0,0,0,0,1,0,0,0]",0.0,1.0,1.0,0.0,"[0,1,1,0,0,0]"
img3018.jpg,"[0,0,0,0,0,0,0,0]",0.0,0.0,0.0,0.0,"[0,1,1,1,1,0]"
img3022.jpg,"[1,0,0,0,0,0,0,0]",1.0,0.0,0.0,0.0,"[0,1,1,0,0,0]"
img3074.jpg,"[1,0,0,0,0,0,1,0]",1.0,2.0,1.0,0.0,"[0,1,1,0,0,0]"
img310.jpg,"[1,0,0,0,0,0,1,0]",1.0,2.0,1.0,0.0,"[0,1,1,0,0,0]"
img3250.jpg,"[0,0,1,0,0,0,0,0]",0.0,0.0,0.0,0.0,"[0,1,1,1,1,1]"
img3313.jpg,"[1,0,1,0,0,0,0,0]",2.0,0.0,0.0,0.0,"[0,1,1,1,0,0]"
img3425.jpg,"[0,0,0,0,0,0,0,0]",0.0,0.0,0.0,0.0,"[0,1,1,1,1,1]"
img3457.jpg,"[0,0,0,0,0,0,0,0]",0.0,0.0,0.0,0.0,"[0,1,1,1,1,0]"
img3813.jpg,"[0,0,0,0,0,0,0,0]",0.0,0.0,0.0,0.0,"[0,1,1,1,1,0]"
img3890.jpg,"[0,0,0,0,0,0,0,0]",0.0,0.0,0.0,0.0,"[0,1,1,1,1,1]"
img4032.jpg,"[1,0,0,1,0,0,0,0]",2.0,1.0,1.0,0.0,"[0,1,1,0,0,0]"
img4114.jpg,"[1,0,0,1,0,0,0,0]",2.0,1.0,1.0,0.0,"[0,1,1,0,0,0]"
img4278.jpg,"[1,0,0,0,0,1,0,0]",2.0,1.0,1.0,0.0,"[0,1,1,1,0,0]"
img4314.jpg,"[1,1,1,0,0,0,0,0]",1.0,0.0,0.0,0.0,"[0,1,1,0,0,0]"
img4326.jpg,"[1,0,0,1,0,0,0,0]",1.0,1.0,0.0,0.0,"[0,1,1,0,0,0]"
img4352.jpg,"[1,0,0,1,0,0,0,0]",1.0,1.0,0.0,0.0,"[0,1,1,0,0,0]"
img4391.jpg,"[0,0,0,0,0,0,0,0]",0.0,0.0,1.0,0.0,"[0,1,1,1,1,0]"
img4427.jpg,"[1,0,0,0,0,0,0,0]",2.0,0.0,0.0,0.0,"[0,1,1,1,0,0]"
img4564.jpg,"[1,1,0,0,0,0,0,0]",1.0,0.0,0.0,0.0,"[0,1,1,1,0,0]"
img4602.jpg,"[1,0,0,0,0,0,0,0]",2.0,0.0,0.0,0.0,"[0,1,1,1,0,0]"
img462.jpg,"[0,0,0,0,0,0,0,0]",0.0,0.0,0.0,0.0,"[0,1,1,1,0,0]"
img4806.jpg,"[1,0,1,0,1,0,0,0]",1.0,1.0,0.0,0.0,"[0,1,1,0,0,0]"
img69.jpg,"[1,0,0,0,1,0,0,0]",1.0,0.0,0.0,0.0,"[0,1,1,1,0,0]"
img883.jpg,"[1,1,1,0,0,0,0,0]",1.0,0.0,0.0,0.0,"[0,1,1,1,1,0]"
img938.jpg,"[0,0,0,0,0,0,1,0]",0.0,2.0,1.0,0.0,"[1,0,0,0,0,0]"
img1039.jpg,"[1,1,1,0,0,0,0,0]",2.0,0.0,0.0,0.0,"[0,1,1,1,0,0]"
img1095.jpg,"[1,0,1,0,0,0,0,0]",2.0,0.0,0.0,0.0,"[0,1,1,1,0,0]"
img1172.jpg,"[1,0,0,0,0,0,0,0]",2.0,0.0,0.0,1.0,"[0,1,1,1,0,0]"
img1208.jpg,"[1,0,1,0,0,0,0,0]",2.0,0.0,0.0,0.0,"[0,1,1,1,0,0]"
img1623.jpg,"[1,1,1,0,0,0,0,0]",2.0,1.0,2.0,0.0,"[0,1,1,1,0,0]"
img1726.jpg,"[0,0,0,0,0,0,0,0]",0.0,0.0,0.0,0.0,"[0,1,1,1,0,0]"
img1765.jpg,"[0,0,0,0,0,0,0,0]",0.0,0.0,0.0,0.0,"[0,1,1,1,1,1]"
img185.jpg,"[1,0,0,1,0,0,0,0]",2.0,1.0,2.0,0.0,"[0,1,0,0,0,0]"
img1981.jpg,"[1,0,0,0,0,1,0,0]",2.0,1.0,1.0,0.0,"[0,1,1,1,0,0]"
img205.jpg,"[0,0,0,0,1,0,0,0]",0.0,1.0,0.0,0.0,"[0,1,1,1,0,0]"
img2278.jpg,"[1,0,0,0,0,0,0,0]",1.0,0.0,0.0,0.0,"[0,1,0,0,0,0]"
img2322.jpg,"[1,0,0,0,1,0,0,0]",2.0,1.0,0.0,0.0,"[0,1,1,0,0,0]"
img233.jpg,"[1,1,0,0,0,0,0,0]",2.0,0.0,0.0,0.0,"[0,1,1,1,0,0]"
img2410.jpg,"[1,0,0,1,0,0,0,0]",0.0,1.0,2.0,0.0,"[0,1,0,0,0,0]"
img2524.jpg,"[1,0,0,0,0,0,0,0]",2.0,1.0,0.0,0.0,"[0,1,0,0,0,0]"
img2543.jpg,"[1,0,0,0,0,0,0,0]",2.0,0.0,0.0,0.0,"[0,1,1,1,0,0]"
img2728.jpg,"[0,0,0,0,0,0,0,0]",0.0,0.0,0.0,0.0,"[0,1,1,1,1,1]"
img2922.jpg,"[1,0,0,0,1,0,0,0]",2.0,1.0,0.0,0.0,"[0,1,1,0,0,0]"
img3114.jpg,"[1,0,0,0,0,1,0,0]",2.0,1.0,0.0,0.0,"[0,1,1,0,0,0]"
img3152.jpg,"[1,0,0,0,0,0,0,0]",1.0,0.0,0.0,0.0,"[0,1,1,0,0,0]"
img3168.jpg,"[1,0,1,0,1,0,0,0]",2.0,0.0,0.0,0.0,"[0,1,1,1,0,0]"
img318.jpg,"[1,0,0,0,0,0,1,0]",1.0,2.0,1.0,0.0,"[0,1,0,0,0,0]"
img3254.jpg,"[0,0,1,0,0,0,0,0]",0.0,0.0,0.0,0.0,"[0,1,1,1,1,1]"
img3564.jpg,"[1,0,0,0,0,1,0,0]",2.0,1.0,1.0,0.0,"[0,1,1,0,0,0]"
img3686.jpg,"[1,1,0,0,0,0,0,0]",2.0,0.0,0.0,0.0,"[0,1,1,1,0,0]"
img3755.jpg,"[0,0,0,0,0,0,1,0]",0.0,2.0,1.0,0.0,"[0,1,1,0,0,0]"
img3897.jpg,"[1,0,0,1,0,0,0,0]",2.0,1.0,0.0,0.0,"[0,1,1,0,0,0]"
img3975.jpg,"[1,0,0,0,0,1,0,0]",1.0,1.0,1.0,1.0,"[0,1,1,0,0,0]"
img4158.jpg,"[1,0,1,0,1,0,0,0]",2.0,1.0,1.0,0.0,"[0,1,1,0,0,0]"
img4272.jpg,"[1,0,0,0,0,1,0,0]",2.0,0.0,1.0,0.0,"[0,1,1,1,0,0]"
img4361.jpg,"[1,0,0,1,0,0,0,0]",1.0,1.0,0.0,0.0,"[0,1,1,1,0,0]"
img4409.jpg,"[0,0,0,0,0,0,0,0]",0.0,0.0,1.0,0.0,"[0,1,1,0,0,0]"
img4458.jpg,"[1,0,0,0,0,0,0,0]",2.0,0.0,0.0,0.0,"[0,1,1,1,0,0]"
img4462.jpg,"[1,0,0,0,0,0,0,0]",2.0,0.0,0.0,0.0,"[0,1,1,1,0,0]"
img4472.jpg,"[0,0,1,0,0,0,0,0]",0.0,0.0,0.0,0.0,"[0,1,1,1,1,0]"
img4523.jpg,"[0,0,0,0,0,0,0,0]",0.0,0.0,0.0,0.0,"[0,1,1,1,0,0]"
img4526.jpg,"[1,0,1,0,0,0,0,0]",2.0,0.0,0.0,0.0,"[0,1,1,1,0,0]"
img4571.jpg,"[0,0,0,0,1,0,0,0]",0.0,0.0,0.0,0.0,"[0,1,1,1,1,0]"
img477.jpg,"[1,0,0,0,1,0,0,0]",1.0,0.0,0.0,0.0,"[0,1,1,1,0,0]"
img486.jpg,"[1,0,0,0,1,0,0,0]",1.0,0.0,0.0,0.0,"[0,1,1,1,0,0]"
img4890.jpg,"[0,0,0,0,1,0,0,0]",0.0,0.0,0.0,0.0,"[0,1,1,1,1,0]"
img4920.jpg,"[0,0,1,0,0,0,0,0]",0.0,0.0,0.0,0.0,"[0,1,1,1,1,0]"
img550.jpg,"[0,0,0,0,0,0,0,0]",0.0,0.0,0.0,0.0,"[0,1,1,1,1,0]"
img67.jpg,"[1,0,0,1,0,0,0,0]",1.0,2.0,0.0,0.0,"[1,0,0,0,0,0]"
img759.jpg,"[0,0,1,0,0,0,0,0]",0.0,0.0,1.0,0.0,"[0,1,1,0,0,0]"
img814.jpg,"[1,0,0,0,1,0,0,0]",1.0,1.0,0.0,0.0,"[0,1,1,1,0,0]"
img83.jpg,"[1,0,0,1,0,0,0,0]",1.0,1.0,0.0,0.0,"[0,1,0,0,0,0]"
img830.jpg,"[1,0,0,0,1,0,0,0]",1.0,1.0,0.0,0.0,"[0,1,1,1,1,0]"
img850.jpg,"[1,0,0,0,1,0,0,0]",1.0,1.0,0.0,0.0,"[0,1,1,1,1,0]"
img916.jpg,"[1,0,1,0,0,0,0,0]",1.0,0.0,0.0,0.0,"[0,1,1,1,0,0]"
img104.jpg,"[1,0,0,0,0,0,0,0]",2.0,0.0,2.0,0.0,"[0,1,0,0,0,0]"
img1116.jpg,"[1,0,0,0,1,0,0,0]",2.0,0.0,0.0,0.0,"[0,1,1,1,0,0]"
img1266.jpg,"[1,1,0,0,0,1,0,0]",2.0,2.0,1.0,0.0,"[0,1,0,0,0,0]"
img1288.jpg,"[1,0,0,0,0,1,0,0]",1.0,2.0,1.0,0.0,"[0,1,0,0,0,0]"
img1343.jpg,"[0,0,0,0,0,0,0,0]",0.0,0.0,0.0,0.0,"[0,1,1,1,1,0]"
img1491.jpg,"[1,0,0,0,0,0,0,0]",2.0,0.0,0.0,0.0,"[0,1,1,0,0,0]"
img1668.jpg,"[1,1,0,1,0,0,0,0]",1.0,1.0,0.0,0.0,"[0,1,1,0,0,0]"
img1787.jpg,"[0,0,0,0,0,0,0,0]",0.0,0.0,0.0,0.0,"[0,1,1,1,1,1]"
img1812.jpg,"[0,0,0,0,1,0,0,0]",0.0,0.0,0.0,0.0,"[0,1,1,1,1,0]"
img1854.jpg,"[1,0,0,0,1,0,0,0]",2.0,0.0,0.0,0.0,"[0,1,1,1,0,0]"
img1864.jpg,"[0,0,0,0,1,0,0,0]",0.0,0.0,0.0,0.0,"[0,1,1,1,1,0]"
img1928.jpg,"[1,0,0,0,0,0,0,0]",1.0,0.0,0.0,0.0,"[0,1,1,0,0,0]"
img1998.jpg,"[1,1,0,0,0,1,0,0]",2.0,1.0,1.0,0.0,"[0,1,1,0,0,0]"
img2038.jpg,"[1,0,1,0,0,0,0,0]",1.0,0.0,2.0,0.0,"[0,1,1,0,0,0]"
img2254.jpg,"[1,0,0,0,0,0,0,0]",1.0,1.0,2.0,0.0,"[0,1,1,0,0,0]"
img2599.jpg,"[1,0,0,0,0,0,0,0]",2.0,0.0,0.0,0.0,"[0,1,1,0,0,0]"
img2650.jpg,"[1,1,1,0,0,0,0,0]",2.0,0.0,0.0,0.0,"[0,1,1,1,0,0]"
img2724.jpg,"[0,0,0,0,0,0,0,0]",0.0,0.0,0.0,0.0,"[0,1,1,1,1,1]"
img2762.jpg,"[0,0,0,0,0,0,0,0]",0.0,0.0,0.0,0.0,"[0,1,1,1,1,1]"
img2777.jpg,"[0,0,0,0,0,0,0,0]",0.0,0.0,0.0,0.0,"[0,1,1,1,1,1]"
img2885.jpg,"[1,1,0,0,1,0,0,0]",2.0,0.0,0.0,0.0,"[0,1,1,1,0,0]"
img2886.jpg,"[1,0,1,0,0,0,0,0]",2.0,0.0,0.0,0.0,"[0,1,1,0,0,0]"
img3288.jpg,"[1,0,0,1,0,0,0,0]",2.0,0.0,0.0,0.0,"[0,1,1,1,0,0]"
img3294.jpg,"[1,0,0,0,0,0,0,0]",1.0,0.0,0.0,0.0,"[0,1,1,1,0,0]"
img3302.jpg,"[1,0,1,0,0,0,0,0]",2.0,0.0,0.0,0.0,"[0,1,1,1,0,0]"
img3315.jpg,"[1,0,1,0,1,0,0,0]",2.0,0.0,0.0,0.0,"[0,1,1,1,0,0]"
img3385.jpg,"[0,0,1,0,0,0,0,0]",0.0,0.0,1.0,0.0,"[0,1,1,0,0,0]"
img3611.jpg,"[1,0,1,0,1,0,0,0]",1.0,0.0,1.0,0.0,"[0,1,1,0,0,0]"
img3935.jpg,"[1,0,0,0,1,0,0,0]",1.0,1.0,0.0,0.0,"[0,1,1,1,0,0]"
img3940.jpg,"[1,0,0,1,0,0,0,0]",2.0,1.0,1.0,0.0,"[0,1,1,0,0,0]"
img3981.jpg,"[1,0,0,0,1,0,0,0]",1.0,1.0,0.0,0.0,"[0,1,1,0,0,0]"
img4055.jpg,"[1,0,1,0,1,0,0,0]",1.0,0.0,0.0,0.0,"[0,1,1,1,0,0]"
img4076.jpg,"[1,0,0,0,0,0,0,0]",1.0,0.0,0.0,0.0,"[0,1,1,1,0,0]"
img4182.jpg,"[0,0,0,0,0,0,0,0]",0.0,0.0,0.0,0.0,"[0,1,1,1,1,0]"
img4256.jpg,"[0,0,0,0,0,0,0,0]",0.0,0.0,0.0,0.0,"[0,1,1,1,1,0]"
img4426.jpg,"[1,0,0,0,0,0,0,0]",2.0,0.0,0.0,0.0,"[0,1,1,1,0,0]"
img4466.jpg,"[1,0,0,0,0,0,0,0]",2.0,0.0,0.0,0.0,"[0,1,1,1,0,0]"
img4698.jpg,"[1,1,0,0,0,0,0,0]",2.0,0.0,0.0,0.0,"[0,1,1,0,0,0]"
img4778.jpg,"[1,0,0,1,0,0,0,0]",1.0,1.0,1.0,0.0,"[0,1,1,0,0,0]"
img4946.jpg,"[1,1,0,0,0,0,0,0]",1.0,0.0,0.0,0.0,"[0,1,1,1,0,0]"
img568.jpg,"[0,0,0,0,0,0,0,0]",0.0,0.0,0.0,0.0,"[0,1,1,1,1,1]"
img607.jpg,"[1,0,1,0,0,0,0,0]",2.0,0.0,0.0,0.0,"[0,1,1,1,0,0]"
img641.jpg,"[1,1,0,0,0,1,0,0]",2.0,1.0,1.0,0.0,"[0,1,1,1,1,0]"
img708.jpg,"[1,0,0,0,0,0,0,0]",2.0,0.0,0.0,0.0,"[0,1,1,1,0,0]"
img750.jpg,"[0,0,0,0,0,0,0,0]",0.0,0.0,0.0,0.0,"[0,1,1,1,0,0]"
img931.jpg,"[0,0,0,0,1,0,0,0]",0.0,1.0,1.0,0.0,"[0,1,0,0,0,0]"
img965.jpg,"[0,0,0,0,1,0,0,0]",0.0,0.0,0.0,0.0,"[0,1,1,1,1,0]"
img983.jpg,"[0,0,0,0,1,0,0,0]",0.0,0.0,0.0,0.0,"[0,1,1,1,1,0]"
img989.jpg,"[0,0,0,0,1,0,0,0]",0.0,0.0,0.0,0.0,"[0,1,1,1,1,0]"
img992.jpg,"[1,1,0,0,1,0,0,0]",2.0,0.0,1.0,0.0,"[0,1,1,1,0,0]"
img1004.jpg,"[0,0,0,0,1,0,0,0]",0.0,0.0,0.0,0.0,"[0,1,1,1,1,0]"
img1065.jpg,"[1,1,0,0,0,0,0,0]",2.0,0.0,0.0,0.0,"[0,1,1,1,0,0]"
img1269.jpg,"[1,0,0,0,0,1,0,0]",1.0,1.0,1.0,,"[0,1,0,0,0,0]"
img13.jpg,"[1,0,0,0,1,0,0,0]",1.0,1.0,1.0,0.0,"[0,1,1,1,0,0]"
img1408.jpg,"[1,0,1,1,0,0,0,0]",2.0,1.0,0.0,0.0,"[0,1,1,1,0,0]"
img1516.jpg,"[1,0,1,0,0,0,0,0]",2.0,0.0,2.0,0.0,"[0,1,1,0,0,0]"
img1892.jpg,"[1,0,0,1,0,0,0,0]",1.0,1.0,0.0,0.0,"[0,1,0,0,0,0]"
img196.jpg,"[1,1,0,0,0,1,0,0]",1.0,1.0,0.0,1.0,"[0,1,1,0,0,0]"
img1997.jpg,"[1,0,0,0,0,1,0,0]",0.0,1.0,0.0,0.0,"[0,1,1,1,0,0]"
img2018.jpg,"[1,1,1,0,0,0,0,0]",2.0,0.0,2.0,0.0,"[0,1,1,1,1,0]"
img2234.jpg,"[1,0,0,0,0,0,0,0]",1.0,0.0,0.0,1.0,"[0,1,0,0,0,0]"
img2361.jpg,"[0,0,0,0,0,0,0,0]",0.0,0.0,0.0,0.0,"[0,1,1,1,0,0]"
img2391.jpg,"[1,0,1,1,0,0,0,0]",0.0,1.0,2.0,0.0,"[0,1,0,0,0,0]"
img2481.jpg,"[1,0,0,1,0,0,0,0]",1.0,1.0,1.0,0.0,"[0,1,0,0,0,0]"
img2512.jpg,"[1,0,0,1,0,0,0,0]",2.0,1.0,1.0,0.0,"[0,1,0,0,0,0]"
img2563.jpg,"[0,0,0,0,0,0,0,0]",0.0,0.0,0.0,0.0,"[0,1,1,1,1,1]"
img2702.jpg,"[0,0,0,0,0,0,0,0]",0.0,0.0,0.0,0.0,"[0,1,1,1,1,1]"
img2729.jpg,"[0,0,0,0,0,0,0,0]",0.0,0.0,0.0,0.0,"[0,1,1,1,1,1]"
img2851.jpg,"[1,0,0,0,1,0,0,0]",1.0,0.0,0.0,0.0,"[0,1,1,1,0,0]"
img2874.jpg,"[1,0,0,0,0,0,0,0]",2.0,0.0,0.0,1.0,"[0,1,1,0,0,0]"
img3051.jpg,"[1,0,1,0,0,0,0,0]",1.0,1.0,2.0,0.0,"[0,1,1,0,0,0]"
img3071.jpg,"[1,0,0,0,0,0,1,0]",2.0,2.0,1.0,0.0,"[0,1,1,0,0,0]"
img3081.jpg,"[1,0,0,0,0,0,1,0]",1.0,2.0,1.0,0.0,"[0,1,1,1,1,0]"
img3329.jpg,"[1,0,0,0,0,0,0,0]",2.0,0.0,0.0,1.0,"[0,1,0,0,0,0]"
img337.jpg,"[0,0,0,0,0,0,0,0]",0.0,0.0,0.0,0.0,"[0,1,1,1,1,1]"
img3467.jpg,"[1,0,1,0,0,0,0,0]",2.0,0.0,0.0,0.0,"[0,1,1,1,0,0]"
img3481.jpg,"[1,0,0,0,0,0,0,0]",2.0,0.0,0.0,1.0,"[0,1,0,0,0,0]"
img3530.jpg,"[0,0,1,0,0,0,0,0]",0.0,0.0,1.0,0.0,"[0,1,1,0,0,0]"
img3570.jpg,"[1,0,1,0,0,0,0,0]",2.0,0.0,1.0,0.0,"[0,1,1,0,0,0]"
img3595.jpg,"[1,0,0,0,0,0,0,0]",2.0,0.0,0.0,0.0,"[0,1,1,1,0,0]"
img3607.jpg,"[1,1,0,0,0,0,0,0]",1.0,0.0,0.0,0.0,"[0,1,1,0,0,0]"
img3654.jpg,"[1,1,1,0,0,0,0,0]",1.0,0.0,0.0,0.0,"[0,1,1,0,0,0]"
img3997.jpg,"[0,0,0,1,0,1,0,0]",1.0,1.0,0.0,0.0,"[0,1,1,0,0,0]"
img3998.jpg,"[0,0,0,0,0,1,0,0]",0.0,1.0,1.0,0.0,"[0,1,1,0,0,0]"
img408.jpg,"[0,0,0,0,0,1,0,0]",0.0,0.0,0.0,0.0,"[0,1,1,1,0,0]"
img4197.jpg,"[0,0,0,0,0,0,0,0]",0.0,0.0,0.0,0.0,"[0,1,1,1,1,1]"
img4275.jpg,"[1,1,0,0,0,1,0,0]",2.0,1.0,1.0,0.0,"[0,1,1,1,0,0]"
img4280.jpg,"[0,0,0,0,0,0,1,0]",0.0,2.0,2.0,0.0,"[1,0,0,0,0,0]"
img4435.jpg,"[0,0,0,0,1,0,0,0]",0.0,0.0,0.0,0.0,"[0,1,1,0,0,0]"
img4477.jpg,"[0,0,0,0,0,0,0,0]",0.0,0.0,0.0,0.0,"[0,1,1,1,1,0]"
img4548.jpg,"[1,0,0,0,0,0,0,0]",2.0,0.0,0.0,0.0,"[0,1,1,1,0,0]"
img4566.jpg,"[0,0,0,0,0,0,0,0]",0.0,,0.0,0.0,"[0,1,1,1,0,0]"
img4569.jpg,"[0,0,0,0,0,0,0,0]",0.0,0.0,0.0,0.0,"[0,1,1,1,1,1]"
img4758.jpg,"[1,0,0,1,0,0,0,0]",1.0,1.0,0.0,0.0,"[0,1,0,0,0,0]"
img4776.jpg,"[1,0,1,1,0,0,0,0]",1.0,2.0,2.0,0.0,"[0,1,1,0,0,0]"
img4908.jpg,"[1,1,0,0,1,0,0,0]",2.0,1.0,0.0,0.0,"[0,1,1,0,0,0]"
img554.jpg,"[1,0,0,0,0,0,0,0]",2.0,0.0,0.0,0.0,"[0,1,1,1,0,0]"
img721.jpg,"[0,0,0,0,0,1,0,0]",0.0,1.0,1.0,0.0,"[0,1,1,0,0,0]"
img778.jpg,"[0,0,1,0,0,0,0,0]",0.0,0.0,1.0,0.0,"[0,1,1,0,0,0]"
img793.jpg,"[1,0,1,0,1,0,0,0]",1.0,1.0,1.0,0.0,"[0,1,1,0,0,0]"
img1096.jpg,"[1,0,1,0,0,0,0,0]",2.0,0.0,0.0,0.0,"[0,1,1,1,0,0]"
img1120.jpg,"[1,0,0,0,0,0,0,0]",1.0,0.0,0.0,0.0,"[0,1,1,1,0,0]"
img1238.jpg,"[1,0,1,0,0,0,0,0]",2.0,0.0,1.0,0.0,"[0,1,1,0,0,0]"
img1359.jpg,"[0,0,0,0,0,0,0,0]",0.0,0.0,0.0,0.0,"[0,1,1,1,1,0]"
img1405.jpg,"[1,0,0,1,0,0,0,0]",1.0,1.0,0.0,0.0,"[0,1,1,0,0,0]"
img1465.jpg,"[1,0,0,0,1,0,0,0]",2.0,0.0,0.0,0.0,"[0,1,1,1,0,0]"
img147.jpg,"[0,0,0,0,1,0,0,0]",0.0,0.0,0.0,0.0,"[0,1,1,1,1,0]"
img1559.jpg,"[0,0,1,0,0,0,0,0]",0.0,0.0,0.0,0.0,"[0,1,1,1,0,0]"
img1822.jpg,"[0,0,0,0,1,0,0,0]",0.0,0.0,0.0,0.0,"[0,1,1,1,1,0]"
img1976.jpg,"[0,0,0,0,0,0,0,0]",0.0,0.0,0.0,0.0,"[0,1,1,1,1,1]"
img2116.jpg,"[0,0,1,0,0,0,0,0]",0.0,1.0,2.0,0.0,"[0,1,0,0,0,0]"
img2127.jpg,"[1,0,1,1,0,0,0,0]",2.0,1.0,2.0,0.0,"[0,1,0,0,0,0]"
img2136.jpg,"[1,0,0,1,0,0,0,0]",2.0,1.0,1.0,0.0,"[0,1,0,0,0,0]"
img2305.jpg,"[1,0,0,1,0,0,0,0]",2.0,2.0,2.0,0.0,"[1,0,0,0,0,0]"
img2425.jpg,"[0,0,0,0,0,0,0,0]",0.0,0.0,0.0,0.0,"[0,1,1,1,0,0]"
img2457.jpg,"[0,0,0,0,0,0,0,0]",0.0,0.0,0.0,0.0,"[0,1,1,1,0,0]"
img2465.jpg,"[1,0,0,0,0,0,0,0]",2.0,0.0,0.0,1.0,"[0,1,0,0,0,0]"
img2509.jpg,"[1,0,0,1,0,0,0,0]",2.0,2.0,1.0,,"[0,1,0,0,0,0]"
img2687.jpg,"[0,0,0,0,0,0,0,0]",0.0,0.0,0.0,0.0,"[0,1,1,1,0,0]"
img2821.jpg,"[1,0,0,0,0,0,0,0]",1.0,0.0,0.0,0.0,"[0,1,1,0,0,0]"
img284.jpg,"[1,0,0,0,0,0,1,0]",1.0,2.0,1.0,0.0,"[0,1,1,1,0,0]"
img2841.jpg,"[1,0,0,0,1,0,0,0]",1.0,0.0,0.0,0.0,"[0,1,1,0,0,0]"
img2928.jpg,"[0,0,0,0,1,0,0,0]",0.0,1.0,0.0,0.0,"[0,1,1,1,0,0]"
img2972.jpg,"[1,0,1,0,0,0,0,0]",1.0,0.0,0.0,0.0,"[0,1,0,0,0,0]"
img3015.jpg,"[1,0,0,0,0,0,0,0]",2.0,0.0,0.0,1.0,"[0,1,1,0,0,0]"
img3170.jpg,"[1,1,0,0,0,1,0,0]",2.0,1.0,0.0,0.0,"[0,1,1,1,0,0]"
img3290.jpg,"[1,1,0,0,0,0,0,0]",2.0,0.0,0.0,1.0,"[0,1,1,1,0,0]"
img340.jpg,"[0,0,0,0,0,0,0,0]",0.0,0.0,0.0,0.0,"[0,1,1,1,1,1]"
img341.jpg,"[0,0,0,0,0,1,0,0]",0.0,0.0,0.0,0.0,"[0,1,1,1,1,1]"
img3415.jpg,"[0,0,1,0,0,0,0,0]",0.0,0.0,1.0,0.0,"[0,1,1,1,0,0]"
img3443.jpg,"[0,0,1,0,0,0,0,0]",0.0,0.0,0.0,0.0,"[0,1,1,1,0,0]"
img3528.jpg,"[0,0,1,0,0,0,0,0]",0.0,0.0,1.0,0.0,"[0,1,1,1,0,0]"
img3581.jpg,"[1,0,0,0,0,0,0,0]",1.0,0.0,0.0,0.0,"[0,1,1,1,0,0]"
img3642.jpg,"[1,0,1,0,0,0,0,0]",1.0,0.0,1.0,0.0,"[0,1,1,0,0,0]"
img3644.jpg,"[1,0,1,0,0,0,0,0]",1.0,0.0,1.0,0.0,"[0,1,1,0,0,0]"
img3657.jpg,"[1,1,1,0,0,0,0,0]",2.0,0.0,0.0,1.0,"[0,1,1,1,0,0]"
img383.jpg,"[0,0,0,0,0,0,0,0]",0.0,0.0,0.0,0.0,"[0,1,1,1,0,0]"
img3887.jpg,"[0,0,0,0,1,0,0,0]",0.0,0.0,0.0,0.0,"[0,1,1,1,0,0]"
img4131.jpg,"[1,0,0,0,0,1,0,0]",1.0,1.0,0.0,0.0,"[0,1,1,0,0,0]"
img4237.jpg,"[0,0,0,0,0,0,0,0]",0.0,0.0,0.0,0.0,"[0,1,1,1,1,0]"
img4561.jpg,"[0,0,1,0,0,0,0,0]",0.0,0.0,1.0,0.0,"[0,1,1,1,0,0]"
img4742.jpg,"[1,0,0,1,0,0,0,0]",1.0,1.0,2.0,0.0,"[0,1,0,0,0,0]"
img4961.jpg,"[1,0,1,0,0,0,0,0]",1.0,0.0,0.0,0.0,"[0,1,1,1,0,0]"
img516.jpg,"[1,0,0,0,0,0,0,0]",1.0,0.0,0.0,0.0,"[0,1,1,1,0,0]"
img618.jpg,"[1,0,1,0,0,0,0,0]",2.0,0.0,0.0,0.0,"[0,1,1,1,0,0]"
img738.jpg,"[0,0,1,0,0,0,0,0]",0.0,0.0,0.0,0.0,"[0,1,1,1,0,0]"
img752.jpg,"[1,1,1,0,0,0,0,0]",1.0,0.0,1.0,0.0,"[0,1,1,0,0,0]"
img761.jpg,"[0,0,1,0,0,0,0,0]",0.0,0.0,1.0,0.0,"[0,1,1,1,0,0]"
img952.jpg,"[0,0,0,0,0,0,0,0]",0.0,0.0,0.0,0.0,"[0,1,1,1,1,0]"
img959.jpg,"[0,0,0,0,1,0,0,0]",0.0,0.0,0.0,0.0,"[0,1,1,1,1,0]"
img1113.jpg,"[1,0,0,0,0,0,0,0]",1.0,0.0,0.0,0.0,"[0,1,1,1,0,0]"
img1137.jpg,"[1,0,0,0,0,0,0,0]",2.0,0.0,0.0,0.0,"[0,1,1,1,0,0]"
img1336.jpg,"[0,0,0,0,0,0,0,0]",0.0,0.0,0.0,0.0,"[0,1,1,1,1,0]"
img1411.jpg,"[1,1,1,1,0,0,0,0]",2.0,1.0,0.0,0.0,"[0,1,1,1,0,0]"
img1608.jpg,"[1,0,1,0,0,0,0,0]",2.0,0.0,0.0,0.0,"[0,1,1,1,0,0]"
img1718.jpg,"[0,0,0,0,0,0,0,0]",0.0,0.0,0.0,0.0,"[0,1,1,1,1,0]"
img1785.jpg,"[0,0,0,0,1,0,0,0]",0.0,0.0,0.0,0.0,"[0,1,1,1,1,0]"
img181.jpg,"[0,0,1,0,0,0,0,0]",0.0,1.0,2.0,0.0,"[0,1,1,0,0,0]"
img1852.jpg,"[0,0,0,0,1,0,0,0]",0.0,0.0,0.0,0.0,"[0,1,1,1,1,0]"
img1906.jpg,"[1,0,0,1,0,0,0,0]",1.0,2.0,1.0,0.0,"[1,0,0,0,0,0]"
img1914.jpg,"[1,0,0,0,0,0,0,0]",1.0,0.0,0.0,1.0,"[0,1,1,0,0,0]"
img192.jpg,"[1,1,0,1,0,1,0,0]",2.0,2.0,1.0,0.0,"[1,0,0,0,0,0]"
img193.jpg,"[1,1,0,0,0,1,0,0]",1.0,0.0,0.0,0.0,"[0,1,1,0,0,0]"
img1972.jpg,"[0,0,0,0,0,1,0,0]",0.0,1.0,1.0,0.0,"[0,1,1,1,1,0]"
img2198.jpg,"[1,0,0,1,0,0,0,0]",2.0,2.0,0.0,0.0,"[0,1,0,0,0,0]"
img2260.jpg,"[1,0,0,0,0,0,0,0]",1.0,1.0,2.0,0.0,"[0,1,0,0,0,0]"
img2468.jpg,"[0,0,1,0,0,0,0,0]",0.0,0.0,0.0,0.0,"[0,1,1,1,0,0]"
img255.jpg,"[1,1,0,0,0,0,0,0]",2.0,0.0,0.0,0.0,"[0,1,1,1,0,0]"
img2646.jpg,"[1,1,0,0,0,0,0,0]",1.0,0.0,0.0,0.0,"[0,1,1,1,0,0]"
img2799.jpg,"[0,0,0,0,0,0,0,0]",0.0,0.0,0.0,0.0,"[0,1,1,1,1,1]"
img2881.jpg,"[1,0,1,0,0,0,0,0]",1.0,0.0,0.0,0.0,"[0,1,1,1,0,0]"
img2943.jpg,"[1,0,0,0,0,0,0,0]",1.0,1.0,2.0,0.0,"[0,1,1,0,0,0]"
img3005.jpg,"[0,0,0,0,0,0,0,0]",0.0,0.0,0.0,0.0,"[0,1,1,1,0,0]"
img307.jpg,"[0,0,1,0,0,0,1,0]",1.0,2.0,0.0,0.0,"[0,1,1,1,0,0]"
img3275.jpg,"[1,0,0,0,0,0,0,0]",2.0,0.0,0.0,0.0,"[0,1,1,1,0,0]"
img3297.jpg,"[1,0,1,0,0,0,0,0]",2.0,0.0,0.0,0.0,"[0,1,1,1,0,0]"
img3354.jpg,"[1,1,1,0,0,0,0,0]",2.0,0.0,0.0,0.0,"[0,1,1,1,1,0]"
img3361.jpg,"[1,0,0,0,0,0,0,0]",1.0,2.0,0.0,0.0,"[0,1,1,1,1,1]"
img355.jpg,"[0,0,0,0,0,0,0,0]",0.0,0.0,0.0,0.0,"[0,1,1,1,1,1]"
img3562.jpg,"[0,0,0,0,0,1,0,0]",1.0,1.0,1.0,0.0,"[0,1,1,0,0,0]"
img3706.jpg,"[1,1,0,0,1,0,0,0]",2.0,0.0,0.0,0.0,"[0,1,1,0,0,0]"
img3823.jpg,"[1,1,0,0,1,0,0,0]",1.0,1.0,0.0,1.0,"[0,1,1,0,0,0]"
img3847.jpg,"[0,0,0,0,0,0,0,0]",0.0,0.0,0.0,0.0,"[0,1,1,1,1,0]"
img4144.jpg,"[0,0,0,0,0,1,0,0]",0.0,1.0,0.0,0.0,"[0,1,1,1,1,1]"
img4223.jpg,"[1,0,1,0,0,0,0,0]",2.0,0.0,0.0,0.0,"[0,1,1,1,0,0]"
img4385.jpg,"[0,0,0,0,0,0,0,0]",0.0,0.0,0.0,0.0,"[0,1,1,1,0,0]"
img442.jpg,"[0,0,0,0,0,0,0,0]",0.0,0.0,0.0,0.0,"[0,1,1,1,0,0]"
img4489.jpg,"[0,0,1,0,0,0,0,0]",0.0,0.0,0.0,0.0,"[0,1,1,1,0,0]"
img4636.jpg,"[1,0,1,0,0,0,0,0]",2.0,0.0,1.0,0.0,"[0,1,1,1,0,0]"
img4932.jpg,"[0,0,0,0,0,0,0,0]",0.0,0.0,0.0,0.0,"[0,1,1,1,0,0]"
img4993.jpg,"[1,1,0,0,0,0,0,0]",2.0,0.0,0.0,0.0,"[0,1,1,1,0,0]"
img520.jpg,"[0,0,1,0,0,0,0,0]",0.0,0.0,0.0,0.0,"[0,1,1,1,1,1]"
img572.jpg,"[0,0,0,0,0,0,0,0]",0.0,0.0,0.0,0.0,"[0,1,1,1,0,0]"
img598.jpg,"[1,0,1,0,0,0,0,0]",2.0,0.0,0.0,0.0,"[0,1,1,1,0,0]"
img651.jpg,"[1,1,0,0,0,0,0,0]",2.0,0.0,0.0,0.0,"[0,1,1,1,0,0]"
img659.jpg,"[1,1,0,0,0,0,0,0]",2.0,0.0,0.0,0.0,"[0,1,1,1,0,0]"
img771.jpg,"[0,0,0,0,0,0,0,0]",0.0,0.0,0.0,0.0,"[0,1,1,1,1,1]"
img791.jpg,"[0,0,0,0,0,0,0,0]",0.0,0.0,0.0,0.0,"[0,1,1,1,0,0]"
img839.jpg,"[1,0,0,0,1,0,0,0]",1.0,1.0,0.0,0.0,"[0,1,1,1,1,0]"
img99.jpg,"[1,1,1,0,0,0,0,0]",2.0,1.0,2.0,0.0,"[0,1,0,0,0,0]"
img1131.jpg,"[1,0,1,0,1,0,0,0]",2.0,0.0,0.0,0.0,"[0,1,1,1,0,0]"
img1201.jpg,"[1,0,0,0,0,0,0,0]",2.0,0.0,0.0,0.0,"[0,1,1,1,0,0]"
img1273.jpg,"[1,0,0,0,0,1,0,0]",2.0,2.0,1.0,0.0,"[0,1,0,0,0,0]"
img1341.jpg,"[0,0,0,0,1,0,0,0]",0.0,0.0,0.0,0.0,"[0,1,1,1,1,0]"
img144.jpg,"[1,0,0,0,1,0,0,0]",1.0,0.0,0.0,0.0,"[0,1,1,1,0,0]"
img1687.jpg,"[1,1,0,1,0,0,0,0]",1.0,1.0,0.0,0.0,"[0,1,1,0,0,0]"
img1695.jpg,"[1,1,0,1,0,0,0,0]",1.0,1.0,0.0,0.0,"[0,1,1,0,0,0]"
img1709.jpg,"[1,1,0,1,0,0,0,0]",2.0,1.0,0.0,0.0,"[0,1,1,0,0,0]"
img1739.jpg,"[0,0,0,0,1,0,0,0]",0.0,0.0,0.0,0.0,"[0,1,1,1,1,0]"
img2022.jpg,"[1,0,1,1,0,0,0,0]",1.0,1.0,2.0,0.0,"[0,1,1,0,0,0]"
img2158.jpg,"[1,0,1,0,0,0,0,0]",1.0,1.0,2.0,0.0,"[0,1,0,0,0,0]"
img218.jpg,"[0,0,0,0,1,0,0,0]",0.0,1.0,0.0,0.0,"[0,1,1,0,0,0]"
img2196.jpg,"[1,0,0,0,1,0,0,0]",2.0,0.0,0.0,0.0,"[0,1,1,1,0,0]"
img2314.jpg,"[1,0,0,1,0,0,0,0]",1.0,2.0,2.0,1.0,"[1,0,0,0,0,0]"
img2511.jpg,"[1,0,1,0,0,0,0,0]",1.0,1.0,1.0,0.0,"[0,1,0,0,0,0]"
img252.jpg,"[1,1,0,0,0,0,0,0]",1.0,0.0,0.0,0.0,"[0,1,1,1,0,0]"
img2539.jpg,"[0,0,0,0,0,0,0,0]",0.0,0.0,0.0,0.0,"[0,1,1,1,1,1]"
img2564.jpg,"[1,1,0,0,0,0,0,0]",2.0,0.0,0.0,0.0,"[0,1,1,1,0,0]"
img2658.jpg,"[1,0,0,0,0,0,0,0]",2.0,0.0,0.0,0.0,"[0,1,1,0,0,0]"
img2686.jpg,"[0,0,0,0,0,0,0,0]",0.0,0.0,0.0,0.0,"[0,1,1,1,1,1]"
img2731.jpg,"[0,0,0,0,0,0,0,0]",0.0,0.0,0.0,0.0,"[0,1,1,1,1,1]"
img2760.jpg,"[0,0,0,0,0,0,0,0]",0.0,0.0,0.0,0.0,"[0,1,1,1,1,1]"
img2868.jpg,"[1,0,0,0,0,0,0,0]",2.0,0.0,0.0,1.0,"[0,1,1,0,0,0]"
img298.jpg,"[1,1,0,0,0,0,0,0]",2.0,0.0,0.0,0.0,"[0,1,1,1,0,0]"
img3169.jpg,"[1,0,0,0,0,1,0,0]",2.0,1.0,1.0,0.0,"[0,1,1,1,0,0]"
img3221.jpg,"[0,0,0,0,0,1,0,0]",0.0,0.0,1.0,0.0,"[0,1,1,1,0,0]"
img3321.jpg,"[1,0,1,0,0,0,0,0]",1.0,0.0,0.0,0.0,"[0,1,1,0,0,0]"
img3333.jpg,"[1,0,1,0,0,0,0,0]",2.0,0.0,0.0,1.0,"[0,1,1,0,0,0]"
img3497.jpg,"[1,0,1,0,0,0,0,0]",2.0,0.0,2.0,1.0,"[0,1,0,0,0,0]"
img3549.jpg,"[0,0,0,0,0,0,0,0]",0.0,0.0,0.0,0.0,"[0,1,1,0,0,0]"
img3602.jpg,"[1,0,0,0,0,0,0,0]",2.0,0.0,0.0,0.0,"[0,1,1,1,0,0]"
img3737.jpg,"[1,0,0,0,0,0,0,0]",2.0,0.0,0.0,0.0,"[0,1,1,1,0,0]"
img3749.jpg,"[1,1,0,0,0,0,1,0]",2.0,0.0,0.0,0.0,"[0,1,1,0,0,0]"
img3751.jpg,"[1,0,0,0,1,0,1,0]",1.0,1.0,1.0,0.0,"[0,1,1,0,0,0]"
img417.jpg,"[0,0,0,0,0,0,0,0]",0.0,0.0,0.0,0.0,"[0,1,1,1,1,1]"
img4329.jpg,"[1,0,0,1,0,0,0,0]",1.0,1.0,0.0,0.0,"[0,1,1,0,0,0]"
img4372.jpg,"[1,0,0,1,0,0,0,0]",1.0,1.0,0.0,0.0,"[0,1,1,0,0,0]"
img4585.jpg,"[1,0,0,0,0,0,0,0]",2.0,0.0,0.0,0.0,"[0,1,1,1,0,0]"
img4676.jpg,"[1,0,0,0,0,0,0,0]",2.0,0.0,0.0,0.0,"[0,1,1,1,0,0]"
img4688.jpg,"[1,0,0,0,0,0,0,0]",2.0,0.0,0.0,0.0,"[0,1,1,1,0,0]"
img4853.jpg,"[0,0,0,0,0,1,0,0]",0.0,1.0,1.0,0.0,"[0,1,1,0,0,0]"
img4915.jpg,"[1,0,0,0,0,0,0,0]",2.0,0.0,0.0,0.0,"[0,1,1,0,0,0]"
img4930.jpg,"[1,0,0,0,0,0,0,0]",1.0,0.0,0.0,0.0,"[0,1,1,0,0,0]"
img4966.jpg,"[0,0,0,0,0,0,0,0]",0.0,0.0,0.0,0.0,"[0,1,1,1,0,0]"
img526.jpg,"[0,0,0,0,0,0,0,0]",0.0,0.0,0.0,0.0,"[0,1,1,1,1,1]"
img75.jpg,"[1,0,0,1,0,0,0,0]",2.0,1.0,0.0,0.0,"[0,1,0,0,0,0]"
img760.jpg,"[0,0,0,0,0,0,0,0]",0.0,0.0,0.0,0.0,"[0,1,1,1,1,0]"
img848.jpg,"[1,0,0,0,1,0,0,0]",1.0,0.0,0.0,0.0,"[0,1,1,1,0,0]"
img971.jpg,"[0,0,0,0,1,0,0,0]",0.0,0.0,0.0,0.0,"[0,1,1,1,1,0]"
img984.jpg,"[0,0,0,0,1,0,0,0]",0.0,0.0,0.0,0.0,"[0,1,1,1,1,0]"
img1186.jpg,"[1,0,0,0,0,0,0,0]",2.0,0.0,0.0,1.0,"[0,1,0,0,0,0]"
img1300.jpg,"[1,1,1,0,0,0,0,0]",2.0,0.0,0.0,0.0,"[0,1,1,1,0,0]"
img1461.jpg,"[1,1,0,0,1,0,0,0]",2.0,0.0,0.0,0.0,"[0,1,1,1,0,0]"
img1557.jpg,"[1,0,1,0,0,0,0,0]",1.0,0.0,0.0,0.0,"[0,1,1,1,0,0]"
img167.jpg,"[0,0,0,0,1,0,0,0]",0.0,0.0,1.0,0.0,"[0,1,1,1,0,0]"
img1712.jpg,"[1,1,0,0,0,1,0,0]",1.0,1.0,0.0,0.0,"[0,1,1,1,0,0]"
img1795.jpg,"[0,0,0,0,1,0,0,0]",0.0,0.0,0.0,0.0,"[0,1,1,1,0,0]"
img1805.jpg,"[0,0,0,0,1,0,0,0]",0.0,0.0,0.0,0.0,"[0,1,1,1,1,0]"
img1847.jpg,"[0,0,0,0,1,0,0,0]",0.0,0.0,0.0,0.0,"[0,1,1,1,1,0]"
img1913.jpg,"[1,0,0,0,0,0,0,0]",0.0,0.0,0.0,1.0,"[0,1,1,0,0,0]"
img1962.jpg,"[1,0,0,0,0,1,0,0]",0.0,1.0,1.0,0.0,"[0,1,1,1,0,0]"
img2010.jpg,"[1,0,1,1,0,0,0,0]",1.0,1.0,2.0,0.0,"[0,1,1,0,0,0]"
img210.jpg,"[0,0,0,0,1,0,0,0]",0.0,1.0,1.0,0.0,"[0,1,1,1,0,0]"
img2104.jpg,"[1,0,1,0,0,0,0,0]",2.0,1.0,2.0,0.0,"[0,1,1,0,0,0]"
img2311.jpg,"[1,0,0,1,0,0,0,0]",1.0,2.0,2.0,0.0,"[1,0,0,0,0,0]"
img2372.jpg,"[1,0,1,1,0,0,0,0]",2.0,1.0,2.0,0.0,"[0,1,0,0,0,0]"
img242.jpg,"[1,1,0,0,0,0,0,0]",2.0,0.0,0.0,0.0,"[0,1,1,1,0,0]"
img2605.jpg,"[0,0,0,0,0,0,0,0]",0.0,0.0,0.0,0.0,"[0,1,1,1,0,0]"
img2697.jpg,"[0,0,0,0,0,0,0,0]",0.0,0.0,0.0,0.0,"[0,1,1,1,1,1]"
img2955.jpg,"[1,0,0,0,0,0,0,0]",1.0,0.0,0.0,1.0,"[0,1,1,0,0,0]"
img3060.jpg,"[1,1,0,0,0,0,0,0]",2.0,0.0,2.0,0.0,"[0,1,1,0,0,0]"
img3062.jpg,"[0,0,0,0,0,0,0,0]",0.0,0.0,0.0,0.0,"[0,1,1,1,1,1]"
img3101.jpg,"[1,0,0,0,0,1,0,0]",2.0,1.0,1.0,0.0,"[0,1,1,1,0,0]"
img3106.jpg,"[1,0,1,0,0,0,0,0]",2.0,0.0,0.0,0.0,"[0,1,1,0,0,0]"
img3150.jpg,"[1,0,0,0,0,1,0,0]",2.0,1.0,0.0,0.0,"[0,1,1,1,0,0]"
img3161.jpg,"[1,0,0,0,0,1,0,0]",2.0,1.0,0.0,0.0,"[0,1,1,1,0,0]"
img3186.jpg,"[1,0,0,0,0,1,0,0]",1.0,1.0,0.0,0.0,"[0,1,1,1,0,0]"
img3344.jpg,"[1,0,0,0,0,0,0,0]",2.0,0.0,0.0,1.0,"[0,1,1,0,0,0]"
img3380.jpg,"[0,0,1,0,0,0,0,0]",0.0,0.0,1.0,0.0,"[0,1,1,1,0,0]"
img3440.jpg,"[0,0,1,0,0,0,0,0]",0.0,0.0,0.0,0.0,"[0,1,1,1,0,0]"
img3448.jpg,"[1,0,1,0,0,0,0,0]",2.0,0.0,0.0,0.0,"[0,1,1,1,0,0]"
img3463.jpg,"[1,0,1,0,0,0,0,0]",1.0,0.0,0.0,,"[0,1,1,0,0,0]"
img3651.jpg,"[1,0,0,0,0,0,0,0]",1.0,0.0,0.0,1.0,"[0,1,1,1,0,0]"
img367.jpg,"[0,0,1,0,0,0,0,0]",0.0,0.0,0.0,0.0,"[0,1,1,1,0,0]"
img3747.jpg,"[1,0,0,0,0,0,0,0]",1.0,0.0,0.0,0.0,"[0,1,1,0,0,0]"
img3773.jpg,"[1,1,0,0,1,0,0,0]",2.0,0.0,0.0,0.0,"[0,1,1,1,1,1]"
img4007.jpg,"[1,0,1,0,0,1,0,0]",1.0,1.0,1.0,0.0,"[0,1,1,1,0,0]"
img4050.jpg,"[1,0,0,0,0,1,0,0]",1.0,1.0,2.0,0.0,"[0,1,1,0,0,0]"
img4120.jpg,"[1,0,0,1,0,1,0,0]",1.0,1.0,0.0,0.0,"[0,1,1,0,0,0]"
img419.jpg,"[0,0,0,0,0,0,0,0]",0.0,0.0,0.0,0.0,"[0,1,1,1,1,1]"
img4358.jpg,"[0,0,0,1,0,0,0,0]",1.0,1.0,0.0,0.0,"[0,1,1,1,0,0]"
img454.jpg,"[1,0,0,0,0,0,0,0]",1.0,0.0,0.0,0.0,"[0,1,1,1,0,0]"
img4628.jpg,"[0,0,0,0,1,0,0,0]",0.0,0.0,0.0,0.0,"[0,1,1,1,1,0]"
img463.jpg,"[0,0,0,0,0,0,0,0]",0.0,0.0,0.0,0.0,"[0,1,1,1,1,1]"
img4658.jpg,"[1,0,0,0,0,0,0,0]",2.0,0.0,0.0,0.0,"[0,1,1,1,0,0]"
img4861.jpg,"[1,0,0,0,0,0,0,0]",1.0,0.0,0.0,0.0,"[0,1,1,0,0,0]"
img549.jpg,"[0,0,0,0,0,0,0,0]",0.0,,0.0,0.0,"[0,1,1,1,1,1]"
img657.jpg,"[1,0,0,0,0,0,0,0]",2.0,0.0,0.0,0.0,"[0,1,1,1,0,0]"
img871.jpg,"[1,0,0,0,1,0,0,0]",2.0,1.0,1.0,0.0,"[0,1,1,1,0,0]"
img976.jpg,"[0,0,0,0,1,0,0,0]",0.0,0.0,0.0,0.0,"[0,1,1,1,1,0]"
img10.jpg,"[1,0,0,0,1,0,0,0]",1.0,1.0,1.0,0.0,"[0,1,1,0,0,0]"
img1316.jpg,"[0,0,1,0,0,0,0,0]",0.0,0.0,0.0,0.0,"[0,1,1,1,1,0]"
img1430.jpg,"[0,0,0,1,1,0,0,0]",0.0,1.0,0.0,0.0,"[0,1,1,0,0,0]"
img1566.jpg,"[0,0,1,0,0,0,0,0]",0.0,0.0,0.0,0.0,"[0,1,1,1,0,0]"
img1633.jpg,"[1,0,0,0,0,0,0,0]",2.0,1.0,2.0,0.0,"[0,1,1,1,0,0]"
img1816.jpg,"[1,0,0,0,0,0,0,0]",1.0,0.0,0.0,0.0,"[0,1,1,1,0,0]"
img1920.jpg,"[1,0,0,0,0,0,0,0]",0.0,0.0,0.0,0.0,"[0,1,1,0,0,0]"
img1944.jpg,"[1,0,0,0,0,0,0,0]",1.0,0.0,0.0,0.0,"[0,1,1,0,0,0]"
img2094.jpg,"[1,0,1,1,0,0,0,0]",1.0,1.0,2.0,0.0,"[0,1,0,0,0,0]"
img2324.jpg,"[1,0,0,1,0,0,0,0]",2.0,1.0,0.0,0.0,"[0,1,0,0,0,0]"
img2566.jpg,"[1,0,0,0,0,0,0,0]",1.0,0.0,0.0,0.0,"[0,1,1,1,0,0]"
img2613.jpg,"[1,0,0,0,0,0,0,0]",1.0,0.0,0.0,0.0,"[0,1,1,1,0,0]"
img2847.jpg,"[1,0,0,0,1,0,0,0]",1.0,0.0,0.0,0.0,"[0,1,1,0,0,0]"
img2950.jpg,"[1,0,0,0,0,0,0,0]",1.0,0.0,0.0,0.0,"[0,1,1,0,0,0]"
img3032.jpg,"[1,0,0,0,0,0,0,0]",1.0,1.0,2.0,0.0,"[0,1,1,0,0,0]"
img3035.jpg,"[1,1,0,0,0,0,0,0]",1.0,1.0,2.0,0.0,"[0,1,1,0,0,0]"
img3142.jpg,"[1,0,0,0,0,1,0,0]",2.0,1.0,1.0,0.0,"[0,1,1,1,0,0]"
img324.jpg,"[0,0,0,0,0,0,0,0]",0.0,0.0,0.0,0.0,"[0,1,1,1,1,1]"
img3403.jpg,"[0,0,0,0,0,0,0,0]",0.0,0.0,0.0,0.0,"[0,1,1,1,1,1]"
img3506.jpg,"[1,0,1,0,0,0,0,0]",2.0,0.0,2.0,0.0,"[0,1,0,0,0,0]"
img3571.jpg,"[1,0,1,0,0,0,0,0]",0.0,0.0,1.0,0.0,"[0,1,1,0,0,0]"
img3606.jpg,"[1,0,1,0,0,0,0,0]",1.0,0.0,1.0,0.0,"[0,1,1,1,0,0]"
img3617.jpg,"[1,0,1,0,0,0,0,0]",2.0,0.0,1.0,0.0,"[0,1,1,1,0,0]"
img3631.jpg,"[1,0,1,0,0,0,0,0]",2.0,0.0,1.0,0.0,"[0,1,1,1,0,0]"
img3722.jpg,"[1,1,0,0,0,0,0,0]",1.0,0.0,0.0,0.0,"[0,1,1,1,0,0]"
img3742.jpg,"[1,0,0,0,0,0,0,0]",1.0,0.0,1.0,0.0,"[0,1,1,1,0,0]"
img3816.jpg,"[0,0,0,0,0,0,0,0]",0.0,0.0,0.0,0.0,"[0,1,1,1,1,1]"
img3852.jpg,"[0,0,0,0,0,0,0,0]",0.0,0.0,0.0,0.0,"[0,1,1,1,1,0]"
img3961.jpg,"[1,0,0,0,1,0,0,0]",2.0,1.0,0.0,0.0,"[0,1,1,1,0,0]"
img4134.jpg,"[1,0,0,1,0,0,0,0]",1.0,2.0,2.0,0.0,"[1,0,0,0,0,0]"
img4225.jpg,"[0,0,0,0,0,0,0,0]",0.0,0.0,0.0,0.0,"[0,1,1,1,0,0]"
img4386.jpg,"[1,0,0,0,0,0,0,0]",2.0,0.0,0.0,0.0,"[0,1,1,1,0,0]"
img4461.jpg,"[0,0,0,0,0,0,0,0]",0.0,0.0,0.0,0.0,"[0,1,1,1,1,1]"
img4508.jpg,"[1,0,0,0,0,1,0,0]",2.0,0.0,0.0,0.0,"[0,1,1,1,0,0]"
img4562.jpg,"[1,1,0,0,0,0,0,0]",2.0,0.0,0.0,0.0,"[0,1,1,0,0,0]"
img4608.jpg,"[1,1,0,0,0,0,0,0]",0.0,0.0,0.0,0.0,"[0,1,1,1,0,0]"
img4637.jpg,"[1,1,0,0,0,0,0,0]",1.0,0.0,0.0,0.0,"[0,1,1,1,0,0]"
img4716.jpg,"[0,0,0,0,1,0,0,0]",0.0,0.0,0.0,0.0,"[0,1,1,1,0,0]"
img4791.jpg,"[1,0,0,0,1,0,0,0]",1.0,1.0,0.0,0.0,"[0,1,1,1,0,0]"
img4880.jpg,"[1,0,0,0,1,0,0,0]",0.0,0.0,0.0,0.0,"[0,1,1,0,0,0]"
img4881.jpg,"[0,0,0,0,0,0,0,0]",0.0,0.0,0.0,0.0,"[0,1,1,1,1,1]"
img4969.jpg,"[1,0,0,0,0,0,0,0]",2.0,0.0,0.0,0.0,"[0,1,1,1,0,0]"
img4992.jpg,"[0,0,0,0,0,0,0,0]",0.0,0.0,0.0,0.0,"[0,1,1,1,1,1]"
img581.jpg,"[0,0,0,0,1,0,0,0]",0.0,0.0,0.0,0.0,"[0,1,1,1,1,0]"
img623.jpg,"[1,0,0,0,0,1,0,0]",2.0,1.0,1.0,0.0,"[0,1,1,0,0,0]"
img717.jpg,"[1,1,0,0,0,1,0,0]",2.0,0.0,0.0,0.0,"[0,1,1,1,0,0]"
img794.jpg,"[0,0,1,0,0,0,0,0]",0.0,0.0,1.0,0.0,"[0,1,1,0,0,0]"
img882.jpg,"[1,1,0,0,0,0,0,0]",0.0,0.0,1.0,0.0,"[0,1,1,1,0,0]"
img913.jpg,"[0,0,1,0,0,0,0,0]",0.0,0.0,0.0,0.0,"[0,1,1,1,0,0]"
img941.jpg,"[0,0,0,0,0,0,1,0]",0.0,2.0,2.0,1.0,"[1,0,0,0,0,0]"
img1024.jpg,"[1,1,1,0,0,0,0,0]",2.0,0.0,0.0,0.0,"[0,1,1,1,0,0]"
img1036.jpg,"[1,1,0,0,0,0,0,0]",2.0,0.0,0.0,0.0,"[0,1,1,1,0,0]"
img1060.jpg,"[1,1,1,0,0,0,0,0]",2.0,0.0,0.0,0.0,"[0,1,1,1,0,0]"
img1093.jpg,"[1,0,0,0,1,1,0,0]",2.0,1.0,1.0,0.0,"[0,1,1,0,0,0]"
img113.jpg,"[0,0,0,0,1,0,0,0]",0.0,0.0,0.0,0.0,"[0,1,1,1,1,0]"
img1170.jpg,"[1,1,0,0,0,0,0,0]",2.0,0.0,0.0,0.0,"[0,1,1,1,0,0]"
img1572.jpg,"[0,0,0,0,0,0,0,0]",0.0,0.0,0.0,0.0,"[0,1,1,1,0,0]"
img1915.jpg,"[1,0,0,0,0,0,0,0]",1.0,0.0,0.0,0.0,"[0,1,1,0,0,0]"
img1940.jpg,"[1,0,0,0,0,0,0,0]",1.0,0.0,0.0,0.0,"[0,1,1,0,0,0]"
img1975.jpg,"[1,1,0,0,0,1,0,0]",1.0,1.0,1.0,0.0,"[0,1,1,0,0,0]"
img2013.jpg,"[1,0,1,1,0,0,0,0]",1.0,1.0,2.0,0.0,"[0,1,1,0,0,0]"
img214.jpg,"[0,0,0,0,1,0,0,0]",2.0,1.0,0.0,0.0,"[0,1,1,0,0,0]"
img2451.jpg,"[0,0,0,0,0,0,0,0]",0.0,0.0,0.0,0.0,"[0,1,1,1,0,0]"
img2460.jpg,"[0,0,0,0,0,0,0,0]",0.0,0.0,0.0,0.0,"[0,1,1,1,0,0]"
img2556.jpg,"[1,0,0,0,0,0,0,0]",2.0,0.0,0.0,0.0,"[0,1,1,1,0,0]"
img2620.jpg,"[1,1,1,0,0,0,0,0]",1.0,0.0,0.0,0.0,"[0,1,1,1,0,0]"
img2786.jpg,"[0,0,0,0,0,0,0,0]",0.0,0.0,0.0,0.0,"[0,1,1,1,1,1]"
img2865.jpg,"[1,0,0,0,0,0,0,0]",2.0,0.0,0.0,1.0,"[0,1,1,0,0,0]"
img2947.jpg,"[1,0,1,0,0,0,0,0]",1.0,0.0,0.0,0.0,"[0,1,1,0,0,0]"
img2981.jpg,"[1,0,0,0,0,0,0,0]",2.0,0.0,0.0,0.0,"[0,1,1,0,0,0]"
img3024.jpg,"[0,0,0,0,0,0,0,0]",0.0,0.0,0.0,0.0,"[0,1,1,1,0,0]"
img320.jpg,"[1,0,0,0,0,0,1,0]",1.0,2.0,1.0,0.0,"[0,1,1,0,0,0]"
img3249.jpg,"[0,0,0,0,0,0,0,0]",0.0,0.0,0.0,0.0,"[0,1,1,1,0,0]"
img335.jpg,"[0,0,0,0,1,0,0,0]",0.0,0.0,0.0,0.0,"[0,1,1,1,0,0]"
img345.jpg,"[0,0,1,0,0,0,0,0]",0.0,0.0,0.0,0.0,"[0,1,1,1,1,0]"
img351.jpg,"[0,0,0,0,0,0,0,0]",0.0,0.0,0.0,0.0,"[0,1,1,1,1,1]"
img3556.jpg,"[1,1,0,0,0,1,0,0]",2.0,1.0,1.0,0.0,"[0,1,1,0,0,0]"
img3574.jpg,"[1,0,1,0,0,0,0,0]",2.0,0.0,1.0,0.0,"[0,1,1,0,0,0]"
img3579.jpg,"[1,0,1,0,0,0,0,0]",0.0,0.0,1.0,0.0,"[0,1,1,0,0,0]"
img3599.jpg,"[1,0,1,0,0,0,0,0]",2.0,0.0,1.0,0.0,"[0,1,1,1,0,0]"
img3643.jpg,"[1,0,1,0,0,0,0,0]",0.0,0.0,1.0,0.0,"[0,1,1,1,0,0]"
img3653.jpg,"[0,0,1,0,0,0,0,0]",0.0,0.0,0.0,1.0,"[0,1,1,0,0,0]"
img3656.jpg,"[1,1,0,0,0,0,0,0]",1.0,0.0,0.0,0.0,"[0,1,1,1,0,0]"
img3658.jpg,"[1,1,1,0,0,0,0,0]",2.0,0.0,0.0,1.0,"[0,1,1,1,0,0]"
img3899.jpg,"[1,0,0,1,1,0,0,0]",2.0,2.0,1.0,0.0,"[1,0,0,0,0,0]"
img4103.jpg,"[1,0,0,0,0,0,0,0]",2.0,0.0,0.0,0.0,"[1,0,0,0,0,0]"
img4147.jpg,"[1,0,1,0,0,1,0,0]",1.0,1.0,0.0,0.0,"[0,1,1,0,0,0]"
img4196.jpg,"[1,0,0,0,0,0,0,0]",1.0,0.0,0.0,0.0,"[0,1,1,1,0,0]"
img4202.jpg,"[0,0,0,0,0,0,0,0]",0.0,0.0,0.0,0.0,"[0,1,1,1,0,0]"
img4434.jpg,"[1,0,1,0,0,0,0,0]",2.0,0.0,0.0,0.0,"[0,1,1,0,0,0]"
img4554.jpg,"[1,0,0,0,0,0,0,0]",1.0,0.0,0.0,0.0,"[0,1,1,1,0,0]"
img4759.jpg,"[1,0,1,1,0,0,0,0]",1.0,2.0,2.0,0.0,"[0,1,0,0,0,0]"
img4777.jpg,"[1,0,0,1,0,0,0,0]",1.0,2.0,2.0,0.0,"[0,1,1,0,0,0]"
img4821.jpg,"[1,0,0,0,1,0,0,0]",1.0,1.0,0.0,0.0,"[0,1,1,1,0,0]"
img4937.jpg,"[1,0,0,0,0,0,0,0]",1.0,0.0,2.0,0.0,"[0,1,0,0,0,0]"
img511.jpg,"[0,0,0,0,0,0,0,0]",0.0,0.0,0.0,0.0,"[0,1,1,1,1,1]"
img512.jpg,"[1,1,1,0,0,0,0,0]",2.0,0.0,0.0,0.0,"[0,1,1,1,0,0]"
img557.jpg,"[0,0,0,0,0,0,0,0]",0.0,0.0,0.0,0.0,"[0,1,1,1,0,0]"
img652.jpg,"[0,0,0,0,0,0,1,0]",0.0,2.0,2.0,0.0,"[0,1,1,0,0,0]"
img887.jpg,"[1,0,0,0,1,0,0,0]",2.0,1.0,0.0,0.0,"[0,1,1,1,0,0]"
img1178.jpg,"[1,0,0,0,0,0,0,0]",2.0,0.0,0.0,0.0,"[0,1,1,1,0,0]"
img1245.jpg,"[1,1,1,0,0,0,0,0]",1.0,0.0,1.0,0.0,"[0,1,1,1,0,0]"
img1455.jpg,"[1,0,0,0,1,0,0,0]",2.0,0.0,0.0,0.0,"[0,1,1,0,0,0]"
img1498.jpg,"[1,0,1,0,0,0,0,0]",2.0,1.0,2.0,0.0,"[0,1,0,0,0,0]"
img1523.jpg,"[1,0,1,0,0,0,0,0]",2.0,1.0,2.0,,"[0,1,1,0,0,0]"
img1532.jpg,"[0,0,0,0,0,1,0,0]",0.0,1.0,1.0,0.0,"[0,1,1,1,0,0]"
img1774.jpg,"[0,0,0,0,0,0,0,0]",0.0,0.0,0.0,0.0,"[0,1,1,1,1,1]"
img1832.jpg,"[0,0,0,0,0,1,0,0]",0.0,1.0,1.0,0.0,"[0,1,1,1,0,0]"
img1907.jpg,"[1,0,0,1,0,0,0,0]",1.0,2.0,1.0,0.0,"[1,0,0,0,0,0]"
img1921.jpg,"[1,0,0,0,0,0,0,0]",1.0,0.0,0.0,0.0,"[0,1,1,0,0,0]"
img2046.jpg,"[1,0,0,0,0,0,0,0]",1.0,0.0,2.0,0.0,"[0,1,0,0,0,0]"
img2132.jpg,"[1,0,1,1,0,0,0,0]",1.0,1.0,2.0,0.0,"[0,1,1,0,0,0]"
img2149.jpg,"[1,0,1,0,0,0,0,0]",1.0,1.0,2.0,0.0,"[0,1,1,0,0,0]"
img2173.jpg,"[1,0,0,0,1,0,0,0]",1.0,0.0,0.0,0.0,"[0,1,1,0,0,0]"
img2192.jpg,"[1,0,0,0,1,0,0,0]",2.0,0.0,0.0,0.0,"[0,1,1,0,0,0]"
img224.jpg,"[0,0,0,0,1,0,0,0]",0.0,1.0,1.0,0.0,"[0,1,1,0,0,0]"
img2302.jpg,"[1,0,0,1,0,0,0,0]",2.0,2.0,1.0,1.0,"[1,0,0,0,0,0]"
img2347.jpg,"[1,0,0,0,1,0,0,0]",2.0,0.0,0.0,0.0,"[0,1,1,1,0,0]"
img2600.jpg,"[1,0,0,0,1,0,0,0]",2.0,0.0,0.0,0.0,"[0,1,1,1,0,0]"
img2657.jpg,"[1,0,0,0,0,0,0,0]",1.0,0.0,0.0,0.0,"[0,1,1,1,0,0]"
img2872.jpg,"[1,0,0,0,0,0,0,0]",2.0,0.0,0.0,0.0,"[0,1,1,0,0,0]"
img292.jpg,"[1,0,0,0,0,0,0,0]",2.0,0.0,1.0,0.0,"[0,1,1,0,0,0]"
img3021.jpg,"[1,0,0,0,0,0,0,0]",2.0,0.0,0.0,0.0,"[0,1,1,0,0,0]"
img3109.jpg,"[1,1,0,0,0,1,0,0]",2.0,1.0,0.0,0.0,"[0,1,1,1,0,0]"
img3135.jpg,"[1,0,0,0,0,1,0,0]",2.0,1.0,0.0,0.0,"[0,1,1,1,0,0]"
img3209.jpg,"[1,1,0,0,0,1,0,0]",2.0,1.0,1.0,0.0,"[0,1,1,1,0,0]"
img3662.jpg,"[1,1,0,0,0,0,0,0]",2.0,0.0,0.0,0.0,"[0,1,1,1,0,0]"
img3674.jpg,"[1,1,1,0,0,0,0,0]",2.0,0.0,0.0,0.0,"[0,1,1,1,0,0]"
img376.jpg,"[0,0,0,0,0,0,0,0]",0.0,0.0,0.0,0.0,"[0,1,1,1,0,0]"
img3931.jpg,"[1,0,0,1,0,0,0,0]",1.0,2.0,1.0,0.0,"[1,0,0,0,0,0]"
img3954.jpg,"[1,0,0,1,1,0,0,0]",2.0,1.0,0.0,1.0,"[0,1,1,0,0,0]"
img4034.jpg,"[1,0,0,0,1,0,0,0]",1.0,1.0,1.0,0.0,"[0,1,1,0,0,0]"
img4056.jpg,"[1,0,0,0,1,0,0,0]",2.0,0.0,0.0,0.0,"[0,1,1,1,0,0]"
img412.jpg,"[0,0,0,0,0,0,0,0]",0.0,0.0,0.0,0.0,"[0,1,1,1,1,0]"
img4274.jpg,"[1,1,0,0,0,1,0,0]",2.0,1.0,1.0,0.0,"[0,1,1,1,0,0]"
img4279.jpg,"[1,0,0,0,0,1,0,0]",1.0,1.0,1.0,1.0,"[0,1,1,1,0,0]"
img4469.jpg,"[0,0,0,0,0,0,0,0]",0.0,0.0,0.0,0.0,"[0,1,1,1,1,0]"
img4540.jpg,"[1,0,0,0,0,0,0,0]",2.0,0.0,1.0,0.0,"[0,1,1,1,0,0]"
img4573.jpg,"[0,0,0,0,1,0,0,0]",0.0,0.0,0.0,0.0,"[0,1,1,1,1,0]"
img4618.jpg,"[1,0,0,0,1,0,0,0]",2.0,0.0,0.0,0.0,"[0,1,1,1,0,0]"
img4725.jpg,"[1,0,0,0,1,0,0,0]",1.0,1.0,1.0,1.0,"[0,1,1,0,0,0]"
img4731.jpg,"[1,0,0,1,0,0,0,0]",1.0,1.0,0.0,0.0,"[0,1,1,0,0,0]"
img4781.jpg,"[1,0,0,1,0,0,0,0]",1.0,2.0,2.0,0.0,"[0,1,1,0,0,0]"
img4789.jpg,"[1,0,0,1,0,0,0,0]",1.0,1.0,2.0,0.0,"[0,1,1,0,0,0]"
img68.jpg,"[1,0,0,1,0,0,0,0]",2.0,2.0,1.0,0.0,"[1,0,0,0,0,0]"
img709.jpg,"[1,0,0,0,0,0,0,0]",2.0,0.0,0.0,0.0,"[0,1,1,1,0,0]"
img816.jpg,"[1,0,0,0,1,0,0,0]",1.0,1.0,0.0,0.0,"[0,1,1,1,0,0]"
img88.jpg,"[1,0,0,1,0,0,0,0]",1.0,2.0,1.0,0.0,"[1,0,0,0,0,0]"
img895.jpg,"[0,0,0,0,1,0,0,0]",0.0,1.0,0.0,0.0,"[0,1,1,0,0,0]"
img980.jpg,"[0,0,0,0,1,0,0,0]",0.0,0.0,0.0,0.0,"[0,1,1,1,1,0]"
img1061.jpg,"[1,1,0,0,1,0,0,0]",2.0,1.0,0.0,0.0,"[0,1,1,1,0,0]"
img1078.jpg,"[1,0,0,0,1,0,0,0]",1.0,1.0,1.0,0.0,"[0,1,1,1,0,0]"
img1126.jpg,"[1,0,0,0,0,0,0,0]",0.0,0.0,0.0,0.0,"[0,1,1,1,0,0]"
img1149.jpg,"[1,0,0,1,1,0,0,0]",1.0,1.0,0.0,0.0,"[1,0,0,0,0,0]"
img1219.jpg,"[0,0,1,0,0,0,0,0]",0.0,0.0,0.0,0.0,"[0,1,1,1,0,0]"
img1444.jpg,"[1,0,0,1,0,0,0,0]",2.0,1.0,1.0,0.0,"[0,1,1,0,0,0]"
img1605.jpg,"[1,0,1,0,0,0,0,0]",2.0,0.0,0.0,0.0,"[0,1,1,0,0,0]"
img1882.jpg,"[0,0,0,0,0,0,0,0]",0.0,0.0,0.0,0.0,"[0,1,1,1,1,1]"
img1887.jpg,"[1,0,0,0,0,0,0,0]",2.0,0.0,0.0,0.0,"[0,1,1,1,0,0]"
img1899.jpg,"[1,0,0,1,0,0,0,0]",2.0,2.0,0.0,0.0,"[0,1,0,0,0,0]"
img1912.jpg,"[1,0,0,0,0,0,0,0]",1.0,0.0,0.0,0.0,"[0,1,1,0,0,0]"
img1925.jpg,"[1,0,1,0,0,0,0,0]",1.0,0.0,0.0,0.0,"[0,1,1,0,0,0]"
img2062.jpg,"[1,0,0,1,0,0,0,0]",2.0,1.0,1.0,0.0,"[0,1,0,0,0,0]"
img236.jpg,"[1,1,0,0,0,0,0,0]",1.0,1.0,1.0,0.0,"[0,1,1,0,0,0]"
img2373.jpg,"[1,0,0,1,0,0,0,0]",0.0,1.0,2.0,0.0,"[0,1,1,0,0,0]"
img245.jpg,"[1,1,0,0,0,0,0,0]",2.0,0.0,0.0,0.0,"[0,1,1,0,0,0]"
img2517.jpg,"[1,0,0,0,0,0,0,0]",2.0,0.0,1.0,0.0,"[0,1,1,0,0,0]"
img2664.jpg,"[1,0,0,0,0,0,0,0]",2.0,0.0,0.0,0.0,"[0,1,1,0,0,0]"
img282.jpg,"[1,0,0,0,0,0,0,0]",2.0,0.0,0.0,0.0,"[0,1,1,0,0,0]"
img2995.jpg,"[1,0,0,0,0,0,0,0]",2.0,0.0,0.0,0.0,"[0,1,1,0,0,0]"
img3257.jpg,"[1,0,0,0,0,0,0,0]",1.0,0.0,0.0,0.0,"[0,1,1,0,0,0]"
img33.jpg,"[1,0,0,0,0,0,1,0]",0.0,2.0,2.0,0.0,"[1,0,0,0,0,0]"
img3502.jpg,"[1,0,0,0,0,0,0,0]",2.0,1.0,2.0,1.0,"[0,1,0,0,0,0]"
img3584.jpg,"[1,0,1,0,0,0,0,0]",2.0,0.0,1.0,0.0,"[0,1,1,0,0,0]"
img3589.jpg,"[1,1,1,0,0,0,0,0]",2.0,0.0,1.0,0.0,"[0,1,1,0,0,0]"
img3678.jpg,"[1,1,1,0,0,0,0,0]",2.0,0.0,0.0,1.0,"[0,1,1,1,0,0]"
img3681.jpg,"[1,1,0,0,0,0,0,0]",2.0,0.0,0.0,0.0,"[0,1,1,1,0,0]"
img3763.jpg,"[0,0,0,0,0,0,1,0]",0.0,2.0,2.0,0.0,"[0,1,1,0,0,0]"
img3810.jpg,"[1,0,0,0,0,0,0,0]",2.0,0.0,0.0,0.0,"[0,1,1,1,0,0]"
img3875.jpg,"[1,0,0,0,1,0,0,0]",0.0,0.0,,0.0,"[0,1,1,1,0,0]"
img3955.jpg,"[1,0,0,1,1,0,0,0]",2.0,1.0,1.0,0.0,"[0,1,1,0,0,0]"
img4085.jpg,"[1,0,0,0,0,0,0,0]",2.0,0.0,0.0,0.0,"[0,1,1,0,0,0]"
img4092.jpg,"[1,0,0,0,0,0,0,0]",2.0,0.0,0.0,0.0,"[0,1,0,0,0,0]"
img4199.jpg,"[1,0,0,0,0,0,0,0]",2.0,0.0,0.0,0.0,"[0,1,1,1,0,0]"
img4242.jpg,"[1,0,0,0,0,0,0,0]",2.0,0.0,0.0,0.0,"[0,1,1,1,0,0]"
img4311.jpg,"[0,0,1,0,0,0,0,0]",0.0,0.0,0.0,0.0,"[0,1,1,1,0,0]"
img4315.jpg,"[0,0,1,0,0,0,0,0]",0.0,0.0,0.0,0.0,"[0,1,1,1,0,0]"
img4364.jpg,"[1,0,0,1,0,0,0,0]",1.0,1.0,0.0,0.0,"[0,1,1,1,0,0]"
img4416.jpg,"[1,1,0,0,0,0,0,0]",1.0,0.0,1.0,1.0,"[0,1,1,0,0,0]"
img4664.jpg,"[1,1,0,0,0,0,0,0]",2.0,0.0,0.0,0.0,"[0,1,1,1,0,0]"
img475.jpg,"[1,0,0,0,1,0,0,0]",1.0,0.0,0.0,0.0,"[0,1,1,1,0,0]"
img4769.jpg,"[0,0,0,0,1,0,0,0]",0.0,1.0,0.0,0.0,"[0,1,1,0,0,0]"
img495.jpg,"[1,1,0,0,0,0,0,0]",0.0,0.0,0.0,0.0,"[0,1,1,1,0,0]"
img4977.jpg,"[0,0,0,0,0,0,0,0]",0.0,1.0,1.0,0.0,"[0,1,0,0,0,0]"
img5.jpg,"[1,0,0,0,1,0,0,0]",1.0,1.0,1.0,0.0,"[0,1,1,0,0,0]"
img504.jpg,"[1,0,0,0,0,0,0,0]",2.0,0.0,0.0,0.0,"[0,1,1,0,0,0]"
img547.jpg,"[1,0,0,0,0,0,0,0]",2.0,0.0,0.0,0.0,"[0,1,1,1,0,0]"
img715.jpg,"[1,1,0,0,0,1,0,0]",1.0,1.0,1.0,0.0,"[0,1,1,1,0,0]"
img726.jpg,"[0,0,1,0,0,0,0,0]",0.0,0.0,0.0,0.0,"[0,1,1,1,0,0]"
img972.jpg,"[0,0,0,0,1,0,0,0]",0.0,0.0,0.0,0.0,"[0,1,1,1,1,0]"
img1138.jpg,"[1,0,0,0,1,0,0,0]",2.0,0.0,0.0,0.0,"[0,1,1,1,0,0]"
img1278.jpg,"[1,0,1,0,0,0,0,0]",1.0,0.0,0.0,0.0,"[0,1,1,0,0,0]"
img1305.jpg,"[1,0,0,0,0,0,0,0]",0.0,0.0,0.0,0.0,"[0,1,1,1,0,0]"
img1443.jpg,"[1,0,0,1,0,0,0,0]",2.0,1.0,0.0,0.0,"[0,1,1,1,0,0]"
img151.jpg,"[1,0,0,0,1,0,0,0]",2.0,0.0,0.0,0.0,"[0,1,1,1,0,0]"
img1553.jpg,"[1,0,1,0,0,0,0,0]",2.0,0.0,0.0,0.0,"[0,1,1,1,0,0]"
img1665.jpg,"[1,1,0,1,0,0,0,0]",1.0,1.0,0.0,0.0,"[0,1,1,0,0,0]"
img1817.jpg,"[1,0,0,0,1,0,0,0]",0.0,0.0,0.0,0.0,"[0,1,1,1,1,0]"
img2002.jpg,"[1,1,0,0,0,1,0,0]",2.0,1.0,1.0,0.0,"[0,1,1,1,0,0]"
img2016.jpg,"[1,1,0,0,0,0,0,0]",1.0,1.0,2.0,0.0,"[1,0,0,0,0,0]"
img2297.jpg,"[1,0,0,1,0,0,0,0]",0.0,2.0,2.0,0.0,"[1,0,0,0,0,0]"
img2364.jpg,"[1,0,1,0,0,0,0,0]",1.0,0.0,0.0,0.0,"[0,1,1,0,0,0]"
img2379.jpg,"[0,0,1,0,0,0,0,0]",0.0,1.0,2.0,0.0,"[0,1,0,0,0,0]"
img2403.jpg,"[0,0,1,0,0,0,0,0]",0.0,1.0,2.0,0.0,"[0,1,1,1,0,0]"
img2585.jpg,"[0,0,1,0,0,0,0,0]",0.0,0.0,0.0,0.0,"[0,1,1,1,0,0]"
img2623.jpg,"[0,0,0,0,0,0,0,0]",0.0,0.0,0.0,0.0,"[0,1,1,1,0,0]"
img2755.jpg,"[0,0,0,0,0,0,0,0]",0.0,0.0,0.0,0.0,"[0,1,1,1,1,1]"
img2929.jpg,"[0,0,0,0,0,1,0,0]",0.0,0.0,1.0,0.0,"[0,1,1,1,0,0]"
img3009.jpg,"[1,0,0,0,0,0,0,0]",1.0,0.0,0.0,0.0,"[0,1,1,1,0,0]"
img3027.jpg,"[1,0,0,0,0,0,0,0]",2.0,1.0,2.0,0.0,"[0,1,1,0,0,0]"
img3042.jpg,"[0,0,0,0,0,0,0,0]",0.0,1.0,2.0,0.0,"[0,1,1,1,0,0]"
img309.jpg,"[1,0,0,0,0,0,1,0]",1.0,2.0,1.0,0.0,"[0,1,1,1,0,0]"
img331.jpg,"[0,0,0,0,0,0,0,0]",0.0,0.0,0.0,0.0,"[0,1,1,1,0,0]"
img3413.jpg,"[0,0,1,0,0,0,0,0]",0.0,0.0,1.0,0.0,"[0,1,1,1,0,0]"
img343.jpg,"[0,0,1,0,0,0,0,0]",0.0,0.0,0.0,0.0,"[0,1,1,1,0,0]"
img344.jpg,"[0,0,0,0,1,0,0,0]",0.0,0.0,0.0,0.0,"[0,1,1,1,0,0]"
img3672.jpg,"[1,1,0,0,0,0,0,0]",1.0,0.0,0.0,0.0,"[0,1,1,1,0,0]"
img3704.jpg,"[1,1,0,0,0,0,0,0]",2.0,0.0,1.0,1.0,"[0,1,1,0,0,0]"
img3723.jpg,"[1,1,0,0,0,0,0,0]",2.0,0.0,1.0,0.0,"[0,1,1,0,0,0]"
img3820.jpg,"[1,1,1,0,0,0,0,0]",1.0,0.0,0.0,0.0,"[0,1,1,1,0,0]"
img3901.jpg,"[1,1,0,0,1,0,0,0]",2.0,1.0,0.0,0.0,"[0,1,1,1,0,0]"
img3962.jpg,"[1,0,0,0,0,1,0,0]",0.0,1.0,1.0,1.0,"[0,1,1,0,0,0]"
img4185.jpg,"[1,0,0,0,0,0,0,0]",2.0,1.0,1.0,0.0,"[0,1,1,0,0,0]"
img4266.jpg,"[1,1,0,0,0,1,0,0]",1.0,1.0,1.0,0.0,"[0,1,1,0,0,0]"
img4309.jpg,"[0,0,1,0,0,0,0,0]",0.0,0.0,0.0,0.0,"[0,1,1,1,1,1]"
img4423.jpg,"[1,0,1,0,0,0,0,0]",2.0,0.0,0.0,1.0,"[0,1,1,1,0,0]"
img4517.jpg,"[0,0,1,0,0,0,0,0]",0.0,0.0,0.0,0.0,"[0,1,1,1,0,0]"
img4606.jpg,"[1,0,0,0,1,0,0,0]",2.0,1.0,0.0,0.0,"[0,1,1,0,0,0]"
img4836.jpg,"[0,0,0,0,0,1,0,0]",0.0,0.0,1.0,0.0,"[0,1,1,1,0,0]"
img485.jpg,"[1,0,0,0,1,0,0,0]",1.0,0.0,0.0,0.0,"[0,1,1,0,0,0]"
img4856.jpg,"[0,0,0,0,0,1,0,0]",0.0,0.0,1.0,0.0,"[0,1,1,1,0,0]"
img490.jpg,"[0,0,0,0,0,0,0,0]",0.0,0.0,0.0,0.0,"[0,1,1,1,1,1]"
img4923.jpg,"[0,0,0,0,0,0,0,0]",0.0,0.0,0.0,0.0,"[0,1,1,1,1,1]"
img497.jpg,"[1,0,0,0,0,0,0,0]",2.0,0.0,0.0,0.0,"[0,1,1,1,0,0]"
img498.jpg,"[0,0,0,0,0,0,0,0]",0.0,0.0,0.0,0.0,"[0,1,1,1,1,1]"
img519.jpg,"[0,0,0,0,0,0,0,0]",0.0,0.0,0.0,0.0,"[0,1,1,1,1,1]"
img597.jpg,"[1,0,0,0,0,0,0,0]",2.0,0.0,1.0,0.0,"[0,1,1,0,0,0]"
img767.jpg,"[1,0,0,0,0,0,0,0]",2.0,0.0,1.0,0.0,"[0,1,1,1,0,0]"
img856.jpg,"[0,0,1,0,1,0,0,0]",0.0,1.0,1.0,0.0,"[0,1,1,0,0,0]"
img953.jpg,"[0,0,0,0,0,0,0,0]",0.0,0.0,1.0,0.0,"[0,1,1,0,0,0]"
img1062.jpg,"[1,1,0,0,0,0,0,0]",2.0,0.0,0.0,0.0,"[0,1,1,1,0,0]"
img1069.jpg,"[1,0,0,1,0,1,0,0]",2.0,0.0,0.0,0.0,"[0,1,1,0,0,0]"
img1107.jpg,"[1,0,0,0,0,0,0,0]",2.0,0.0,0.0,0.0,"[0,1,1,1,0,0]"
img1143.jpg,"[1,0,0,0,0,0,0,0]",1.0,0.0,0.0,0.0,"[0,1,1,1,0,0]"
img1233.jpg,"[1,0,1,0,0,0,0,0]",2.0,0.0,0.0,0.0,"[0,1,1,0,0,0]"
img1437.jpg,"[1,0,0,1,1,0,0,0]",1.0,1.0,1.0,1.0,"[0,1,0,0,0,0]"
img1488.jpg,"[1,0,1,0,0,0,0,0]",1.0,0.0,0.0,0.0,"[0,1,1,1,0,0]"
img1503.jpg,"[1,0,1,0,0,0,0,0]",1.0,0.0,2.0,0.0,"[0,1,1,0,0,0]"
img1578.jpg,"[0,0,1,0,0,0,0,0]",1.0,0.0,0.0,0.0,"[0,1,1,0,0,0]"
img1764.jpg,"[0,0,0,0,1,0,0,0]",0.0,0.0,0.0,0.0,"[0,1,1,1,1,0]"
img1904.jpg,"[1,0,0,1,0,0,0,0]",1.0,2.0,0.0,0.0,"[0,1,1,0,0,0]"
img1957.jpg,"[1,1,0,0,0,1,0,0]",1.0,1.0,1.0,0.0,"[0,1,1,1,0,0]"
img1970.jpg,"[1,1,0,0,0,1,0,0]",1.0,1.0,1.0,0.0,"[0,1,1,1,0,0]"
img1971.jpg,"[1,1,0,0,0,1,0,0]",1.0,1.0,1.0,0.0,"[0,1,1,1,0,0]"
img2007.jpg,"[1,1,0,0,0,0,0,0]",2.0,0.0,0.0,0.0,"[0,1,1,1,0,0]"
img2027.jpg,"[1,0,0,0,0,0,0,0]",1.0,1.0,2.0,0.0,"[0,1,1,1,0,0]"
img2131.jpg,"[1,0,1,1,0,0,0,0]",1.0,1.0,2.0,0.0,"[0,1,0,0,0,0]"
img2259.jpg,"[1,0,0,1,0,0,0,0]",1.0,1.0,2.0,0.0,"[0,1,0,0,0,0]"
img246.jpg,"[1,1,1,0,0,0,0,0]",1.0,0.0,0.0,0.0,"[0,1,1,1,0,0]"
img2716.jpg,"[0,0,0,0,0,0,0,0]",0.0,0.0,0.0,0.0,"[0,1,1,1,1,1]"
img3008.jpg,"[1,0,0,0,0,0,0,0]",2.0,0.0,0.0,0.0,"[0,1,1,0,0,0]"
img3059.jpg,"[0,1,1,0,0,0,0,0]",2.0,1.0,2.0,0.0,"[0,1,1,1,0,0]"
img3086.jpg,"[1,0,1,0,0,0,1,0]",1.0,2.0,1.0,0.0,"[0,1,1,0,0,0]"
img3093.jpg,"[1,0,0,0,0,0,1,0]",2.0,1.0,1.0,0.0,"[0,1,1,0,0,0]"
img3247.jpg,"[0,0,0,0,0,0,0,0]",0.0,0.0,0.0,0.0,"[0,1,1,1,1,0]"
img3388.jpg,"[0,0,1,0,0,0,0,0]",0.0,0.0,1.0,0.0,"[0,1,1,1,0,0]"
img3431.jpg,"[0,0,1,0,0,0,0,0]",0.0,0.0,1.0,0.0,"[0,1,1,1,0,0]"
img3537.jpg,"[0,0,1,0,1,0,0,0]",0.0,0.0,1.0,0.0,"[0,1,1,1,0,0]"
img3560.jpg,"[1,0,0,0,0,1,0,0]",2.0,1.0,1.0,0.0,"[0,1,1,0,0,0]"
img3673.jpg,"[1,1,1,0,0,0,0,0]",1.0,0.0,0.0,0.0,"[0,1,1,0,0,0]"
img381.jpg,"[0,0,0,0,0,0,0,0]",0.0,0.0,0.0,0.0,"[0,1,1,1,1,1]"
img3939.jpg,"[1,0,0,0,0,0,0,0]",2.0,0.0,0.0,,"[0,1,1,0,0,0]"
img4012.jpg,"[1,0,1,0,0,1,0,0]",1.0,1.0,1.0,0.0,"[0,1,1,0,0,0]"
img4106.jpg,"[1,0,0,0,0,0,0,0]",2.0,0.0,0.0,0.0,"[1,0,0,0,0,0]"
img4135.jpg,"[1,1,0,1,0,1,0,0]",1.0,1.0,1.0,0.0,"[0,1,1,0,0,0]"
img4152.jpg,"[1,1,1,0,0,0,0,0]",2.0,0.0,1.0,0.0,"[0,1,1,0,0,0]"
img4174.jpg,"[1,1,0,0,1,0,0,0]",2.0,1.0,0.0,0.0,"[0,1,1,1,0,0]"
img4222.jpg,"[1,0,0,0,0,0,0,0]",1.0,0.0,0.0,0.0,"[0,1,1,1,0,0]"
img4330.jpg,"[1,0,0,1,0,0,0,0]",1.0,1.0,0.0,0.0,"[0,1,1,0,0,0]"
img441.jpg,"[0,0,1,0,0,0,0,0]",0.0,0.0,0.0,0.0,"[0,1,1,1,1,0]"
img4429.jpg,"[1,0,1,0,0,0,0,0]",1.0,0.0,0.0,0.0,"[0,1,1,1,1,0]"
img4460.jpg,"[0,0,0,0,0,0,0,0]",0.0,0.0,0.0,0.0,"[0,1,1,1,1,0]"
img4512.jpg,"[1,0,0,0,0,0,0,0]",2.0,0.0,0.0,0.0,"[0,1,1,0,0,0]"
img4695.jpg,"[1,1,0,0,0,0,0,0]",2.0,0.0,0.0,0.0,"[0,1,1,1,0,0]"
img4818.jpg,"[1,0,0,0,1,0,0,0]",2.0,1.0,0.0,0.0,"[0,1,1,1,0,0]"
img4904.jpg,"[1,0,0,0,0,1,0,0]",1.0,0.0,1.0,0.0,"[0,1,1,1,0,0]"
img596.jpg,"[1,0,1,0,0,0,0,0]",2.0,0.0,1.0,0.0,"[0,1,1,0,0,0]"
img676.jpg,"[1,0,0,0,0,0,1,0]",0.0,2.0,2.0,0.0,"[0,1,0,0,0,0]"
img865.jpg,"[1,0,0,0,1,0,0,0]",1.0,1.0,1.0,0.0,"[0,1,1,0,0,0]"
img900.jpg,"[0,0,1,0,0,0,0,0]",0.0,0.0,0.0,0.0,"[0,1,1,1,1,0]"
img103.jpg,"[1,0,0,0,1,0,0,0]",2.0,0.0,0.0,0.0,"[0,1,1,0,0,0]"
img1121.jpg,"[1,0,1,0,0,0,0,0]",2.0,0.0,0.0,0.0,"[0,1,1,1,0,0]"
img121.jpg,"[1,0,0,0,1,0,0,0]",2.0,0.0,0.0,0.0,"[0,1,1,1,0,0]"
img1301.jpg,"[0,0,0,0,1,0,0,0]",0.0,0.0,0.0,0.0,"[0,1,1,1,1,0]"
img1471.jpg,"[1,0,0,0,1,0,0,0]",1.0,0.0,0.0,0.0,"[0,1,1,1,0,0]"
img1525.jpg,"[1,0,1,0,0,0,0,0]",1.0,1.0,2.0,0.0,"[0,1,1,0,0,0]"
img1592.jpg,"[1,0,1,0,0,0,0,0]",2.0,0.0,0.0,0.0,"[0,1,1,1,0,0]"
img1833.jpg,"[0,0,0,0,0,0,0,0]",0.0,0.0,0.0,0.0,"[0,1,1,1,1,1]"
img1939.jpg,"[1,0,0,0,0,0,0,0]",1.0,0.0,0.0,0.0,"[0,1,1,0,0,0]"
img2140.jpg,"[1,0,0,0,0,0,0,0]",2.0,0.0,0.0,0.0,"[0,1,1,1,0,0]"
img2153.jpg,"[1,0,1,0,0,0,0,0]",1.0,1.0,2.0,0.0,"[0,1,1,1,0,0]"
img2325.jpg,"[1,1,0,0,1,0,0,0]",2.0,1.0,0.0,0.0,"[0,1,1,1,0,0]"
img2443.jpg,"[0,0,0,0,0,0,0,0]",0.0,0.0,0.0,0.0,"[0,1,1,1,0,0]"
img2444.jpg,"[0,0,0,0,0,0,0,0]",0.0,0.0,0.0,0.0,"[0,1,1,1,0,0]"
img257.jpg,"[1,1,0,0,0,0,0,0]",2.0,0.0,0.0,0.0,"[0,1,1,1,0,0]"
img2604.jpg,"[0,0,0,0,0,0,0,0]",0.0,0.0,0.0,0.0,"[0,1,1,1,1,0]"
img2655.jpg,"[1,0,0,0,1,0,0,0]",0.0,0.0,0.0,0.0,"[0,1,1,0,0,0]"
img2741.jpg,"[0,0,0,0,0,0,0,0]",0.0,0.0,0.0,0.0,"[0,1,1,1,1,1]"
img2780.jpg,"[0,0,0,0,0,0,0,0]",0.0,0.0,0.0,0.0,"[0,1,1,1,1,1]"
img2797.jpg,"[0,0,0,0,0,0,0,0]",0.0,0.0,0.0,0.0,"[0,1,1,1,1,1]"
img2921.jpg,"[1,0,0,0,1,0,0,0]",2.0,1.0,0.0,0.0,"[0,1,1,1,0,0]"
img2961.jpg,"[1,0,0,0,0,0,0,0]",1.0,0.0,0.0,0.0,"[0,1,1,0,0,0]"
img2985.jpg,"[1,0,0,0,0,0,0,0]",2.0,0.0,0.0,0.0,"[0,1,1,0,0,0]"
img3065.jpg,"[1,0,0,0,0,0,0,0]",2.0,1.0,1.0,0.0,"[0,1,1,0,0,0]"
img3215.jpg,"[0,0,0,0,0,1,0,0]",0.0,1.0,1.0,0.0,"[0,1,1,1,0,0]"
img3279.jpg,"[1,0,1,0,0,0,0,0]",2.0,0.0,0.0,0.0,"[0,1,1,1,0,0]"
img3332.jpg,"[1,0,0,0,0,0,0,0]",2.0,0.0,0.0,1.0,"[0,1,1,0,0,0]"
img3401.jpg,"[0,0,1,0,0,0,0,0]",0.0,0.0,1.0,0.0,"[0,1,1,0,0,0]"
img3505.jpg,"[1,0,0,0,0,0,0,0]",2.0,0.0,0.0,1.0,"[0,1,0,0,0,0]"
img3635.jpg,"[1,1,1,0,0,0,0,0]",2.0,0.0,1.0,0.0,"[0,1,1,1,0,0]"
img3663.jpg,"[1,1,1,0,0,0,0,0]",2.0,0.0,0.0,1.0,"[0,1,1,1,0,0]"
img3685.jpg,"[1,1,0,0,0,0,0,0]",1.0,0.0,0.0,0.0,"[0,1,1,1,0,0]"
img3716.jpg,"[1,1,0,0,0,0,0,0]",0.0,0.0,1.0,0.0,"[0,1,1,0,0,0]"
img3817.jpg,"[0,0,0,0,0,0,0,0]",0.0,0.0,0.0,0.0,"[0,1,1,1,1,0]"
img3892.jpg,"[0,0,0,0,0,0,0,0]",0.0,0.0,0.0,0.0,"[0,1,1,1,1,1]"
img4.jpg,"[1,0,0,0,1,0,0,0]",2.0,1.0,1.0,0.0,"[0,1,1,0,0,0]"
img402.jpg,"[1,0,0,0,0,0,0,0]",0.0,0.0,0.0,0.0,"[0,1,1,1,0,0]"
img4084.jpg,"[1,0,0,0,0,0,0,0]",2.0,0.0,0.0,0.0,"[1,0,0,0,0,0]"
img4208.jpg,"[1,0,0,0,0,0,0,0]",2.0,0.0,0.0,0.0,"[0,1,1,1,0,0]"
img4224.jpg,"[1,0,0,0,1,0,0,0]",2.0,1.0,0.0,0.0,"[0,1,1,0,0,0]"
img4425.jpg,"[1,0,1,0,0,0,0,0]",2.0,0.0,0.0,1.0,"[0,1,1,1,0,0]"
img4499.jpg,"[1,1,0,0,0,0,0,0]",2.0,0.0,0.0,0.0,"[0,1,1,1,0,0]"
img455.jpg,"[0,0,0,0,0,0,0,0]",0.0,0.0,0.0,0.0,"[0,1,1,1,1,1]"
img4582.jpg,"[0,0,0,0,1,0,0,0]",0.0,1.0,0.0,0.0,"[0,1,1,1,1,0]"
img4620.jpg,"[1,0,0,0,0,0,0,0]",2.0,0.0,0.0,0.0,"[0,1,1,1,1,0]"
img4691.jpg,"[0,0,0,0,0,0,0,0]",0.0,0.0,0.0,0.0,"[0,1,1,1,1,1]"
img487.jpg,"[1,0,0,0,1,0,0,0]",1.0,0.0,0.0,0.0,"[0,1,1,1,0,0]"
img545.jpg,"[0,0,0,0,1,0,0,0]",0.0,0.0,0.0,0.0,"[0,1,1,1,1,0]"
img849.jpg,"[1,0,0,0,1,0,0,0]",1.0,1.0,0.0,0.0,"[0,1,1,1,1,0]"
img974.jpg,"[0,0,0,0,1,0,0,0]",0.0,0.0,0.0,0.0,"[0,1,1,1,1,0]"
img1082.jpg,"[1,1,0,1,1,0,0,0]",2.0,1.0,1.0,0.0,"[0,1,1,0,0,0]"
img1148.jpg,"[1,0,0,0,1,0,0,0]",2.0,0.0,0.0,0.0,"[0,1,1,0,0,0]"
img1225.jpg,"[1,0,1,0,0,0,0,0]",1.0,0.0,1.0,0.0,"[0,1,1,0,0,0]"
img1258.jpg,"[1,0,1,0,1,0,0,0]",2.0,1.0,2.0,0.0,"[0,1,0,0,0,0]"
img1386.jpg,"[1,0,0,0,0,1,0,0]",0.0,1.0,1.0,0.0,"[0,1,1,1,0,0]"
img1400.jpg,"[1,0,0,1,0,0,0,0]",2.0,0.0,0.0,0.0,"[0,1,1,1,0,0]"
img15.jpg,"[0,0,1,0,1,0,0,0]",0.0,1.0,1.0,0.0,"[0,1,1,1,1,0]"
img17.jpg,"[1,0,0,0,1,0,0,0]",1.0,1.0,1.0,0.0,"[0,1,1,1,0,0]"
img1725.jpg,"[0,0,0,0,1,0,0,0]",0.0,0.0,0.0,0.0,"[0,1,1,1,1,0]"
img209.jpg,"[1,0,1,0,1,0,0,0]",1.0,1.0,1.0,0.0,"[0,1,1,0,0,0]"
img2121.jpg,"[0,0,1,0,0,0,0,0]",0.0,0.0,2.0,0.0,"[0,1,1,0,0,0]"
img2123.jpg,"[1,0,1,0,0,0,0,0]",2.0,0.0,2.0,0.0,"[0,1,1,0,0,0]"
img2219.jpg,"[1,0,0,0,0,1,0,0]",1.0,1.0,1.0,0.0,"[0,1,1,1,0,0]"
img2229.jpg,"[1,0,0,0,0,1,0,0]",1.0,1.0,1.0,0.0,"[0,1,1,0,0,0]"
img2277.jpg,"[1,0,0,0,0,0,0,0]",0.0,0.0,0.0,0.0,"[0,1,1,1,0,0]"
img240.jpg,"[1,1,0,0,0,0,0,0]",2.0,0.0,0.0,0.0,"[0,1,1,1,0,0]"
img2494.jpg,"[1,0,0,1,0,0,0,0]",1.0,1.0,0.0,0.0,"[0,1,1,0,0,0]"
img2721.jpg,"[0,0,0,0,0,0,0,0]",0.0,0.0,0.0,0.0,"[0,1,1,1,1,1]"
img285.jpg,"[1,1,0,0,0,0,0,0]",2.0,0.0,0.0,0.0,"[0,1,1,1,0,0]"
img2866.jpg,"[1,0,1,0,0,0,0,0]",2.0,0.0,1.0,0.0,"[0,1,1,0,0,0]"
img3026.jpg,"[1,1,0,0,0,0,0,0]",2.0,1.0,2.0,0.0,"[0,1,0,0,0,0]"
img3162.jpg,"[1,0,0,0,0,1,0,0]",2.0,1.0,1.0,0.0,"[0,1,1,0,0,0]"
img3174.jpg,"[1,0,0,0,0,1,0,0]",2.0,1.0,1.0,0.0,"[0,1,1,0,0,0]"
img3377.jpg,"[0,0,1,0,0,0,0,0]",0.0,0.0,1.0,0.0,"[0,1,1,1,0,0]"
img3515.jpg,"[0,0,1,0,0,0,0,0]",0.0,0.0,1.0,0.0,"[0,1,1,0,0,0]"
img371.jpg,"[0,0,0,0,0,0,0,0]",0.0,0.0,0.0,0.0,"[0,1,1,1,1,0]"
img3734.jpg,"[1,0,0,0,0,0,0,0]",1.0,0.0,0.0,0.0,"[0,1,1,1,0,0]"
img389.jpg,"[0,0,0,0,0,0,0,0]",0.0,0.0,0.0,0.0,"[0,1,1,1,1,1]"
img3936.jpg,"[1,0,0,0,1,0,0,0]",1.0,1.0,0.0,0.0,"[0,1,1,0,0,0]"
img395.jpg,"[0,0,0,0,0,0,0,0]",0.0,0.0,0.0,0.0,"[0,1,1,1,1,1]"
img4058.jpg,"[1,0,0,0,1,0,0,0]",2.0,0.0,0.0,0.0,"[0,1,1,1,0,0]"
img4109.jpg,"[1,1,0,1,0,0,0,0]",2.0,1.0,1.0,0.0,"[0,1,0,0,0,0]"
img4167.jpg,"[1,1,0,0,1,0,0,0]",2.0,1.0,1.0,0.0,"[0,1,1,0,0,0]"
img4258.jpg,"[1,0,0,0,0,0,0,0]",2.0,0.0,0.0,0.0,"[0,1,1,0,0,0]"
img4305.jpg,"[0,0,1,0,0,0,0,0]",0.0,0.0,0.0,0.0,"[0,1,1,1,1,1]"
img4353.jpg,"[1,0,0,1,0,0,0,0]",1.0,1.0,0.0,0.0,"[0,1,1,1,0,0]"
img4406.jpg,"[1,0,1,0,0,0,0,0]",2.0,0.0,1.0,0.0,"[0,1,1,1,0,0]"
img4411.jpg,"[0,0,0,0,1,0,0,0]",0.0,1.0,1.0,0.0,"[0,1,1,1,0,0]"
img4420.jpg,"[1,1,0,0,0,0,0,0]",2.0,0.0,0.0,0.0,"[0,1,1,1,0,0]"
img4442.jpg,"[0,0,0,0,0,0,0,0]",0.0,0.0,0.0,0.0,"[0,1,1,1,0,0]"
img4492.jpg,"[1,0,0,0,0,0,0,0]",1.0,0.0,0.0,0.0,"[0,1,1,1,0,0]"
img451.jpg,"[0,0,1,0,0,0,0,0]",0.0,0.0,0.0,0.0,"[0,1,1,1,1,1]"
img452.jpg,"[1,0,1,0,0,0,0,0]",1.0,0.0,0.0,0.0,"[0,1,1,1,0,0]"
img4530.jpg,"[1,0,0,0,0,0,0,0]",1.0,0.0,0.0,0.0,"[0,1,1,1,0,0]"
img4604.jpg,"[1,0,0,0,0,0,0,0]",1.0,0.0,0.0,0.0,"[0,1,1,0,0,0]"
img539.jpg,"[0,0,1,0,0,0,0,0]",0.0,0.0,0.0,0.0,"[0,1,1,1,0,0]"
img6.jpg,"[1,0,1,0,1,0,0,0]",1.0,1.0,1.0,0.0,"[0,1,1,0,0,0]"
img687.jpg,"[1,0,0,0,0,0,0,0]",1.0,0.0,0.0,0.0,"[0,1,1,1,0,0]"
img831.jpg,"[0,0,0,0,1,0,0,0]",0.0,0.0,0.0,0.0,"[0,1,1,1,1,0]"
img969.jpg,"[0,0,0,0,1,0,0,0]",0.0,0.0,0.0,0.0,"[0,1,1,1,1,0]"
img1162.jpg,"[1,0,0,0,1,0,0,0]",0.0,0.0,0.0,0.0,"[0,1,1,1,0,0]"
img123.jpg,"[0,0,0,0,1,0,0,0]",0.0,0.0,0.0,0.0,"[0,1,1,1,1,0]"
img1270.jpg,"[1,0,0,0,0,1,0,0]",1.0,2.0,1.0,1.0,"[0,1,0,0,0,0]"
img1401.jpg,"[1,0,0,1,0,0,0,0]",1.0,0.0,0.0,0.0,"[0,1,1,0,0,0]"
img1551.jpg,"[1,0,1,0,0,0,0,0]",2.0,0.0,0.0,0.0,"[0,1,1,0,0,0]"
img1642.jpg,"[0,0,1,0,0,0,0,0]",0.0,1.0,2.0,0.0,"[0,1,1,0,0,0]"
img1737.jpg,"[0,0,0,0,0,0,0,0]",0.0,0.0,0.0,0.0,"[0,1,1,1,1,1]"
img1750.jpg,"[0,0,0,0,0,0,0,0]",0.0,0.0,0.0,0.0,"[0,1,1,1,1,1]"
img1861.jpg,"[0,0,0,0,1,0,0,0]",0.0,0.0,0.0,0.0,"[0,1,1,1,1,0]"
img1927.jpg,"[1,0,0,0,0,0,0,0]",1.0,0.0,0.0,0.0,"[0,1,1,0,0,0]"
img1955.jpg,"[1,1,0,0,0,0,0,0]",1.0,0.0,0.0,0.0,"[0,1,1,1,0,0]"
img2142.jpg,"[1,0,0,1,0,0,0,0]",1.0,1.0,2.0,0.0,"[0,1,0,0,0,0]"
img2175.jpg,"[1,0,0,0,1,0,0,0]",2.0,0.0,0.0,0.0,"[0,1,1,0,0,0]"
img22.jpg,"[0,0,0,0,0,0,1,0]",0.0,2.0,2.0,0.0,"[0,1,0,0,0,0]"
img2384.jpg,"[1,0,0,1,0,0,0,0]",2.0,1.0,2.0,0.0,"[0,1,0,0,0,0]"
img2560.jpg,"[1,0,0,0,0,0,0,0]",2.0,0.0,0.0,0.0,"[0,1,1,0,0,0]"
img2614.jpg,"[0,0,0,0,0,0,0,0]",0.0,0.0,0.0,0.0,"[0,1,1,1,0,0]"
img2630.jpg,"[0,0,0,0,0,0,0,0]",0.0,0.0,0.0,0.0,"[0,1,1,1,1,0]"
img2900.jpg,"[1,0,1,0,1,0,0,0]",2.0,0.0,0.0,0.0,"[0,1,1,1,0,0]"
img3034.jpg,"[0,0,1,0,0,0,0,0]",0.0,1.0,2.0,0.0,"[0,1,1,1,0,0]"
img3143.jpg,"[0,0,0,0,0,1,0,0]",0.0,1.0,1.0,0.0,"[0,1,1,1,1,0]"
img317.jpg,"[1,0,0,0,0,0,1,0]",1.0,2.0,1.0,0.0,"[0,1,0,0,0,0]"
img3261.jpg,"[0,0,1,0,0,0,0,0]",0.0,0.0,0.0,0.0,"[0,1,1,1,1,0]"
img3300.jpg,"[1,0,1,0,0,0,0,0]",2.0,0.0,0.0,0.0,"[0,1,1,1,0,0]"
img3307.jpg,"[1,0,1,0,0,0,0,0]",2.0,0.0,0.0,0.0,"[0,1,1,1,0,0]"
img3465.jpg,"[0,0,1,0,0,0,0,0]",0.0,0.0,0.0,0.0,"[0,1,1,1,1,0]"
img3532.jpg,"[0,0,1,0,0,0,0,0]",0.0,0.0,1.0,0.0,"[0,1,1,0,0,0]"
img3554.jpg,"[1,0,1,0,0,1,0,0]",1.0,1.0,1.0,0.0,"[0,1,1,0,0,0]"
img3565.jpg,"[1,0,0,0,0,1,0,0]",1.0,1.0,1.0,0.0,"[0,1,1,0,0,0]"
img3738.jpg,"[1,0,0,0,1,0,0,0]",1.0,0.0,1.0,1.0,"[0,1,1,0,0,0]"
img3793.jpg,"[1,0,0,0,0,0,0,0]",2.0,0.0,0.0,0.0,"[0,1,1,1,0,0]"
img3911.jpg,"[1,0,0,0,1,0,0,0]",1.0,1.0,1.0,0.0,"[0,1,1,0,0,0]"
img3930.jpg,"[1,0,0,0,1,0,0,0]",2.0,1.0,0.0,0.0,"[0,1,1,1,0,0]"
img4049.jpg,"[0,0,0,0,0,0,1,0]",0.0,2.0,2.0,0.0,"[0,1,0,0,0,0]"
img4079.jpg,"[1,0,0,0,0,0,0,0]",1.0,0.0,0.0,0.0,"[1,0,0,0,0,0]"
img4168.jpg,"[1,1,0,0,1,0,0,0]",2.0,1.0,1.0,0.0,"[0,1,1,1,0,0]"
img4191.jpg,"[1,1,0,0,1,0,0,0]",2.0,1.0,1.0,0.0,"[0,1,1,1,0,0]"
img4262.jpg,"[1,0,0,0,0,1,0,0]",2.0,1.0,1.0,0.0,"[0,1,1,1,0,0]"
img4296.jpg,"[0,0,1,0,0,0,0,0]",0.0,0.0,0.0,0.0,"[0,1,1,1,1,1]"
img43.jpg,"[1,0,0,1,0,0,0,0]",1.0,1.0,0.0,0.0,"[0,1,0,0,0,0]"
img4497.jpg,"[0,0,1,0,0,0,0,0]",0.0,0.0,0.0,0.0,"[0,1,1,1,0,0]"
img4509.jpg,"[1,0,0,0,0,0,0,0]",1.0,0.0,0.0,0.0,"[0,1,1,0,0,0]"
img4643.jpg,"[0,0,0,0,0,0,0,0]",0.0,0.0,0.0,0.0,"[0,1,1,1,1,0]"
img4675.jpg,"[1,0,0,0,0,0,0,0]",2.0,0.0,0.0,0.0,"[0,1,1,1,0,0]"
img4686.jpg,"[1,0,0,0,0,0,0,0]",2.0,0.0,0.0,0.0,"[0,1,1,1,0,0]"
img585.jpg,"[0,0,0,0,0,0,0,0]",0.0,0.0,0.0,0.0,"[0,1,1,1,1,1]"
img648.jpg,"[1,1,0,0,0,1,0,0]",1.0,1.0,1.0,0.0,"[0,1,1,1,1,0]"
img675.jpg,"[1,0,0,0,0,0,1,0]",1.0,2.0,2.0,0.0,"[0,1,1,0,0,0]"
img763.jpg,"[0,0,0,0,0,0,0,0]",0.0,0.0,0.0,0.0,"[0,1,1,1,0,0]"
img963.jpg,"[0,0,0,0,1,0,0,0]",0.0,0.0,0.0,0.0,"[0,1,1,1,1,0]"
img1018.jpg,"[1,1,0,0,1,0,0,0]",2.0,1.0,0.0,0.0,"[0,1,1,1,0,0]"
img1081.jpg,"[1,0,0,1,0,0,0,0]",1.0,1.0,1.0,0.0,"[0,1,0,0,0,0]"
img1279.jpg,"[1,0,0,0,0,1,0,0]",0.0,2.0,1.0,0.0,"[0,1,0,0,0,0]"
img1293.jpg,"[1,0,0,0,0,1,0,0]",2.0,2.0,1.0,0.0,"[0,1,0,0,0,0]"
img1360.jpg,"[0,0,0,0,1,0,0,0]",0.0,0.0,0.0,0.0,"[0,1,1,0,0,0]"
img1428.jpg,"[1,0,0,1,1,0,0,0]",2.0,1.0,0.0,0.0,"[0,1,1,0,0,0]"
img1451.jpg,"[1,0,0,0,1,0,0,0]",1.0,0.0,0.0,0.0,"[0,1,1,1,0,0]"
img1575.jpg,"[1,0,1,0,0,0,0,0]",2.0,0.0,0.0,0.0,"[0,1,1,1,0,0]"
img1596.jpg,"[0,0,1,0,0,0,0,0]",0.0,0.0,0.0,0.0,"[0,1,1,1,0,0]"
img1625.jpg,"[1,1,1,0,0,0,0,0]",2.0,1.0,2.0,0.0,"[0,1,1,0,0,0]"
img1651.jpg,"[1,1,1,0,0,0,0,0]",2.0,1.0,2.0,0.0,"[0,1,1,0,0,0]"
img1661.jpg,"[1,1,0,1,0,0,0,0]",1.0,1.0,0.0,0.0,"[0,1,1,0,0,0]"
img1754.jpg,"[0,0,0,0,0,0,0,0]",0.0,0.0,0.0,0.0,"[0,1,1,1,1,1]"
img1862.jpg,"[0,0,0,0,1,0,0,0]",0.0,0.0,0.0,0.0,"[0,1,1,1,1,0]"
img1930.jpg,"[1,0,0,0,0,0,0,0]",1.0,0.0,0.0,0.0,"[0,1,1,0,0,0]"
img1945.jpg,"[1,0,0,0,0,0,0,0]",1.0,0.0,0.0,0.0,"[0,1,1,0,0,0]"
img2076.jpg,"[1,0,0,1,0,0,0,0]",2.0,2.0,1.0,0.0,"[0,1,0,0,0,0]"
img2206.jpg,"[1,0,0,0,0,1,0,0]",1.0,2.0,1.0,0.0,"[0,1,1,1,1,0]"
img2404.jpg,"[1,1,0,0,0,0,0,0]",2.0,0.0,2.0,0.0,"[0,1,1,0,0,0]"
img247.jpg,"[1,1,0,0,0,0,0,0]",2.0,0.0,0.0,0.0,"[0,1,1,0,0,0]"
img268.jpg,"[1,1,0,0,0,0,0,0]",2.0,0.0,0.0,0.0,"[0,1,1,0,0,0]"
img2685.jpg,"[1,0,0,0,0,0,0,0]",2.0,0.0,0.0,0.0,"[0,1,1,1,0,0]"
img2767.jpg,"[0,0,0,0,0,0,0,0]",0.0,0.0,0.0,0.0,"[0,1,1,1,1,1]"
img2772.jpg,"[0,0,0,0,0,0,0,0]",0.0,0.0,0.0,0.0,"[0,1,1,1,1,1]"
img2816.jpg,"[1,0,0,0,1,0,0,0]",1.0,0.0,0.0,0.0,"[0,1,1,0,0,0]"
img2857.jpg,"[0,0,1,0,0,0,0,0]",0.0,0.0,0.0,0.0,"[0,1,1,1,1,1]"
img3061.jpg,"[0,0,0,0,0,1,0,0]",0.0,1.0,2.0,0.0,"[0,1,1,0,0,0]"
img3067.jpg,"[1,0,0,0,0,0,0,0]",2.0,1.0,2.0,0.0,"[0,1,1,0,0,0]"
img3244.jpg,"[0,0,1,0,0,0,0,0]",0.0,0.0,0.0,0.0,"[0,1,1,1,0,0]"
img3248.jpg,"[0,0,1,0,0,0,0,0]",0.0,0.0,0.0,0.0,"[0,1,1,1,1,0]"
img3340.jpg,"[1,0,0,0,0,0,0,0]",2.0,0.0,0.0,0.0,"[0,1,1,0,0,0]"
img3433.jpg,"[0,0,1,0,0,0,0,0]",0.0,0.0,1.0,0.0,"[0,1,1,1,0,0]"
img3439.jpg,"[0,0,1,0,0,0,0,0]",0.0,0.0,0.0,0.0,"[0,1,1,1,1,0]"
img3517.jpg,"[0,0,1,0,0,0,0,0]",0.0,0.0,1.0,0.0,"[0,1,1,0,0,0]"
img3526.jpg,"[0,0,1,0,0,0,0,0]",0.0,0.0,1.0,0.0,"[0,1,1,0,0,0]"
img3712.jpg,"[1,1,0,0,0,0,0,0]",1.0,0.0,0.0,0.0,"[0,1,1,1,0,0]"
img3764.jpg,"[1,0,0,0,1,0,1,0]",2.0,2.0,0.0,0.0,"[0,1,1,0,0,0]"
img4016.jpg,"[1,0,0,1,0,0,0,0]",2.0,2.0,1.0,0.0,"[0,1,0,0,0,0]"
img4052.jpg,"[1,0,0,0,1,0,0,0]",2.0,0.0,0.0,0.0,"[0,1,1,1,0,0]"
img4064.jpg,"[1,0,0,0,1,0,0,0]",2.0,0.0,0.0,0.0,"[0,1,1,1,0,0]"
img4156.jpg,"[1,1,0,0,0,0,0,0]",1.0,0.0,1.0,0.0,"[0,1,1,0,0,0]"
img429.jpg,"[0,0,0,0,0,0,0,0]",0.0,0.0,0.0,0.0,"[0,1,1,1,1,1]"
img4441.jpg,"[0,0,0,0,0,0,0,0]",0.0,0.0,0.0,0.0,"[0,1,1,1,1,0]"
img4601.jpg,"[1,0,1,0,0,0,0,0]",0.0,0.0,0.0,0.0,"[0,1,1,1,0,0]"
img4802.jpg,"[1,0,0,0,1,0,0,0]",1.0,1.0,0.0,0.0,"[0,1,1,1,0,0]"
img4870.jpg,"[0,0,0,0,0,0,0,0]",0.0,0.0,0.0,0.0,"[0,1,1,0,0,0]"
img686.jpg,"[1,0,1,0,0,0,0,0]",1.0,1.0,2.0,0.0,"[0,1,0,0,0,0]"
img783.jpg,"[0,0,1,0,0,0,0,0]",0.0,0.0,1.0,0.0,"[0,1,1,0,0,0]"
img906.jpg,"[0,0,1,0,0,0,0,0]",0.0,0.0,0.0,0.0,"[0,1,1,1,1,0]"
img944.jpg,"[0,0,0,0,0,0,0,0]",0.0,0.0,0.0,0.0,"[0,1,1,0,0,0]"
img1079.jpg,"[1,1,0,0,0,0,0,0]",2.0,0.0,0.0,0.0,"[0,1,1,1,0,0]"
img1110.jpg,"[1,0,0,0,1,0,0,0]",2.0,0.0,0.0,0.0,"[0,1,1,1,0,0]"
img1199.jpg,"[1,0,0,0,0,0,0,0]",2.0,0.0,0.0,1.0,"[0,1,0,0,0,0]"
img141.jpg,"[0,0,0,0,1,0,0,0]",0.0,0.0,0.0,0.0,"[0,1,1,1,1,0]"
img1480.jpg,"[1,1,0,0,1,0,0,0]",2.0,0.0,0.0,0.0,"[0,1,1,1,0,0]"
img1565.jpg,"[1,0,1,0,0,0,0,0]",2.0,0.0,0.0,0.0,"[0,1,1,0,0,0]"
img1579.jpg,"[1,0,1,0,0,0,0,0]",2.0,0.0,0.0,0.0,"[0,1,1,0,0,0]"
img1583.jpg,"[1,0,1,0,0,0,0,0]",2.0,0.0,0.0,0.0,"[0,1,1,0,0,0]"
img163.jpg,"[0,0,0,0,1,0,0,0]",0.0,0.0,0.0,0.0,"[0,1,1,1,1,0]"
img1635.jpg,"[1,1,0,0,0,0,0,0]",2.0,1.0,2.0,0.0,"[0,1,1,0,0,0]"
img1733.jpg,"[1,0,0,0,0,0,0,0]",1.0,0.0,0.0,0.0,"[0,1,1,1,0,0]"
img2338.jpg,"[1,1,0,0,1,0,0,0]",2.0,0.0,0.0,0.0,"[0,1,1,1,0,0]"
img2357.jpg,"[1,0,1,0,0,0,0,0]",2.0,0.0,0.0,0.0,"[0,1,1,0,0,0]"
img2428.jpg,"[0,0,0,0,0,0,0,0]",0.0,0.0,0.0,0.0,"[0,1,1,0,0,0]"
img2432.jpg,"[0,0,0,0,0,0,0,0]",0.0,0.0,0.0,0.0,"[0,1,1,0,0,0]"
img2448.jpg,"[0,0,0,0,0,0,0,0]",0.0,0.0,0.0,0.0,"[0,1,1,0,0,0]"
img263.jpg,"[1,1,1,0,0,0,0,0]",2.0,0.0,0.0,0.0,"[0,1,1,1,0,0]"
img2665.jpg,"[1,0,0,0,0,0,0,0]",2.0,0.0,0.0,0.0,"[0,1,1,1,0,0]"
img2678.jpg,"[1,0,0,0,1,0,0,0]",2.0,0.0,0.0,0.0,"[0,1,1,1,0,0]"
img2690.jpg,"[0,0,0,0,0,0,0,0]",0.0,0.0,0.0,0.0,"[0,1,1,1,1,1]"
img2742.jpg,"[0,0,0,0,0,0,0,0]",0.0,0.0,0.0,0.0,"[0,1,1,1,1,1]"
img2757.jpg,"[0,0,0,0,0,0,0,0]",0.0,0.0,0.0,0.0,"[0,1,1,1,1,1]"
img3036.jpg,"[1,1,0,0,0,0,0,0]",2.0,1.0,2.0,0.0,"[0,1,0,0,0,0]"
img3378.jpg,"[0,0,1,0,0,0,0,0]",0.0,0.0,1.0,0.0,"[0,1,1,0,0,0]"
img3444.jpg,"[0,0,1,0,0,0,0,0]",0.0,0.0,0.0,0.0,"[0,1,1,1,1,0]"
img3476.jpg,"[1,0,0,0,0,0,0,0]",1.0,0.0,0.0,0.0,"[0,1,1,1,0,0]"
img3489.jpg,"[1,0,0,0,0,0,0,0]",2.0,1.0,0.0,1.0,"[0,1,0,0,0,0]"
img3500.jpg,"[1,0,0,0,0,0,0,0]",2.0,1.0,0.0,1.0,"[0,1,0,0,0,0]"
img3557.jpg,"[0,0,0,0,0,1,0,0]",1.0,1.0,0.0,0.0,"[0,1,1,1,0,0]"
img3720.jpg,"[1,0,1,0,0,0,0,0]",1.0,0.0,1.0,0.0,"[0,1,1,1,0,0]"
img3739.jpg,"[1,1,0,0,0,0,0,0]",2.0,0.0,1.0,0.0,"[0,1,1,0,0,0]"
img3761.jpg,"[1,0,0,0,1,0,0,0]",1.0,1.0,0.0,0.0,"[0,1,1,0,0,0]"
img3806.jpg,"[1,0,0,0,1,0,0,0]",1.0,0.0,0.0,0.0,"[0,1,1,1,0,0]"
img387.jpg,"[0,0,0,0,0,0,0,0]",0.0,0.0,0.0,0.0,"[0,1,1,1,0,0]"
img3978.jpg,"[1,0,0,0,0,1,0,0]",2.0,1.0,1.0,1.0,"[0,1,1,0,0,0]"
img3984.jpg,"[1,0,0,0,0,1,0,0]",2.0,1.0,1.0,0.0,"[0,1,1,0,0,0]"
img4037.jpg,"[1,0,0,1,0,0,0,0]",0.0,1.0,1.0,0.0,"[1,0,0,0,0,0]"
img4257.jpg,"[1,0,0,0,0,0,0,0]",1.0,0.0,0.0,0.0,"[0,1,1,1,0,0]"
img4474.jpg,"[1,0,0,0,0,0,0,0]",2.0,0.0,0.0,0.0,"[0,1,1,1,0,0]"
img4502.jpg,"[1,0,1,0,1,0,0,0]",2.0,0.0,0.0,0.0,"[0,1,1,1,0,0]"
img4559.jpg,"[1,0,0,0,0,0,0,0]",2.0,,0.0,0.0,"[0,1,1,1,0,0]"
img4605.jpg,"[1,1,0,0,0,0,0,0]",2.0,0.0,0.0,0.0,"[0,1,1,1,0,0]"
img4685.jpg,"[1,0,0,0,0,0,0,0]",2.0,0.0,0.0,0.0,"[0,1,1,1,0,0]"
img4733.jpg,"[1,0,0,1,0,0,0,0]",1.0,0.0,0.0,0.0,"[0,1,1,0,0,0]"
img4869.jpg,"[1,0,0,1,0,0,0,0]",2.0,1.0,1.0,0.0,"[0,1,0,0,0,0]"
img4874.jpg,"[1,0,0,0,0,0,0,0]",0.0,0.0,0.0,0.0,"[0,1,1,1,0,0]"
img4911.jpg,"[0,0,0,0,1,0,0,0]",0.0,0.0,0.0,0.0,"[0,1,1,1,1,0]"
img507.jpg,"[1,0,0,0,0,0,0,0]",2.0,0.0,0.0,0.0,"[0,1,1,1,0,0]"
img851.jpg,"[1,0,0,0,1,0,0,0]",1.0,0.0,0.0,0.0,"[0,1,1,1,1,0]"
img928.jpg,"[0,0,1,0,0,0,0,0]",0.0,0.0,0.0,0.0,"[0,1,1,1,1,0]"
img1033.jpg,"[1,1,0,0,1,0,0,0]",2.0,1.0,1.0,0.0,"[0,1,1,1,0,0]"
img131.jpg,"[0,0,1,0,1,0,0,0]",0.0,0.0,1.0,0.0,"[0,1,1,1,1,0]"
img1324.jpg,"[0,0,1,0,0,0,0,0]",0.0,0.0,0.0,0.0,"[0,1,1,1,1,1]"
img1347.jpg,"[0,0,0,0,0,0,0,0]",0.0,0.0,0.0,0.0,"[0,1,1,1,1,0]"
img1378.jpg,"[1,0,1,0,0,1,0,0]",2.0,1.0,1.0,0.0,"[0,1,1,1,0,0]"
img1382.jpg,"[1,0,0,0,0,1,0,0]",2.0,1.0,1.0,0.0,"[0,1,1,0,0,0]"
img1562.jpg,"[0,0,0,0,0,0,0,0]",0.0,0.0,0.0,0.0,"[0,1,1,0,0,0]"
img1568.jpg,"[1,0,1,0,0,0,0,0]",2.0,0.0,0.0,1.0,"[0,1,1,1,0,0]"
img160.jpg,"[1,0,0,0,1,0,0,0]",1.0,0.0,0.0,0.0,"[0,1,1,1,0,0]"
img1630.jpg,"[1,1,1,0,0,0,0,0]",2.0,1.0,2.0,0.0,"[0,1,1,0,0,0]"
img1682.jpg,"[1,1,1,0,0,0,0,0]",1.0,0.0,1.0,0.0,"[0,1,1,1,0,0]"
img1693.jpg,"[1,1,1,0,0,0,0,0]",1.0,1.0,1.0,0.0,"[0,1,0,0,0,0]"
img1700.jpg,"[1,1,0,0,0,0,0,0]",1.0,1.0,0.0,0.0,"[0,1,1,0,0,0]"
img1727.jpg,"[1,0,0,0,0,0,0,0]",2.0,0.0,0.0,0.0,"[0,1,1,1,0,0]"
img1743.jpg,"[0,0,0,0,1,0,0,0]",0.0,0.0,0.0,0.0,"[0,1,1,1,0,0]"
img1869.jpg,"[1,0,0,0,1,0,0,0]",1.0,0.0,0.0,0.0,"[0,1,1,1,0,0]"
img2115.jpg,"[1,0,1,1,0,0,0,0]",2.0,1.0,2.0,0.0,"[0,1,0,0,0,0]"
img2253.jpg,"[1,0,0,1,0,0,0,0]",1.0,0.0,0.0,0.0,"[0,1,0,0,0,0]"
img2350.jpg,"[1,0,1,0,0,0,0,0]",2.0,0.0,0.0,1.0,"[0,1,0,0,0,0]"
img2377.jpg,"[1,0,1,0,0,0,0,0]",0.0,0.0,2.0,0.0,"[0,1,1,0,0,0]"
img2413.jpg,"[1,0,1,1,0,0,0,0]",1.0,1.0,2.0,0.0,"[0,1,0,0,0,0]"
img2514.jpg,"[1,0,1,1,0,0,0,0]",2.0,1.0,1.0,0.0,"[0,1,0,0,0,0]"
img2619.jpg,"[1,0,0,0,0,0,0,0]",2.0,0.0,0.0,0.0,"[0,1,1,1,0,0]"
img2622.jpg,"[1,0,0,0,0,0,0,0]",2.0,0.0,0.0,0.0,"[0,1,1,1,0,0]"
img28.jpg,"[0,0,0,0,0,0,1,0]",0.0,2.0,2.0,0.0,"[1,0,0,0,0,0]"
img2811.jpg,"[1,0,0,1,0,0,0,0]",2.0,1.0,0.0,0.0,"[1,0,0,0,0,0]"
img2855.jpg,"[1,1,0,0,0,0,0,0]",1.0,0.0,1.0,0.0,"[0,1,1,0,0,0]"
img3083.jpg,"[1,0,0,0,0,1,0,0]",1.0,1.0,1.0,0.0,"[0,1,1,0,0,0]"
img3258.jpg,"[1,1,1,0,0,0,0,0]",1.0,0.0,0.0,0.0,"[0,1,1,1,0,0]"
img3468.jpg,"[0,0,1,0,0,0,0,0]",0.0,0.0,0.0,0.0,"[0,1,1,1,1,0]"
img3482.jpg,"[1,0,1,0,0,0,0,0]",2.0,1.0,2.0,1.0,"[0,1,1,0,0,0]"
img3647.jpg,"[1,1,1,0,0,0,0,0]",1.0,0.0,0.0,1.0,"[0,1,1,1,0,0]"
img3727.jpg,"[1,1,1,0,0,0,0,0]",1.0,0.0,1.0,0.0,"[0,1,1,0,0,0]"
img3949.jpg,"[1,0,0,0,1,0,0,0]",2.0,1.0,1.0,0.0,"[0,1,0,0,0,0]"
img4220.jpg,"[1,0,0,0,0,0,0,0]",2.0,0.0,0.0,0.0,"[0,1,1,0,0,0]"
img4334.jpg,"[1,0,0,1,0,0,0,0]",1.0,1.0,0.0,0.0,"[0,1,1,1,0,0]"
img434.jpg,"[0,0,0,0,0,0,0,0]",0.0,0.0,0.0,0.0,"[0,1,1,1,1,0]"
img4419.jpg,"[0,0,1,0,0,0,0,0]",0.0,0.0,1.0,,"[0,1,1,0,0,0]"
img4473.jpg,"[1,0,0,0,0,0,0,0]",2.0,0.0,0.0,0.0,"[0,1,1,1,0,0]"
img4761.jpg,"[1,0,1,1,0,0,0,0]",1.0,1.0,2.0,0.0,"[0,1,0,0,0,0]"
img4773.jpg,"[1,1,0,0,1,0,0,0]",2.0,1.0,0.0,0.0,"[0,1,1,1,0,0]"
img4793.jpg,"[1,0,0,0,1,0,0,0]",2.0,1.0,0.0,0.0,"[0,1,1,1,0,0]"
img4902.jpg,"[0,0,0,0,0,0,0,0]",0.0,0.0,0.0,0.0,"[0,1,1,1,1,1]"
img54.jpg,"[1,1,0,0,0,1,0,0]",2.0,1.0,0.0,0.0,"[0,1,1,1,1,1]"
img656.jpg,"[1,1,0,0,0,0,0,0]",1.0,0.0,0.0,0.0,"[0,1,1,1,0,0]"
img722.jpg,"[1,0,0,0,0,1,0,0]",0.0,1.0,1.0,0.0,"[0,1,1,0,0,0]"
img735.jpg,"[0,0,1,0,0,0,0,0]",0.0,0.0,0.0,0.0,"[0,1,1,1,0,0]"
img744.jpg,"[1,0,1,0,0,0,0,0]",2.0,0.0,0.0,0.0,"[0,1,1,0,0,0]"
img806.jpg,"[0,0,0,0,1,0,0,0]",0.0,0.0,0.0,0.0,"[0,1,1,1,1,0]"
img818.jpg,"[1,0,0,0,1,0,0,0]",1.0,0.0,0.0,0.0,"[0,1,1,1,0,0]"
img105.jpg,"[1,0,0,0,1,0,0,0]",2.0,1.0,0.0,0.0,"[0,1,1,0,0,0]"
img1086.jpg,"[1,0,0,0,1,0,0,0]",2.0,1.0,0.0,0.0,"[0,1,1,1,0,0]"
img1189.jpg,"[1,0,1,0,0,0,0,0]",2.0,1.0,0.0,0.0,"[0,1,0,0,0,0]"
img1231.jpg,"[0,0,1,0,0,0,0,0]",0.0,0.0,0.0,0.0,"[0,1,1,1,1,0]"
img1616.jpg,"[1,0,0,0,0,0,0,0]",1.0,1.0,2.0,0.0,"[0,1,1,0,0,0]"
img1618.jpg,"[1,1,1,0,0,0,0,0]",2.0,1.0,2.0,0.0,"[0,1,1,0,0,0]"
img1706.jpg,"[1,1,0,0,0,0,0,0]",1.0,1.0,0.0,0.0,"[0,1,1,1,0,0]"
img1770.jpg,"[0,0,0,0,1,0,0,0]",0.0,0.0,0.0,0.0,"[0,1,1,1,1,0]"
img1828.jpg,"[0,0,0,0,1,0,0,0]",0.0,0.0,0.0,0.0,"[0,1,1,1,1,0]"
img1942.jpg,"[1,0,0,0,0,0,0,0]",2.0,0.0,0.0,0.0,"[0,1,1,0,0,0]"
img1987.jpg,"[1,0,0,0,0,1,0,0]",0.0,1.0,1.0,0.0,"[0,1,1,1,0,0]"
img2056.jpg,"[1,0,0,1,0,0,0,0]",2.0,1.0,1.0,0.0,"[0,1,0,0,0,0]"
img2063.jpg,"[0,0,0,0,0,0,0,0]",0.0,1.0,1.0,,"[1,0,0,0,0,0]"
img2160.jpg,"[1,0,0,0,1,0,0,0]",1.0,0.0,0.0,0.0,"[0,1,1,1,0,0]"
img2257.jpg,"[1,0,0,0,0,0,0,0]",2.0,1.0,2.0,0.0,"[0,1,1,0,0,0]"
img2390.jpg,"[1,0,0,1,0,0,0,0]",0.0,1.0,2.0,0.0,"[0,1,1,0,0,0]"
img2478.jpg,"[0,0,0,1,0,0,0,0]",0.0,1.0,0.0,0.0,"[1,0,0,0,0,0]"
img2592.jpg,"[1,0,0,0,0,0,0,0]",1.0,0.0,0.0,0.0,"[0,1,1,0,0,0]"
img2712.jpg,"[0,0,0,0,0,0,0,0]",0.0,0.0,0.0,0.0,"[0,1,1,1,1,1]"
img2918.jpg,"[1,0,0,0,1,0,0,0]",0.0,1.0,1.0,0.0,"[0,1,1,0,0,0]"
img2927.jpg,"[0,0,0,0,1,0,0,0]",0.0,1.0,0.0,0.0,"[0,1,1,1,1,0]"
img2970.jpg,"[1,0,0,0,0,0,0,0]",1.0,1.0,0.0,0.0,"[0,1,0,0,0,0]"
img2990.jpg,"[1,0,0,0,0,0,0,0]",2.0,0.0,0.0,1.0,"[0,1,1,1,0,0]"
img3107.jpg,"[1,0,0,0,1,1,0,0]",2.0,1.0,0.0,0.0,"[0,1,1,1,0,0]"
img3214.jpg,"[0,0,0,0,0,1,0,0]",0.0,1.0,1.0,0.0,"[0,1,1,1,0,0]"
img3350.jpg,"[1,0,0,0,0,0,0,0]",2.0,0.0,0.0,0.0,"[0,1,1,0,0,0]"
img336.jpg,"[1,0,0,0,0,0,0,0]",1.0,0.0,0.0,0.0,"[0,1,1,1,0,0]"
img3399.jpg,"[0,0,1,0,0,0,0,0]",0.0,0.0,1.0,0.0,"[0,1,1,0,0,0]"
img3461.jpg,"[0,0,1,0,0,0,0,0]",0.0,0.0,0.0,0.0,"[0,1,1,1,1,0]"
img3539.jpg,"[0,0,0,0,0,0,0,0]",0.0,0.0,0.0,0.0,"[0,1,1,0,0,0]"
img3543.jpg,"[0,0,1,0,0,0,0,0]",0.0,0.0,1.0,0.0,"[0,1,1,0,0,0]"
img3770.jpg,"[1,0,0,0,1,0,0,0]",2.0,0.0,0.0,0.0,"[0,1,1,1,0,0]"
img3797.jpg,"[1,1,0,0,0,0,0,0]",1.0,0.0,0.0,0.0,"[0,1,1,1,0,0]"
img3843.jpg,"[1,0,0,0,0,0,0,0]",2.0,0.0,0.0,0.0,"[0,1,1,1,0,0]"
img3856.jpg,"[1,0,0,0,0,0,0,0]",0.0,0.0,0.0,0.0,"[0,1,1,1,0,0]"
img3993.jpg,"[1,0,0,1,0,1,0,0]",1.0,1.0,1.0,0.0,"[0,1,1,0,0,0]"
img41.jpg,"[1,0,0,1,0,0,0,0]",1.0,1.0,1.0,0.0,"[1,0,0,0,0,0]"
img430.jpg,"[0,0,0,0,0,0,0,0]",0.0,0.0,0.0,0.0,"[0,1,1,1,0,0]"
img4476.jpg,"[1,0,1,0,0,0,0,0]",1.0,0.0,0.0,0.0,"[0,1,1,1,0,0]"
img4493.jpg,"[1,0,0,0,0,0,0,0]",1.0,0.0,0.0,0.0,"[0,1,1,1,0,0]"
img4595.jpg,"[1,0,0,0,0,0,0,0]",1.0,0.0,0.0,0.0,"[0,1,1,1,0,0]"
img4737.jpg,"[1,0,0,1,0,0,0,0]",1.0,1.0,0.0,0.0,"[0,1,1,0,0,0]"
img4750.jpg,"[1,0,0,1,0,0,0,0]",1.0,1.0,0.0,0.0,"[0,1,1,0,0,0]"
img476.jpg,"[1,0,0,0,1,0,0,0]",0.0,0.0,0.0,0.0,"[0,1,1,1,0,0]"
img482.jpg,"[1,0,0,0,1,0,0,0]",1.0,0.0,0.0,0.0,"[0,1,1,1,0,0]"
img4823.jpg,"[1,0,0,0,1,0,0,0]",2.0,1.0,0.0,0.0,"[0,1,1,1,0,0]"
img4892.jpg,"[1,1,0,0,1,0,0,0]",1.0,0.0,0.0,0.0,"[0,1,1,1,0,0]"
img786.jpg,"[0,0,1,0,0,0,0,0]",0.0,0.0,1.0,0.0,"[0,1,1,0,0,0]"
img874.jpg,"[1,1,0,0,0,0,0,0]",1.0,0.0,0.0,1.0,"[0,1,1,1,0,0]"
img95.jpg,"[1,0,0,0,1,0,0,0]",1.0,0.0,0.0,0.0,"[0,1,1,1,0,0]"
img1038.jpg,"[1,1,0,0,0,0,0,0]",2.0,0.0,0.0,0.0,"[0,1,1,1,0,0]"
img1156.jpg,"[1,0,0,0,0,0,0,0]",2.0,0.0,0.0,0.0,"[0,1,1,1,0,0]"
img1220.jpg,"[1,1,0,1,0,0,0,0]",2.0,2.0,2.0,0.0,"[1,0,0,0,0,0]"
img1445.jpg,"[1,0,0,1,0,1,0,0]",2.0,1.0,0.0,0.0,"[0,1,0,0,0,0]"
img1556.jpg,"[1,0,1,0,0,0,0,0]",2.0,0.0,0.0,0.0,"[0,1,1,1,0,0]"
img1731.jpg,"[0,0,0,0,1,0,0,0]",0.0,0.0,0.0,0.0,"[0,1,1,1,1,0]"
img1824.jpg,"[0,0,0,0,1,0,0,0]",0.0,0.0,0.0,0.0,"[0,1,1,1,1,0]"
img1845.jpg,"[0,0,0,0,1,0,0,0]",0.0,0.0,0.0,0.0,"[0,1,1,1,1,0]"
img1958.jpg,"[1,0,0,0,0,1,0,0]",1.0,1.0,1.0,0.0,"[0,1,1,1,0,0]"
img2000.jpg,"[1,0,0,0,0,1,0,0]",1.0,1.0,1.0,0.0,"[0,1,1,0,0,0]"
img2021.jpg,"[1,0,0,1,0,0,0,0]",1.0,2.0,2.0,0.0,"[1,0,0,0,0,0]"
img2023.jpg,"[1,0,0,1,0,0,0,0]",1.0,0.0,2.0,1.0,"[0,1,0,0,0,0]"
img2143.jpg,"[1,0,0,1,0,0,0,0]",1.0,1.0,0.0,0.0,"[0,1,1,0,0,0]"
img2441.jpg,"[0,0,0,0,0,0,0,0]",0.0,0.0,0.0,0.0,"[0,1,1,1,0,0]"
img2638.jpg,"[1,1,0,0,0,0,0,0]",1.0,0.0,0.0,0.0,"[0,1,1,1,0,0]"
img2672.jpg,"[1,0,0,0,0,0,0,0]",0.0,0.0,0.0,0.0,"[0,1,1,1,1,0]"
img2703.jpg,"[0,0,0,0,0,0,0,0]",0.0,0.0,0.0,0.0,"[0,1,1,1,1,1]"
img2722.jpg,"[0,0,0,0,0,0,0,0]",0.0,0.0,0.0,0.0,"[0,1,1,1,1,1]"
img2734.jpg,"[0,0,0,0,0,0,0,0]",0.0,0.0,0.0,0.0,"[0,1,1,1,1,1]"
img2966.jpg,"[1,0,0,0,0,0,0,0]",1.0,1.0,0.0,0.0,"[0,1,1,0,0,0]"
img2986.jpg,"[1,0,0,0,0,0,0,0]",2.0,0.0,0.0,0.0,"[0,1,1,1,0,0]"
img3112.jpg,"[1,0,0,0,0,1,0,0]",2.0,1.0,1.0,0.0,"[0,1,1,1,0,0]"
img3120.jpg,"[1,0,0,0,0,1,0,0]",2.0,1.0,0.0,0.0,"[0,1,1,1,0,0]"
img3123.jpg,"[1,0,0,0,0,1,0,0]",2.0,1.0,0.0,0.0,"[0,1,1,1,0,0]"
img3136.jpg,"[1,0,0,0,0,1,0,0]",2.0,1.0,0.0,0.0,"[0,1,1,1,0,0]"
img3198.jpg,"[0,0,0,0,0,1,0,0]",0.0,1.0,1.0,0.0,"[0,1,1,1,1,0]"
img3238.jpg,"[0,0,1,0,0,0,0,0]",0.0,0.0,0.0,0.0,"[0,1,1,1,1,0]"
img3252.jpg,"[0,0,0,0,0,0,0,0]",0.0,0.0,0.0,0.0,"[0,1,1,1,1,0]"
img3271.jpg,"[0,0,1,0,0,0,0,0]",2.0,0.0,0.0,0.0,"[0,1,1,1,0,0]"
img3373.jpg,"[1,0,1,0,0,0,0,0]",1.0,0.0,0.0,0.0,"[0,1,1,1,0,0]"
img3387.jpg,"[0,0,1,0,0,0,0,0]",0.0,0.0,1.0,0.0,"[0,1,1,0,0,0]"
img3503.jpg,"[1,0,0,0,0,0,0,0]",2.0,1.0,0.0,1.0,"[0,1,0,0,0,0]"
img3598.jpg,"[1,1,1,0,0,0,0,0]",2.0,0.0,1.0,0.0,"[0,1,1,0,0,0]"
img3849.jpg,"[1,0,0,1,0,0,0,0]",2.0,1.0,0.0,0.0,"[0,1,1,0,0,0]"
img3920.jpg,"[1,0,0,0,1,0,0,0]",2.0,1.0,0.0,0.0,"[0,1,1,1,0,0]"
img4024.jpg,"[1,0,0,1,1,0,0,0]",2.0,1.0,1.0,0.0,"[0,1,0,0,0,0]"
img4054.jpg,"[1,0,0,0,1,0,0,0]",1.0,0.0,0.0,0.0,"[0,1,1,1,0,0]"
img4073.jpg,"[1,0,0,0,1,0,0,0]",1.0,0.0,0.0,0.0,"[0,1,1,0,0,0]"
img4097.jpg,"[1,0,0,0,0,0,0,0]",1.0,0.0,0.0,1.0,"[1,0,0,0,0,0]"
img4505.jpg,"[0,0,0,0,0,0,0,0]",0.0,0.0,0.0,0.0,"[0,1,1,1,1,0]"
img4525.jpg,"[1,0,0,0,0,0,0,0]",2.0,0.0,0.0,0.0,"[0,1,1,1,0,0]"
img4634.jpg,"[1,0,0,0,0,0,0,0]",2.0,0.0,0.0,0.0,"[0,1,1,1,0,0]"
img4837.jpg,"[1,0,0,0,0,1,0,0]",1.0,1.0,1.0,0.0,"[0,1,1,0,0,0]"
img4843.jpg,"[1,0,0,0,0,1,0,0]",1.0,0.0,1.0,0.0,"[0,1,1,0,0,0]"
img658.jpg,"[1,1,0,0,0,0,0,0]",1.0,0.0,0.0,0.0,"[0,1,1,0,0,0]"
img723.jpg,"[1,0,0,0,0,1,0,0]",1.0,1.0,1.0,0.0,"[0,1,1,0,0,0]"
img788.jpg,"[0,0,1,0,0,0,0,0]",0.0,0.0,1.0,0.0,"[0,1,1,0,0,0]"
img846.jpg,"[0,0,0,0,1,0,0,0]",0.0,0.0,0.0,0.0,"[0,1,1,1,1,0]"
img904.jpg,"[0,0,1,0,0,0,0,0]",0.0,0.0,0.0,0.0,"[0,1,1,1,1,0]"
img975.jpg,"[0,0,0,0,1,0,0,0]",0.0,0.0,0.0,0.0,"[0,1,1,1,1,0]"
img1084.jpg,"[1,1,0,0,0,1,0,0]",2.0,1.0,1.0,0.0,"[0,1,1,0,0,0]"
img1089.jpg,"[1,0,0,0,0,0,0,0]",0.0,0.0,0.0,0.0,"[0,1,1,1,0,0]"
img1132.jpg,"[1,0,1,0,0,0,0,0]",2.0,0.0,0.0,0.0,"[0,1,1,1,0,0]"
img1173.jpg,"[1,0,0,0,0,0,0,0]",2.0,0.0,0.0,0.0,"[0,1,1,1,0,0]"
img1361.jpg,"[0,0,0,0,0,0,0,0]",0.0,0.0,0.0,0.0,"[0,1,1,1,0,0]"
img1394.jpg,"[1,0,0,0,0,1,0,0]",2.0,1.0,1.0,0.0,"[0,1,1,0,0,0]"
img1654.jpg,"[1,1,0,0,0,0,0,0]",1.0,1.0,0.0,0.0,"[0,1,1,0,0,0]"
img1873.jpg,"[0,0,0,0,0,0,0,0]",0.0,0.0,0.0,0.0,"[0,1,1,1,1,1]"
img1911.jpg,"[1,0,0,0,0,0,0,0]",2.0,0.0,0.0,0.0,"[0,1,1,0,0,0]"
img1956.jpg,"[1,0,0,0,0,0,0,0]",1.0,0.0,0.0,0.0,"[0,1,1,1,0,0]"
img2091.jpg,"[1,0,1,0,0,0,0,0]",1.0,1.0,2.0,0.0,"[0,1,0,0,0,0]"
img2145.jpg,"[1,0,1,0,0,0,0,0]",2.0,1.0,2.0,0.0,"[0,1,0,0,0,0]"
img2163.jpg,"[1,0,0,0,1,0,0,0]",2.0,0.0,0.0,0.0,"[0,1,1,0,0,0]"
img2167.jpg,"[1,0,0,0,1,0,0,0]",2.0,0.0,0.0,0.0,"[0,1,1,0,0,0]"
img222.jpg,"[0,0,0,0,1,0,0,0]",0.0,1.0,0.0,0.0,"[0,1,1,1,0,0]"
img225.jpg,"[0,0,0,0,1,0,0,0]",0.0,1.0,0.0,0.0,"[0,1,1,0,0,0]"
img2344.jpg,"[1,1,0,0,1,0,0,0]",2.0,0.0,0.0,0.0,"[0,1,1,1,0,0]"
img2591.jpg,"[1,1,0,0,0,0,0,0]",0.0,0.0,0.0,0.0,"[0,1,1,1,0,0]"
img2629.jpg,"[0,0,0,0,0,0,0,0]",0.0,0.0,0.0,0.0,"[0,1,1,1,1,0]"
img2669.jpg,"[1,0,0,0,1,0,0,0]",1.0,0.0,0.0,0.0,"[0,1,1,1,1,0]"
img2735.jpg,"[0,0,0,0,0,0,0,0]",0.0,0.0,0.0,0.0,"[0,1,1,1,1,0]"
img2814.jpg,"[1,0,0,0,1,0,0,0]",1.0,0.0,0.0,0.0,"[0,1,1,1,0,0]"
img2838.jpg,"[1,0,0,0,1,0,0,0]",2.0,0.0,0.0,0.0,"[0,1,1,1,0,0]"
img2901.jpg,"[1,1,1,0,0,0,0,0]",2.0,0.0,0.0,0.0,"[0,1,1,0,0,0]"
img3091.jpg,"[1,0,0,0,0,1,0,0]",1.0,1.0,1.0,0.0,"[0,1,1,1,0,0]"
img3119.jpg,"[0,0,0,0,0,0,0,0]",0.0,0.0,0.0,0.0,"[0,1,1,1,0,0]"
img3155.jpg,"[1,0,0,0,0,1,0,0]",2.0,1.0,0.0,0.0,"[0,1,1,1,0,0]"
img3160.jpg,"[1,0,0,0,0,1,0,0]",2.0,1.0,0.0,0.0,"[0,1,1,1,0,0]"
img3194.jpg,"[1,0,0,0,0,1,0,0]",1.0,0.0,1.0,0.0,"[0,1,1,1,0,0]"
img3196.jpg,"[1,0,0,0,0,1,0,0]",2.0,1.0,1.0,0.0,"[0,1,1,0,0,0]"
img3860.jpg,"[1,0,0,0,1,0,0,0]",2.0,0.0,0.0,0.0,"[0,1,1,0,0,0]"
img3863.jpg,"[1,0,0,0,0,0,0,0]",1.0,1.0,2.0,0.0,"[0,1,0,0,0,0]"
img3985.jpg,"[1,0,0,0,0,1,0,0]",2.0,1.0,1.0,0.0,"[0,1,1,0,0,0]"
img4087.jpg,"[1,0,0,0,0,0,0,0]",2.0,0.0,0.0,0.0,"[1,0,0,0,0,0]"
img4089.jpg,"[1,0,0,0,0,0,0,0]",2.0,0.0,0.0,0.0,"[1,0,0,0,0,0]"
img4145.jpg,"[0,0,0,0,0,1,0,0]",0.0,1.0,1.0,0.0,"[0,1,0,0,0,0]"
img4216.jpg,"[1,0,0,0,0,0,0,0]",2.0,0.0,0.0,0.0,"[0,1,1,0,0,0]"
img4268.jpg,"[1,0,0,0,0,1,0,0]",1.0,1.0,1.0,0.0,"[0,1,1,1,0,0]"
img4382.jpg,"[0,0,0,0,0,0,0,0]",0.0,0.0,0.0,0.0,"[0,1,1,0,0,0]"
img4485.jpg,"[1,0,0,0,0,0,0,0]",1.0,0.0,0.0,0.0,"[0,1,1,1,0,0]"
img4498.jpg,"[0,0,0,0,0,0,0,0]",0.0,0.0,0.0,0.0,"[0,1,1,1,1,1]"
img4772.jpg,"[1,0,0,0,1,0,0,0]",1.0,1.0,0.0,1.0,"[0,1,1,1,0,0]"
img4844.jpg,"[1,0,0,0,0,1,0,0]",1.0,1.0,0.0,0.0,"[0,1,1,0,0,0]"
img4916.jpg,"[0,0,0,0,0,0,0,0]",0.0,0.0,0.0,0.0,"[0,1,1,1,1,0]"
img508.jpg,"[1,1,0,0,0,0,0,0]",1.0,0.0,0.0,0.0,"[0,1,1,1,0,0]"
img677.jpg,"[1,0,0,0,0,0,0,0]",1.0,0.0,0.0,0.0,"[0,1,1,0,0,0]"
img790.jpg,"[0,0,1,0,0,0,0,0]",0.0,0.0,1.0,0.0,"[0,1,0,0,0,0]"
img80.jpg,"[1,0,0,1,0,0,0,0]",1.0,1.0,2.0,0.0,"[1,0,0,0,0,0]"
img835.jpg,"[0,0,0,0,1,0,0,0]",1.0,0.0,0.0,0.0,"[0,1,1,1,1,0]"
img920.jpg,"[0,0,1,0,0,0,0,0]",0.0,0.0,0.0,0.0,"[0,1,1,1,1,1]"
img1013.jpg,"[1,1,1,0,0,0,0,0]",2.0,0.0,0.0,0.0,"[0,1,1,1,1,0]"
img110.jpg,"[1,0,0,0,0,0,0,0]",2.0,0.0,0.0,0.0,"[0,1,1,1,0,0]"
img1442.jpg,"[0,0,0,0,1,0,0,0]",0.0,0.0,0.0,0.0,"[0,1,1,1,0,0]"
img1459.jpg,"[1,1,0,0,1,0,0,0]",2.0,0.0,0.0,0.0,"[0,1,1,1,0,0]"
img1494.jpg,"[0,0,1,0,0,0,0,0]",0.0,1.0,2.0,0.0,"[0,1,0,0,0,0]"
img1507.jpg,"[0,0,1,0,0,0,0,0]",0.0,1.0,2.0,0.0,"[0,1,1,0,0,0]"
img1542.jpg,"[0,0,0,0,0,1,0,0]",0.0,0.0,1.0,0.0,"[0,1,1,1,0,0]"
img1697.jpg,"[1,1,0,1,0,0,0,0]",1.0,1.0,0.0,0.0,"[0,1,1,0,0,0]"
img1735.jpg,"[0,0,0,0,1,0,0,0]",0.0,0.0,1.0,0.0,"[0,1,1,1,1,0]"
img1775.jpg,"[0,0,0,0,1,0,0,0]",0.0,0.0,0.0,0.0,"[0,1,1,1,1,0]"
img1827.jpg,"[0,0,0,0,1,0,0,0]",0.0,0.0,0.0,0.0,"[0,1,1,1,1,0]"
img2137.jpg,"[1,0,1,0,0,0,0,0]",2.0,1.0,2.0,0.0,"[0,1,0,0,0,0]"
img2188.jpg,"[1,0,0,1,0,0,0,0]",1.0,1.0,0.0,0.0,"[0,1,0,0,0,0]"
img2274.jpg,"[1,0,0,0,0,0,0,0]",2.0,0.0,0.0,1.0,"[0,1,1,0,0,0]"
img2292.jpg,"[1,0,0,1,0,0,0,0]",2.0,2.0,2.0,0.0,"[1,0,0,0,0,0]"
img2335.jpg,"[1,0,0,0,1,0,0,0]",2.0,0.0,0.0,0.0,"[0,1,1,1,0,0]"
img237.jpg,"[1,0,0,0,0,0,0,0]",2.0,0.0,0.0,0.0,"[0,1,1,1,0,0]"
img2489.jpg,"[1,0,0,1,0,0,0,0]",1.0,0.0,0.0,0.0,"[0,1,1,0,0,0]"
img266.jpg,"[1,1,0,0,0,0,0,0]",2.0,0.0,0.0,0.0,"[0,1,1,1,0,0]"
img2776.jpg,"[0,0,0,0,0,0,0,0]",0.0,0.0,0.0,0.0,"[0,1,1,1,1,1]"
img2913.jpg,"[1,0,1,0,0,0,0,0]",2.0,0.0,0.0,0.0,"[0,1,1,1,0,0]"
img3429.jpg,"[0,0,1,0,0,0,0,0]",0.0,0.0,1.0,0.0,"[0,1,1,1,0,0]"
img3437.jpg,"[0,0,0,0,0,0,0,0]",0.0,0.0,0.0,0.0,"[0,1,1,1,1,0]"
img3455.jpg,"[0,0,1,0,0,0,0,0]",1.0,0.0,0.0,0.0,"[0,1,1,1,0,0]"
img3558.jpg,"[0,0,0,0,0,1,0,0]",0.0,1.0,1.0,0.0,"[0,1,1,1,0,0]"
img3567.jpg,"[0,0,0,0,0,1,0,0]",0.0,1.0,1.0,0.0,"[0,1,1,1,0,0]"
img3610.jpg,"[1,0,1,0,0,0,0,0]",1.0,0.0,1.0,0.0,"[0,1,1,1,0,0]"
img3713.jpg,"[1,1,0,0,0,0,0,0]",2.0,0.0,1.0,0.0,"[0,1,1,1,0,0]"
img3743.jpg,"[1,0,0,0,0,0,0,0]",2.0,0.0,0.0,0.0,"[0,1,1,0,0,0]"
img3758.jpg,"[0,0,0,0,0,0,1,0]",0.0,1.0,1.0,0.0,"[0,1,0,0,0,0]"
img4002.jpg,"[1,0,0,0,0,1,0,0]",1.0,1.0,1.0,0.0,"[0,1,1,0,0,0]"
img4116.jpg,"[1,0,0,1,0,0,0,0]",2.0,1.0,0.0,1.0,"[1,0,0,0,0,0]"
img4172.jpg,"[1,0,0,0,0,0,0,0]",2.0,0.0,0.0,0.0,"[0,1,1,1,0,0]"
img4227.jpg,"[1,0,0,0,0,0,0,0]",2.0,0.0,0.0,0.0,"[0,1,1,1,0,0]"
img4244.jpg,"[1,0,0,0,0,0,0,0]",1.0,0.0,0.0,0.0,"[0,1,1,1,0,0]"
img4290.jpg,"[0,0,1,0,0,0,0,0]",0.0,0.0,0.0,0.0,"[0,1,1,1,1,0]"
img4468.jpg,"[0,0,0,0,0,0,0,0]",0.0,0.0,0.0,0.0,"[0,1,1,1,1,1]"
img4532.jpg,"[1,0,1,0,0,0,0,0]",2.0,0.0,0.0,0.0,"[0,1,1,1,0,0]"
img461.jpg,"[0,0,0,0,0,0,0,0]",0.0,0.0,0.0,0.0,"[0,1,1,1,1,0]"
img4710.jpg,"[1,0,0,0,0,0,0,0]",2.0,0.0,0.0,0.0,"[0,1,1,1,0,0]"
img4714.jpg,"[0,0,0,0,0,0,0,0]",0.0,0.0,0.0,0.0,"[0,1,1,1,1,1]"
img4799.jpg,"[1,0,0,0,1,0,0,0]",2.0,0.0,0.0,0.0,"[0,1,1,1,0,0]"
img4846.jpg,"[1,0,0,0,0,1,0,0]",2.0,1.0,1.0,0.0,"[0,1,1,0,0,0]"
img4855.jpg,"[1,0,0,0,1,1,0,0]",1.0,1.0,0.0,0.0,"[0,1,0,0,0,0]"
img4944.jpg,"[0,0,1,0,0,0,0,0]",0.0,0.0,0.0,0.0,"[0,1,1,1,1,0]"
img832.jpg,"[1,0,0,0,1,0,0,0]",1.0,0.0,0.0,0.0,"[0,1,1,1,0,0]"
img873.jpg,"[1,0,1,0,0,0,0,0]",1.0,1.0,1.0,0.0,"[0,1,1,1,0,0]"
img919.jpg,"[1,1,1,0,0,0,0,0]",2.0,0.0,0.0,0.0,"[0,1,1,1,0,0]"
img922.jpg,"[0,0,1,0,0,0,0,0]",0.0,0.0,0.0,0.0,"[0,1,1,1,1,0]"
img991.jpg,"[0,0,0,0,1,0,0,0]",0.0,0.0,0.0,0.0,"[0,1,1,0,0,0]"
img1151.jpg,"[1,0,0,0,0,0,0,0]",1.0,0.0,0.0,0.0,"[0,1,1,1,0,0]"
img1157.jpg,"[1,0,0,0,1,0,0,0]",1.0,0.0,0.0,0.0,"[0,1,1,1,0,0]"
img1174.jpg,"[1,0,1,0,0,0,0,0]",2.0,0.0,0.0,0.0,"[0,1,0,0,0,0]"
img1191.jpg,"[1,0,0,0,0,0,0,0]",2.0,0.0,0.0,1.0,"[0,1,0,0,0,0]"
img1274.jpg,"[1,0,0,0,0,1,0,0]",2.0,1.0,1.0,0.0,"[0,1,1,0,0,0]"
img1285.jpg,"[1,0,0,0,0,1,0,0]",2.0,2.0,1.0,0.0,"[0,1,0,0,0,0]"
img1385.jpg,"[1,1,1,0,0,1,0,0]",2.0,1.0,1.0,0.0,"[0,1,1,0,0,0]"
img1431.jpg,"[0,0,0,1,0,0,0,0]",0.0,1.0,0.0,0.0,"[0,1,1,0,0,0]"
img1533.jpg,"[0,0,0,0,0,1,0,0]",0.0,0.0,1.0,0.0,"[0,1,1,1,0,0]"
img1564.jpg,"[0,0,1,0,0,0,0,0]",0.0,0.0,0.0,0.0,"[0,1,1,1,0,0]"
img1571.jpg,"[1,0,1,0,0,0,0,0]",2.0,0.0,0.0,0.0,"[0,1,1,1,0,0]"
img1600.jpg,"[1,0,1,0,0,0,0,0]",2.0,0.0,0.0,0.0,"[0,1,1,1,0,0]"
img1624.jpg,"[1,1,0,0,0,0,0,0]",2.0,1.0,2.0,0.0,"[0,1,1,0,0,0]"
img1728.jpg,"[0,0,0,0,1,0,0,0]",0.0,0.0,0.0,0.0,"[0,1,1,1,1,0]"
img1736.jpg,"[0,0,0,0,0,0,0,0]",0.0,0.0,0.0,0.0,"[0,1,1,1,1,1]"
img1830.jpg,"[0,0,0,0,1,0,0,0]",0.0,0.0,0.0,0.0,"[0,1,1,1,1,0]"
img201.jpg,"[0,0,0,0,1,0,0,0]",0.0,1.0,0.0,0.0,"[0,1,1,0,0,0]"
img2199.jpg,"[1,0,0,0,1,0,0,0]",1.0,0.0,0.0,0.0,"[0,1,1,1,0,0]"
img2232.jpg,"[1,0,0,0,0,0,0,0]",1.0,0.0,0.0,0.0,"[0,1,0,0,0,0]"
img2247.jpg,"[0,0,0,0,0,1,0,0]",0.0,1.0,1.0,0.0,"[0,1,1,1,0,0]"
img2453.jpg,"[0,0,0,0,0,0,0,0]",0.0,0.0,0.0,0.0,"[0,1,1,1,0,0]"
img2545.jpg,"[1,0,0,0,0,0,0,0]",2.0,0.0,0.0,0.0,"[0,1,1,1,0,0]"
img2720.jpg,"[0,0,0,0,0,0,0,0]",0.0,0.0,0.0,0.0,"[0,1,1,1,1,1]"
img275.jpg,"[1,1,0,0,0,0,0,0]",1.0,0.0,0.0,0.0,"[0,1,1,1,0,0]"
img2791.jpg,"[0,0,0,0,0,0,0,0]",0.0,0.0,0.0,0.0,"[0,1,1,1,1,1]"
img2932.jpg,"[0,0,0,0,0,1,0,0]",0.0,1.0,1.0,0.0,"[0,1,1,1,1,0]"
img3002.jpg,"[1,0,0,0,0,0,0,0]",2.0,0.0,0.0,1.0,"[0,1,1,0,0,0]"
img3139.jpg,"[1,0,0,0,0,1,0,0]",2.0,1.0,1.0,0.0,"[0,1,1,1,0,0]"
img3235.jpg,"[0,0,1,0,0,0,0,0]",0.0,0.0,0.0,0.0,"[0,1,1,0,0,0]"
img3280.jpg,"[1,0,1,0,0,0,0,0]",2.0,0.0,0.0,1.0,"[0,1,1,1,0,0]"
img3392.jpg,"[0,0,1,0,0,0,0,0]",0.0,0.0,1.0,0.0,"[0,1,1,0,0,0]"
img3404.jpg,"[0,0,1,0,0,0,0,0]",0.0,0.0,1.0,0.0,"[0,1,1,0,0,0]"
img3469.jpg,"[1,0,0,0,0,0,0,0]",2.0,0.0,0.0,0.0,"[0,1,1,1,0,0]"
img3509.jpg,"[0,0,1,0,0,0,0,0]",0.0,0.0,1.0,0.0,"[0,1,1,0,0,0]"
img357.jpg,"[1,0,0,0,1,0,0,0]",1.0,0.0,0.0,0.0,"[0,1,1,1,0,0]"
img3580.jpg,"[1,1,1,0,0,0,0,0]",1.0,0.0,1.0,0.0,"[0,1,1,1,0,0]"
img3690.jpg,"[1,1,0,0,0,0,0,0]",1.0,0.0,0.0,0.0,"[0,1,1,1,0,0]"
img3701.jpg,"[1,0,0,0,0,0,0,0]",2.0,0.0,1.0,0.0,"[0,1,1,0,0,0]"
img3934.jpg,"[1,0,0,1,0,0,0,0]",2.0,1.0,1.0,0.0,"[0,1,0,0,0,0]"
img4019.jpg,"[1,0,0,0,0,0,0,0]",2.0,1.0,1.0,,"[0,1,1,0,0,0]"
img4090.jpg,"[1,0,0,0,0,0,0,0]",1.0,0.0,0.0,0.0,"[0,1,0,0,0,0]"
img4169.jpg,"[0,0,0,0,0,0,0,0]",0.0,0.0,0.0,0.0,"[0,1,1,1,1,1]"
img4480.jpg,"[0,0,0,0,0,0,0,0]",0.0,0.0,0.0,0.0,"[0,1,1,1,1,1]"
img4873.jpg,"[1,1,0,0,1,0,0,0]",2.0,1.0,0.0,0.0,"[0,1,1,1,0,0]"
img492.jpg,"[1,0,0,0,0,0,0,0]",2.0,0.0,0.0,0.0,"[0,1,1,1,0,0]"
img4948.jpg,"[0,0,0,0,0,0,0,0]",0.0,0.0,0.0,0.0,"[0,1,1,1,1,0]"
img536.jpg,"[0,0,0,0,0,0,0,0]",0.0,0.0,0.0,0.0,"[0,1,1,1,1,0]"
img795.jpg,"[0,0,0,0,0,0,0,0]",0.0,0.0,0.0,0.0,"[0,1,1,1,1,0]"
img943.jpg,"[0,0,0,0,0,0,0,0]",0.0,0.0,0.0,0.0,"[0,1,1,1,1,0]"
img96.jpg,"[1,0,0,0,0,0,0,0]",1.0,0.0,0.0,0.0,"[0,1,1,0,0,0]"
img1021.jpg,"[1,1,0,0,1,0,0,0]",2.0,1.0,0.0,0.0,"[0,1,1,1,0,0]"
img1085.jpg,"[1,0,0,1,1,0,0,0]",1.0,1.0,1.0,0.0,"[0,1,1,0,0,0]"
img1122.jpg,"[1,0,0,0,1,0,0,0]",1.0,0.0,0.0,0.0,"[0,1,1,1,0,0]"
img114.jpg,"[0,0,0,0,1,0,0,0]",0.0,0.0,0.0,0.0,"[0,1,1,1,1,0]"
img1163.jpg,"[1,0,0,0,1,0,0,0]",2.0,0.0,0.0,0.0,"[0,1,1,1,0,0]"
img1349.jpg,"[0,0,0,0,0,0,0,0]",0.0,0.0,0.0,0.0,"[0,1,1,0,0,0]"
img1611.jpg,"[0,0,1,0,0,0,0,0]",0.0,1.0,2.0,1.0,"[0,1,0,0,0,0]"
img1722.jpg,"[0,0,0,0,1,0,0,0]",0.0,0.0,0.0,0.0,"[0,1,1,1,1,0]"
img1886.jpg,"[0,0,0,0,1,0,0,0]",0.0,0.0,0.0,0.0,"[0,1,1,1,1,0]"
img2079.jpg,"[1,0,0,1,0,0,0,0]",1.0,2.0,1.0,0.0,"[1,0,0,0,0,0]"
img2092.jpg,"[1,0,0,1,0,0,0,0]",1.0,1.0,2.0,0.0,"[0,1,0,0,0,0]"
img2103.jpg,"[1,0,0,1,0,0,0,0]",1.0,1.0,2.0,0.0,"[0,1,0,0,0,0]"
img2239.jpg,"[0,0,0,0,0,1,0,0]",0.0,1.0,0.0,0.0,"[0,1,1,0,0,0]"
img226.jpg,"[1,1,0,0,0,0,0,0]",2.0,0.0,0.0,0.0,"[0,1,1,1,0,0]"
img2785.jpg,"[0,0,0,0,0,0,0,0]",0.0,0.0,0.0,0.0,"[0,1,1,1,1,1]"
img2788.jpg,"[0,0,0,0,0,0,0,0]",0.0,0.0,0.0,0.0,"[0,1,1,1,1,1]"
img2856.jpg,"[1,0,0,0,0,0,0,0]",2.0,0.0,0.0,1.0,"[0,1,1,1,0,0]"
img2895.jpg,"[1,0,0,0,1,0,0,0]",1.0,0.0,0.0,0.0,"[0,1,1,1,0,0]"
img2940.jpg,"[0,0,0,0,0,1,0,0]",0.0,0.0,1.0,0.0,"[0,1,1,1,0,0]"
img3013.jpg,"[0,0,0,0,0,0,0,0]",0.0,0.0,0.0,0.0,"[0,1,1,1,1,0]"
img3393.jpg,"[0,0,1,0,0,0,0,0]",0.0,0.0,1.0,0.0,"[0,1,1,0,0,0]"
img35.jpg,"[1,1,0,0,0,1,0,0]",1.0,1.0,1.0,0.0,"[0,1,0,0,0,0]"
img3507.jpg,"[1,0,1,0,0,0,0,0]",2.0,1.0,2.0,1.0,"[0,1,0,0,0,0]"
img3815.jpg,"[0,0,0,0,0,0,0,0]",0.0,0.0,0.0,0.0,"[0,1,1,1,0,0]"
img3910.jpg,"[1,0,0,0,1,0,0,0]",2.0,1.0,0.0,0.0,"[0,1,1,0,0,0]"
img3983.jpg,"[1,0,0,0,0,1,0,0]",2.0,0.0,1.0,0.0,"[0,1,1,0,0,0]"
img4139.jpg,"[1,0,1,0,0,0,0,0]",2.0,1.0,1.0,0.0,"[0,1,1,0,0,0]"
img420.jpg,"[0,0,0,0,0,0,0,0]",0.0,0.0,0.0,0.0,"[0,1,1,1,0,0]"
img4277.jpg,"[0,0,0,0,0,1,0,0]",0.0,1.0,1.0,0.0,"[0,1,1,0,0,0]"
img4281.jpg,"[0,0,0,0,0,0,1,0]",0.0,2.0,1.0,0.0,"[1,0,0,0,0,0]"
img4388.jpg,"[1,0,0,0,0,0,0,0]",0.0,0.0,0.0,0.0,"[0,1,1,1,0,0]"
img4401.jpg,"[1,1,0,1,0,0,0,0]",2.0,1.0,0.0,0.0,"[0,1,1,0,0,0]"
img4454.jpg,"[1,0,0,0,0,0,0,0]",2.0,0.0,0.0,0.0,"[0,1,1,1,0,0]"
img4486.jpg,"[0,0,0,0,0,0,0,0]",0.0,0.0,0.0,0.0,"[0,1,1,1,1,0]"
img4531.jpg,"[1,0,0,0,0,0,0,0]",2.0,0.0,0.0,0.0,"[0,1,1,1,0,0]"
img4544.jpg,"[0,0,1,0,0,0,0,0]",0.0,0.0,1.0,0.0,"[0,1,1,1,0,0]"
img4547.jpg,"[1,1,1,0,0,0,0,0]",2.0,0.0,0.0,0.0,"[0,1,1,1,0,0]"
img4647.jpg,"[1,0,0,0,0,0,0,0]",2.0,0.0,0.0,0.0,"[0,1,1,1,0,0]"
img4767.jpg,"[1,1,0,0,1,0,0,0]",2.0,1.0,0.0,0.0,"[0,1,1,1,0,0]"
img4775.jpg,"[1,0,0,1,0,0,0,0]",1.0,2.0,0.0,0.0,"[0,1,1,0,0,0]"
img4847.jpg,"[1,0,0,0,0,0,0,0]",1.0,0.0,0.0,0.0,"[0,1,1,1,0,0]"
img4894.jpg,"[0,0,0,0,0,0,0,0]",0.0,0.0,0.0,0.0,"[0,1,1,1,1,0]"
img4896.jpg,"[0,0,1,0,0,0,0,0]",0.0,0.0,0.0,0.0,"[0,1,1,1,1,0]"
img4945.jpg,"[0,0,0,0,0,0,0,0]",0.0,0.0,0.0,0.0,"[0,1,1,1,1,0]"
img4994.jpg,"[0,0,0,0,1,0,0,0]",0.0,0.0,0.0,0.0,"[0,1,1,1,1,0]"
img506.jpg,"[0,0,0,0,0,0,0,0]",0.0,0.0,0.0,0.0,"[0,1,1,1,1,0]"
img612.jpg,"[1,0,0,0,0,0,0,0]",2.0,0.0,0.0,0.0,"[0,1,1,1,0,0]"
img720.jpg,"[1,1,0,0,0,1,0,0]",1.0,1.0,1.0,0.0,"[0,1,1,0,0,0]"
img819.jpg,"[1,0,0,0,1,0,0,0]",1.0,0.0,0.0,0.0,"[0,1,1,1,1,0]"
img993.jpg,"[0,0,0,0,1,0,0,0]",0.0,0.0,0.0,0.0,"[0,1,1,1,1,0]"
img1257.jpg,"[0,0,1,0,0,0,0,0]",0.0,0.0,0.0,0.0,"[0,1,1,1,1,0]"
img1294.jpg,"[1,0,0,0,0,1,0,0]",1.0,2.0,1.0,0.0,"[0,1,0,0,0,0]"
img1369.jpg,"[1,1,0,0,0,1,0,0]",2.0,1.0,1.0,0.0,"[0,1,1,0,0,0]"
img1406.jpg,"[1,0,0,1,0,0,0,0]",1.0,1.0,0.0,0.0,"[0,1,1,1,0,0]"
img1429.jpg,"[0,0,0,1,0,0,0,0]",0.0,1.0,0.0,0.0,"[0,1,1,0,0,0]"
img1549.jpg,"[0,0,1,0,0,0,0,0]",1.0,0.0,0.0,0.0,"[0,1,1,1,0,0]"
img1598.jpg,"[1,0,1,0,0,0,0,0]",2.0,0.0,0.0,0.0,"[0,1,1,1,0,0]"
img1723.jpg,"[0,0,0,0,0,0,0,0]",0.0,0.0,0.0,0.0,"[0,1,1,1,1,0]"
img1853.jpg,"[0,0,0,0,1,0,0,0]",0.0,0.0,0.0,0.0,"[0,1,1,1,1,0]"
img1896.jpg,"[1,0,0,1,0,0,0,0]",2.0,1.0,0.0,0.0,"[0,1,1,0,0,0]"
img2147.jpg,"[1,0,1,0,0,0,0,0]",1.0,0.0,2.0,0.0,"[0,1,1,1,0,0]"
img2183.jpg,"[1,0,0,0,0,0,0,0]",2.0,0.0,0.0,0.0,"[0,1,1,0,0,0]"
img2212.jpg,"[1,0,0,0,0,1,0,0]",1.0,1.0,1.0,0.0,"[0,1,1,0,0,0]"
img2220.jpg,"[1,0,0,0,0,0,0,0]",2.0,0.0,0.0,0.0,"[0,1,1,1,0,0]"
img2333.jpg,"[1,0,0,0,1,0,0,0]",2.0,0.0,0.0,0.0,"[0,1,1,1,0,0]"
img2676.jpg,"[0,0,0,0,1,0,0,0]",1.0,0.0,0.0,0.0,"[0,1,1,1,0,0]"
img2880.jpg,"[1,0,0,0,0,0,0,0]",2.0,0.0,0.0,1.0,"[0,1,1,0,0,0]"
img2998.jpg,"[1,0,0,0,0,0,0,0]",2.0,0.0,0.0,0.0,"[0,1,1,0,0,0]"
img3080.jpg,"[1,0,0,0,0,0,1,0]",1.0,2.0,1.0,0.0,"[0,1,1,0,0,0]"
img3103.jpg,"[0,0,0,0,0,0,0,0]",0.0,0.0,0.0,0.0,"[0,1,1,1,1,1]"
img3222.jpg,"[1,0,1,0,0,1,0,0]",2.0,0.0,1.0,0.0,"[0,1,1,1,0,0]"
img3264.jpg,"[0,0,1,0,0,0,0,0]",0.0,0.0,0.0,0.0,"[0,1,1,1,1,0]"
img3370.jpg,"[1,1,1,0,0,0,0,0]",1.0,0.0,0.0,0.0,"[0,1,1,1,0,0]"
img3460.jpg,"[0,0,0,0,0,0,0,0]",0.0,0.0,0.0,0.0,"[0,1,1,1,1,1]"
img3553.jpg,"[0,0,1,0,0,0,0,0]",0.0,0.0,1.0,0.0,"[0,1,1,0,0,0]"
img3591.jpg,"[1,0,0,0,0,0,0,0]",1.0,0.0,1.0,0.0,"[0,1,1,0,0,0]"
img3641.jpg,"[1,0,0,0,1,0,0,0]",2.0,0.0,0.0,0.0,"[0,1,1,1,0,0]"
img3705.jpg,"[1,1,0,0,0,0,0,0]",1.0,0.0,0.0,0.0,"[0,1,1,0,0,0]"
img3789.jpg,"[1,0,0,0,0,0,0,0]",1.0,0.0,0.0,0.0,"[0,1,1,1,0,0]"
img3914.jpg,"[1,0,0,0,1,0,0,0]",2.0,1.0,0.0,0.0,"[0,1,1,1,0,0]"
img3921.jpg,"[1,0,0,1,0,0,0,0]",2.0,1.0,1.0,0.0,"[0,1,0,0,0,0]"
img3970.jpg,"[1,0,0,0,0,1,0,0]",1.0,1.0,0.0,0.0,"[0,1,1,0,0,0]"
img411.jpg,"[0,0,0,0,0,0,0,0]",0.0,0.0,0.0,0.0,"[0,1,1,1,1,1]"
img413.jpg,"[0,0,0,0,0,0,0,0]",0.0,0.0,0.0,0.0,"[0,1,1,1,1,1]"
img4171.jpg,"[1,1,0,0,0,0,0,0]",1.0,0.0,0.0,0.0,"[0,1,1,1,0,0]"
img4177.jpg,"[1,0,0,0,0,0,0,0]",2.0,0.0,0.0,0.0,"[0,1,1,1,0,0]"
img4335.jpg,"[1,0,0,1,0,0,0,0]",1.0,1.0,0.0,0.0,"[0,1,1,0,0,0]"
img449.jpg,"[0,0,0,0,0,0,0,0]",0.0,0.0,0.0,0.0,"[0,1,1,1,1,1]"
img4696.jpg,"[1,0,0,0,0,0,0,0]",2.0,0.0,0.0,0.0,"[0,1,1,1,0,0]"
img4820.jpg,"[1,0,0,0,1,0,0,0]",1.0,1.0,0.0,0.0,"[0,1,1,0,0,0]"
img4939.jpg,"[0,0,0,0,0,0,0,0]",0.0,0.0,0.0,0.0,"[0,1,1,1,1,0]"
img531.jpg,"[0,0,1,0,0,0,0,0]",0.0,0.0,0.0,0.0,"[0,1,1,1,1,0]"
img538.jpg,"[1,1,0,0,0,0,0,0]",1.0,0.0,0.0,1.0,"[0,1,1,1,0,0]"
img560.jpg,"[0,0,0,0,0,0,0,0]",0.0,0.0,0.0,0.0,"[0,1,1,1,1,1]"
img577.jpg,"[1,1,0,0,0,0,0,0]",1.0,0.0,0.0,0.0,"[0,1,1,1,0,0]"
img614.jpg,"[1,0,1,0,0,0,0,0]",2.0,0.0,0.0,0.0,"[0,1,1,1,0,0]"
img696.jpg,"[1,1,0,0,0,0,0,0]",2.0,0.0,0.0,0.0,"[0,1,1,1,0,0]"
img837.jpg,"[1,0,0,0,1,0,0,0]",1.0,0.0,0.0,0.0,"[0,1,1,1,1,0]"
img902.jpg,"[0,0,1,0,0,0,0,0]",0.0,0.0,0.0,0.0,"[0,1,1,1,1,0]"
img94.jpg,"[1,0,0,1,0,0,0,0]",1.0,1.0,1.0,0.0,"[0,1,0,0,0,0]"
img1152.jpg,"[1,0,0,0,1,0,0,0]",2.0,0.0,0.0,0.0,"[0,1,1,1,0,0]"
img1212.jpg,"[1,0,0,0,0,0,0,0]",2.0,0.0,0.0,1.0,"[0,1,1,0,0,0]"
img1221.jpg,"[1,0,0,0,0,0,0,0]",1.0,0.0,0.0,0.0,"[0,1,1,1,0,0]"
img1255.jpg,"[1,0,0,1,0,0,0,0]",2.0,2.0,2.0,0.0,"[1,0,0,0,0,0]"
img130.jpg,"[0,0,0,0,1,0,0,0]",0.0,0.0,0.0,0.0,"[0,1,1,1,1,0]"
img1319.jpg,"[0,0,0,0,0,0,0,0]",0.0,0.0,0.0,0.0,"[0,1,1,1,1,0]"
img140.jpg,"[0,0,0,0,1,0,0,0]",0.0,0.0,0.0,0.0,"[0,1,1,1,1,0]"
img1508.jpg,"[0,0,1,0,0,0,0,0]",0.0,0.0,2.0,0.0,"[0,1,1,0,0,0]"
img1517.jpg,"[0,0,1,0,0,0,0,0]",0.0,0.0,2.0,0.0,"[0,1,1,0,0,0]"
img1570.jpg,"[1,0,1,0,0,0,0,0]",1.0,0.0,0.0,0.0,"[0,1,1,0,0,0]"
img1686.jpg,"[1,1,0,1,0,0,0,0]",1.0,1.0,0.0,0.0,"[0,1,1,1,0,0]"
img1720.jpg,"[0,0,0,0,1,0,0,0]",0.0,0.0,0.0,0.0,"[0,1,1,1,1,0]"
img1893.jpg,"[1,0,0,1,0,0,0,0]",1.0,1.0,1.0,0.0,"[0,1,1,0,0,0]"
img1931.jpg,"[1,0,0,0,0,0,0,0]",2.0,0.0,0.0,0.0,"[0,1,1,0,0,0]"
img1932.jpg,"[1,0,0,0,0,0,0,0]",2.0,0.0,0.0,0.0,"[0,1,1,0,0,0]"
img2138.jpg,"[1,0,1,0,0,0,0,0]",1.0,0.0,2.0,0.0,"[0,1,1,0,0,0]"
img2144.jpg,"[1,0,0,1,0,0,0,0]",1.0,2.0,2.0,0.0,"[0,1,0,0,0,0]"
img2146.jpg,"[1,0,0,1,0,0,0,0]",1.0,1.0,2.0,0.0,"[0,1,0,0,0,0]"
img2210.jpg,"[1,0,0,0,0,1,0,0]",1.0,1.0,1.0,0.0,"[0,1,1,0,0,0]"
img2396.jpg,"[1,0,0,1,0,0,0,0]",1.0,0.0,2.0,0.0,"[0,1,1,0,0,0]"
img2582.jpg,"[1,0,0,0,0,1,0,0]",2.0,1.0,1.0,0.0,"[0,1,1,1,0,0]"
img2787.jpg,"[0,0,0,0,0,0,0,0]",0.0,0.0,0.0,0.0,"[0,1,1,1,1,1]"
img281.jpg,"[1,0,0,0,0,0,1,0]",2.0,0.0,0.0,0.0,"[0,1,1,1,0,0]"
img2899.jpg,"[1,0,0,0,0,0,0,0]",1.0,0.0,0.0,0.0,"[0,1,1,1,0,0]"
img2979.jpg,"[0,0,0,0,0,0,0,0]",0.0,0.0,0.0,0.0,"[0,1,1,1,1,0]"
img303.jpg,"[0,0,0,0,0,0,1,0]",0.0,0.0,2.0,0.0,"[0,1,1,1,0,0]"
img3070.jpg,"[0,0,0,0,0,1,0,0]",0.0,1.0,2.0,0.0,"[0,1,0,0,0,0]"
img3322.jpg,"[1,0,1,0,0,0,0,0]",2.0,0.0,0.0,0.0,"[0,1,1,1,0,0]"
img3533.jpg,"[1,0,1,0,0,0,0,0]",1.0,0.0,1.0,0.0,"[0,1,1,0,0,0]"
img3540.jpg,"[0,0,1,0,0,0,0,0]",0.0,0.0,1.0,0.0,"[0,1,1,0,0,0]"
img3802.jpg,"[1,0,1,0,0,0,0,0]",1.0,0.0,0.0,0.0,"[0,1,1,1,0,0]"
img3967.jpg,"[0,0,0,0,0,1,0,0]",0.0,1.0,1.0,0.0,"[0,1,1,0,0,0]"
img4149.jpg,"[0,0,1,0,0,0,0,0]",0.0,0.0,0.0,0.0,"[0,1,1,0,0,0]"
img4189.jpg,"[0,0,0,0,1,0,0,0]",0.0,1.0,1.0,0.0,"[0,1,1,0,0,0]"
img4194.jpg,"[0,0,0,0,0,0,0,0]",0.0,0.0,0.0,0.0,"[0,1,1,0,0,0]"
img4211.jpg,"[1,0,0,0,0,0,0,0]",1.0,0.0,0.0,0.0,"[0,1,1,1,0,0]"
img4307.jpg,"[0,0,0,0,0,0,0,0]",0.0,0.0,0.0,0.0,"[0,1,1,1,0,0]"
img4347.jpg,"[1,0,0,1,0,0,0,0]",1.0,1.0,0.0,0.0,"[0,1,1,0,0,0]"
img4380.jpg,"[1,0,0,1,0,0,0,0]",1.0,1.0,0.0,0.0,"[0,1,1,1,0,0]"
img4555.jpg,"[1,0,0,0,0,0,0,0]",2.0,0.0,0.0,0.0,"[0,1,1,1,0,0]"
img4570.jpg,"[0,0,0,0,1,0,0,0]",0.0,1.0,0.0,0.0,"[0,1,1,1,0,0]"
img4626.jpg,"[0,0,0,0,0,0,0,0]",0.0,0.0,0.0,1.0,"[0,1,1,1,0,0]"
img4726.jpg,"[1,1,0,0,1,0,0,0]",1.0,1.0,0.0,0.0,"[0,1,1,0,0,0]"
img4867.jpg,"[0,0,0,0,0,0,0,0]",0.0,0.0,0.0,0.0,"[0,1,1,1,1,1]"
img4912.jpg,"[0,0,0,0,0,0,0,0]",0.0,0.0,0.0,0.0,"[0,1,1,1,1,1]"
img4968.jpg,"[1,1,0,0,1,0,0,0]",2.0,1.0,0.0,0.0,"[0,1,1,0,0,0]"
img673.jpg,"[1,1,0,0,0,0,0,0]",2.0,0.0,0.0,0.0,"[0,1,1,0,0,0]"
img719.jpg,"[0,0,0,0,0,1,0,0]",0.0,0.0,1.0,0.0,"[0,1,1,0,0,0]"
img894.jpg,"[1,0,0,0,1,0,0,0]",1.0,1.0,0.0,1.0,"[0,1,1,0,0,0]"
img930.jpg,"[0,0,0,0,0,0,1,0]",0.0,2.0,2.0,0.0,"[1,0,0,0,0,0]"
img1003.jpg,"[1,0,0,0,1,0,0,0]",2.0,0.0,0.0,0.0,"[0,1,1,1,0,0]"
img1056.jpg,"[0,0,1,0,0,0,0,0]",0.0,0.0,0.0,0.0,"[0,1,1,0,0,0]"
img1064.jpg,"[1,1,0,0,1,0,0,0]",2.0,1.0,0.0,0.0,"[0,1,1,0,0,0]"
img1167.jpg,"[1,0,0,0,1,0,0,0]",2.0,0.0,0.0,0.0,"[0,1,1,1,0,0]"
img132.jpg,"[0,0,0,0,1,0,0,0]",0.0,0.0,0.0,0.0,"[0,1,1,1,1,0]"
img1475.jpg,"[1,1,0,0,1,0,0,0]",1.0,0.0,0.0,0.0,"[0,1,1,0,0,0]"
img153.jpg,"[0,0,0,0,1,0,0,0]",0.0,0.0,0.0,0.0,"[0,1,1,1,1,0]"
img1543.jpg,"[0,0,0,0,0,1,0,0]",0.0,1.0,0.0,0.0,"[0,1,1,0,0,0]"
img1545.jpg,"[0,0,0,0,0,1,0,0]",0.0,1.0,1.0,0.0,"[0,1,1,1,0,0]"
img156.jpg,"[0,0,0,0,1,0,0,0]",0.0,0.0,0.0,0.0,"[0,1,1,1,1,0]"
img1645.jpg,"[1,1,1,0,0,0,0,0]",2.0,1.0,2.0,0.0,"[0,1,1,0,0,0]"
img1701.jpg,"[1,1,0,1,0,0,0,0]",1.0,1.0,0.0,0.0,"[1,0,0,0,0,0]"
img1724.jpg,"[0,0,0,0,1,0,0,0]",0.0,0.0,0.0,0.0,"[0,1,1,1,1,0]"
img1741.jpg,"[0,0,1,0,0,0,0,0]",0.0,0.0,0.0,0.0,"[0,1,1,1,0,0]"
img1749.jpg,"[0,0,0,0,1,0,0,0]",0.0,0.0,0.0,0.0,"[0,1,1,1,1,0]"
img1831.jpg,"[0,0,0,0,1,0,0,0]",0.0,0.0,0.0,0.0,"[0,1,1,1,1,0]"
img1891.jpg,"[1,0,0,1,0,0,0,0]",2.0,1.0,0.0,0.0,"[0,1,1,1,0,0]"
img1926.jpg,"[1,0,0,0,0,0,0,0]",1.0,0.0,0.0,0.0,"[0,1,1,1,0,0]"
img2025.jpg,"[1,0,0,1,0,0,0,0]",1.0,2.0,0.0,0.0,"[1,0,0,0,0,0]"
img2267.jpg,"[0,0,0,0,0,0,0,0]",0.0,0.0,0.0,0.0,"[0,1,1,0,0,0]"
img2412.jpg,"[1,0,0,1,1,0,0,0]",1.0,1.0,2.0,0.0,"[0,1,1,0,0,0]"
img2426.jpg,"[1,0,1,0,0,0,0,0]",0.0,0.0,0.0,1.0,"[0,1,1,0,0,0]"
img2431.jpg,"[0,0,0,0,0,0,0,0]",0.0,0.0,0.0,0.0,"[0,1,1,1,0,0]"
img2446.jpg,"[1,0,0,0,0,0,0,0]",1.0,0.0,0.0,0.0,"[0,1,1,1,0,0]"
img2474.jpg,"[0,0,0,0,0,0,0,0]",0.0,0.0,0.0,0.0,"[0,1,1,1,0,0]"
img2707.jpg,"[0,0,0,0,0,0,0,0]",0.0,0.0,0.0,0.0,"[0,1,1,1,1,1]"
img2739.jpg,"[0,0,0,0,0,0,0,0]",0.0,0.0,0.0,0.0,"[0,1,1,1,1,1]"
img2753.jpg,"[0,0,0,0,0,0,0,0]",0.0,0.0,0.0,0.0,"[0,1,1,1,1,1]"
img2793.jpg,"[0,0,0,0,0,0,0,0]",0.0,0.0,0.0,0.0,"[0,1,1,1,1,1]"
img2845.jpg,"[1,0,0,0,1,0,0,0]",1.0,0.0,0.0,0.0,"[0,1,1,0,0,0]"
img315.jpg,"[0,0,1,0,0,0,1,0]",0.0,2.0,0.0,0.0,"[0,1,1,0,0,0]"
img3229.jpg,"[0,0,0,0,0,1,0,0]",0.0,1.0,1.0,0.0,"[0,1,1,1,0,0]"
img338.jpg,"[0,0,0,0,0,0,0,0]",0.0,0.0,0.0,0.0,"[0,1,1,1,0,0]"
img3416.jpg,"[0,0,1,0,0,0,0,0]",0.0,0.0,1.0,0.0,"[0,1,1,0,0,0]"
img3453.jpg,"[1,1,1,0,0,0,0,0]",2.0,0.0,0.0,0.0,"[0,1,1,1,0,0]"
img3636.jpg,"[0,0,0,0,0,0,0,0]",0.0,0.0,0.0,0.0,"[0,1,1,1,1,0]"
img3688.jpg,"[1,1,1,0,0,0,0,0]",2.0,0.0,0.0,0.0,"[0,1,1,1,0,0]"
img388.jpg,"[1,0,0,0,1,0,0,0]",1.0,0.0,0.0,0.0,"[0,1,1,1,0,0]"
img3933.jpg,"[1,0,1,1,0,0,0,0]",2.0,1.0,0.0,0.0,"[0,1,0,0,0,0]"
img4463.jpg,"[1,0,0,0,0,0,0,0]",2.0,0.0,0.0,0.0,"[0,1,1,1,0,0]"
img4491.jpg,"[0,0,0,0,0,0,0,0]",0.0,0.0,0.0,0.0,"[0,1,1,1,0,0]"
img4567.jpg,"[1,0,0,0,0,0,0,0]",1.0,0.0,0.0,0.0,"[0,1,1,0,0,0]"
img4623.jpg,"[1,1,0,0,0,0,0,0]",2.0,0.0,0.0,0.0,"[0,1,1,1,0,0]"
img4862.jpg,"[1,1,1,0,0,0,0,0]",1.0,0.0,0.0,0.0,"[0,1,1,0,0,0]"
img4924.jpg,"[1,1,0,0,0,0,0,0]",2.0,0.0,0.0,0.0,"[0,1,1,1,0,0]"
img500.jpg,"[0,0,0,0,0,0,0,0]",0.0,0.0,0.0,0.0,"[0,1,1,1,0,0]"
img724.jpg,"[0,0,1,0,0,0,0,0]",0.0,0.0,0.0,0.0,"[0,1,1,1,0,0]"
img773.jpg,"[0,0,1,0,0,0,0,0]",0.0,0.0,1.0,0.0,"[0,1,1,1,0,0]"
img789.jpg,"[0,0,1,0,0,0,0,0]",0.0,0.0,1.0,0.0,"[0,1,1,1,0,0]"
img843.jpg,"[1,0,0,0,1,0,0,0]",1.0,0.0,0.0,0.0,"[0,1,1,1,1,0]"
img1000.jpg,"[0,0,0,0,1,0,0,0]",0.0,0.0,0.0,0.0,"[0,1,1,1,1,0]"
img1015.jpg,"[1,1,0,0,1,0,0,0]",2.0,1.0,0.0,0.0,"[0,1,1,1,0,0]"
img1048.jpg,"[1,1,0,0,0,0,0,0]",2.0,0.0,0.0,0.0,"[0,1,1,1,0,0]"
img1066.jpg,"[1,0,0,0,1,1,0,0]",2.0,1.0,1.0,0.0,"[0,1,1,0,0,0]"
img1182.jpg,"[0,0,0,0,0,0,0,0]",0.0,0.0,0.0,0.0,"[0,1,1,1,1,0]"
img1213.jpg,"[1,0,0,0,0,0,0,0]",2.0,0.0,0.0,1.0,"[0,1,1,0,0,0]"
img1252.jpg,"[1,0,0,0,0,0,0,0]",2.0,0.0,0.0,0.0,"[0,1,1,1,0,0]"
img1262.jpg,"[0,0,0,0,0,0,1,0]",0.0,1.0,0.0,0.0,"[0,1,1,0,0,0]"
img129.jpg,"[0,0,0,0,1,0,0,0]",0.0,0.0,0.0,0.0,"[0,1,1,1,1,0]"
img1354.jpg,"[0,0,0,0,0,0,0,0]",0.0,0.0,0.0,0.0,"[0,1,1,1,0,0]"
img1440.jpg,"[0,0,0,1,0,0,0,0]",0.0,1.0,0.0,0.0,"[0,1,1,0,0,0]"
img1526.jpg,"[1,0,1,0,0,0,0,0]",2.0,0.0,2.0,0.0,"[0,1,1,0,0,0]"
img159.jpg,"[1,0,0,0,1,0,0,0]",1.0,0.0,0.0,0.0,"[0,1,1,0,0,0]"
img1657.jpg,"[1,1,0,0,0,0,0,0]",1.0,1.0,0.0,0.0,"[0,1,1,0,0,0]"
img1669.jpg,"[1,1,0,0,0,0,0,0]",2.0,0.0,0.0,0.0,"[0,1,1,1,0,0]"
img1836.jpg,"[0,0,0,0,1,0,0,0]",0.0,0.0,0.0,0.0,"[0,1,1,1,1,0]"
img1897.jpg,"[1,0,0,1,0,0,0,0]",1.0,0.0,0.0,0.0,"[0,1,1,0,0,0]"
img190.jpg,"[0,0,1,0,0,0,0,0]",0.0,1.0,2.0,1.0,"[0,1,0,0,0,0]"
img2008.jpg,"[1,0,0,0,0,0,0,0]",2.0,0.0,0.0,0.0,"[0,1,1,1,0,0]"
img2080.jpg,"[1,0,0,1,0,0,0,0]",2.0,2.0,1.0,0.0,"[1,0,0,0,0,0]"
img212.jpg,"[0,0,0,0,1,0,0,0]",0.0,1.0,0.0,0.0,"[0,1,1,0,0,0]"
img2211.jpg,"[0,0,1,0,0,0,1,0]",1.0,2.0,1.0,0.0,"[0,1,1,0,0,0]"
img2268.jpg,"[1,0,0,0,0,0,0,0]",1.0,0.0,0.0,0.0,"[0,1,1,1,0,0]"
img2270.jpg,"[1,0,0,0,0,0,0,0]",1.0,0.0,0.0,0.0,"[0,1,1,0,0,0]"
img228.jpg,"[1,1,0,0,0,0,0,0]",2.0,0.0,0.0,0.0,"[0,1,1,1,0,0]"
img238.jpg,"[1,1,0,0,0,0,0,0]",2.0,0.0,0.0,0.0,"[0,1,1,1,0,0]"
img2501.jpg,"[1,0,0,1,0,0,0,0]",2.0,1.0,1.0,0.0,"[0,1,0,0,0,0]"
img2540.jpg,"[1,0,0,0,0,0,0,0]",2.0,0.0,0.0,0.0,"[0,1,1,1,0,0]"
img2559.jpg,"[1,1,0,0,0,0,0,0]",2.0,0.0,0.0,0.0,"[0,1,1,1,0,0]"
img2660.jpg,"[1,0,0,0,1,0,0,0]",1.0,1.0,0.0,0.0,"[0,1,1,1,0,0]"
img2684.jpg,"[1,0,0,0,1,0,0,0]",1.0,1.0,0.0,0.0,"[0,1,1,1,0,0]"
img2736.jpg,"[0,0,0,0,0,0,0,0]",0.0,0.0,0.0,0.0,"[0,1,1,1,1,1]"
img2752.jpg,"[0,0,0,0,0,0,0,0]",0.0,0.0,0.0,0.0,"[0,1,1,1,1,1]"
img2945.jpg,"[1,0,0,0,0,0,0,0]",1.0,0.0,0.0,1.0,"[0,1,1,0,0,0]"
img2982.jpg,"[1,0,0,0,0,0,0,0]",2.0,0.0,0.0,0.0,"[0,1,1,1,0,0]"
img3148.jpg,"[1,0,0,0,0,1,0,0]",2.0,1.0,1.0,0.0,"[0,1,1,1,0,0]"
img3281.jpg,"[1,0,1,0,0,0,0,0]",2.0,0.0,0.0,0.0,"[0,1,1,1,0,0]"
img3356.jpg,"[0,0,1,0,1,0,0,0]",0.0,0.0,0.0,0.0,"[0,1,1,1,0,0]"
img3551.jpg,"[0,0,1,0,0,0,0,0]",0.0,0.0,1.0,0.0,"[0,1,1,0,0,0]"
img3783.jpg,"[1,0,0,0,0,0,0,0]",1.0,1.0,0.0,0.0,"[0,1,1,0,0,0]"
img4207.jpg,"[1,0,0,0,0,0,0,0]",2.0,0.0,0.0,0.0,"[0,1,1,1,0,0]"
img4341.jpg,"[1,0,0,1,0,0,0,0]",1.0,1.0,0.0,0.0,"[0,1,1,1,0,0]"
img4402.jpg,"[0,0,0,0,0,0,0,0]",0.0,0.0,0.0,0.0,"[0,1,1,1,0,0]"
img4574.jpg,"[1,1,1,0,0,0,0,0]",2.0,0.0,0.0,0.0,"[0,1,1,1,0,0]"
img4661.jpg,"[0,0,1,0,1,0,0,0]",0.0,1.0,1.0,0.0,"[0,1,1,1,1,0]"
img4730.jpg,"[1,0,0,1,0,0,0,0]",1.0,0.0,0.0,0.0,"[0,1,1,1,0,0]"
img4800.jpg,"[1,0,0,0,1,0,0,0]",1.0,1.0,0.0,0.0,"[0,1,1,1,0,0]"
img4859.jpg,"[0,0,0,0,0,1,0,0]",0.0,1.0,1.0,0.0,"[0,1,1,1,0,0]"
img4886.jpg,"[0,0,0,0,0,1,0,0]",0.0,1.0,1.0,0.0,"[0,1,1,1,0,0]"
img570.jpg,"[0,0,0,0,0,0,0,0]",0.0,0.0,0.0,0.0,"[0,1,1,1,0,0]"
img1057.jpg,"[0,0,1,0,0,0,0,0]",0.0,0.0,0.0,0.0,"[0,1,1,1,1,0]"
img1438.jpg,"[0,0,0,1,0,0,0,0]",0.0,1.0,0.0,0.0,"[0,1,1,1,0,0]"
img1448.jpg,"[0,0,0,1,0,0,0,0]",0.0,1.0,0.0,0.0,"[0,1,1,0,0,0]"
img1486.jpg,"[1,0,0,0,0,0,0,0]",2.0,0.0,0.0,0.0,"[0,1,1,1,0,0]"
img1685.jpg,"[1,1,0,0,0,0,0,0]",1.0,1.0,0.0,0.0,"[0,1,1,0,0,0]"
img1809.jpg,"[0,0,0,0,0,0,0,0]",0.0,0.0,0.0,0.0,"[0,1,1,1,0,0]"
img186.jpg,"[1,0,1,0,0,0,0,0]",0.0,1.0,2.0,0.0,"[0,1,0,0,0,0]"
img1916.jpg,"[1,0,0,0,0,0,0,0]",1.0,0.0,0.0,0.0,"[0,1,1,0,0,0]"
img1965.jpg,"[0,0,0,0,0,1,0,0]",0.0,1.0,1.0,0.0,"[0,1,1,1,0,0]"
img1999.jpg,"[0,0,0,0,0,1,0,0]",0.0,1.0,1.0,0.0,"[0,1,1,1,0,0]"
img206.jpg,"[0,0,0,0,1,0,0,0]",0.0,1.0,0.0,0.0,"[0,1,1,0,0,0]"
img2174.jpg,"[1,0,0,0,0,0,0,0]",2.0,0.0,0.0,0.0,"[0,1,1,1,0,0]"
img2181.jpg,"[1,0,0,0,0,0,0,0]",2.0,0.0,0.0,0.0,"[0,1,1,0,0,0]"
img2273.jpg,"[1,0,0,0,0,0,0,0]",1.0,0.0,0.0,1.0,"[0,1,0,0,0,0]"
img2276.jpg,"[1,0,0,0,0,0,0,0]",1.0,0.0,0.0,0.0,"[0,1,1,0,0,0]"
img243.jpg,"[1,1,0,0,0,0,0,0]",2.0,0.0,0.0,0.0,"[0,1,1,1,0,0]"
img2469.jpg,"[0,0,0,0,0,0,0,0]",0.0,0.0,0.0,0.0,"[0,1,1,1,1,0]"
img2603.jpg,"[1,0,0,0,0,0,0,0]",1.0,0.0,0.0,0.0,"[0,1,1,1,0,0]"
img2693.jpg,"[0,0,1,0,0,0,0,0]",0.0,0.0,0.0,0.0,"[0,1,1,1,0,0]"
img271.jpg,"[1,1,0,0,1,0,0,0]",2.0,1.0,0.0,0.0,"[0,1,1,1,0,0]"
img2730.jpg,"[0,0,0,0,0,0,0,0]",0.0,0.0,0.0,0.0,"[0,1,1,1,1,1]"
img2759.jpg,"[0,0,0,0,0,0,0,0]",0.0,0.0,0.0,0.0,"[0,1,1,1,1,1]"
img2775.jpg,"[0,0,0,0,0,0,0,0]",0.0,0.0,0.0,0.0,"[0,1,1,1,1,1]"
img2848.jpg,"[1,0,0,1,0,0,0,0]",1.0,0.0,1.0,0.0,"[0,1,1,0,0,0]"
img288.jpg,"[1,1,0,0,0,0,0,0]",2.0,0.0,0.0,0.0,"[0,1,1,0,0,0]"
img2893.jpg,"[0,0,0,0,0,0,0,0]",0.0,0.0,0.0,0.0,"[0,1,1,1,0,0]"
img2903.jpg,"[1,1,1,0,0,0,0,0]",2.0,0.0,0.0,0.0,"[0,1,1,1,0,0]"
img2933.jpg,"[0,0,0,0,0,0,0,0]",0.0,0.0,0.0,0.0,"[0,1,1,1,1,0]"
img2965.jpg,"[1,0,0,0,0,0,0,0]",1.0,0.0,0.0,1.0,"[0,1,1,0,0,0]"
img3064.jpg,"[0,0,0,0,0,0,0,0]",0.0,0.0,0.0,0.0,"[0,1,1,1,1,1]"
img3130.jpg,"[1,0,0,0,0,1,0,0]",2.0,1.0,0.0,0.0,"[0,1,1,1,0,0]"
img3542.jpg,"[0,0,1,0,0,0,0,0]",0.0,0.0,1.0,0.0,"[0,1,1,0,0,0]"
img360.jpg,"[0,0,0,0,0,0,0,0]",0.0,0.0,0.0,0.0,"[0,1,1,1,1,1]"
img3795.jpg,"[1,1,0,0,0,0,0,0]",2.0,0.0,0.0,0.0,"[0,1,1,1,0,0]"
img3854.jpg,"[0,0,0,0,0,0,0,0]",0.0,0.0,0.0,0.0,"[0,1,1,1,1,0]"
img3885.jpg,"[1,0,0,0,0,0,0,0]",2.0,0.0,0.0,0.0,"[0,1,1,1,0,0]"
img3904.jpg,"[1,0,0,0,1,0,0,0]",2.0,1.0,0.0,0.0,"[0,1,1,0,0,0]"
img4240.jpg,"[1,0,0,0,0,0,0,0]",0.0,0.0,0.0,0.0,"[0,1,1,1,0,0]"
img4321.jpg,"[0,0,0,0,0,0,0,0]",0.0,0.0,0.0,0.0,"[0,1,1,1,1,0]"
img4422.jpg,"[1,0,1,0,0,0,0,0]",2.0,0.0,0.0,0.0,"[0,1,1,1,0,0]"
img4438.jpg,"[1,0,0,0,0,0,0,0]",2.0,0.0,0.0,0.0,"[0,1,1,1,0,0]"
img4663.jpg,"[1,0,1,0,0,0,0,0]",2.0,0.0,0.0,0.0,"[0,1,1,1,0,0]"
img4832.jpg,"[0,0,0,0,0,1,0,0]",0.0,0.0,1.0,0.0,"[0,1,1,0,0,0]"
img4947.jpg,"[0,0,0,0,0,0,0,0]",0.0,0.0,0.0,0.0,"[0,1,1,1,1,0]"
img524.jpg,"[0,0,0,0,0,0,0,0]",0.0,0.0,0.0,0.0,"[0,1,1,1,1,1]"
img58.jpg,"[1,0,0,0,0,0,0,0]",2.0,0.0,0.0,0.0,"[0,1,1,1,0,0]"
img702.jpg,"[1,0,0,0,0,0,0,0]",2.0,0.0,0.0,0.0,"[0,1,1,0,0,0]"
img805.jpg,"[1,0,0,0,1,0,0,0]",1.0,0.0,0.0,0.0,"[0,1,1,1,1,0]"
img948.jpg,"[0,0,0,0,0,0,0,0]",0.0,0.0,0.0,0.0,"[0,1,1,1,0,0]"
img970.jpg,"[0,0,0,0,1,0,0,0]",0.0,0.0,0.0,0.0,"[0,1,1,1,1,0]"
img1037.jpg,"[1,1,0,0,0,0,0,0]",2.0,0.0,0.0,0.0,"[0,1,1,1,0,0]"
img1052.jpg,"[1,1,0,0,1,0,0,0]",2.0,1.0,0.0,0.0,"[0,1,1,1,0,0]"
img1123.jpg,"[1,0,0,0,1,0,0,0]",1.0,0.0,0.0,0.0,"[0,1,1,1,0,0]"
img1203.jpg,"[0,0,0,0,0,0,0,0]",0.0,0.0,0.0,0.0,"[0,1,1,1,0,0]"
img1209.jpg,"[1,0,0,0,0,0,0,0]",2.0,0.0,0.0,0.0,"[0,1,1,0,0,0]"
img1353.jpg,"[1,0,0,0,0,0,0,0]",1.0,0.0,0.0,0.0,"[0,1,1,1,0,0]"
img1370.jpg,"[1,0,0,0,0,1,0,0]",1.0,1.0,0.0,0.0,"[0,1,1,0,0,0]"
img1515.jpg,"[1,0,0,0,0,0,0,0]",2.0,0.0,0.0,0.0,"[0,1,1,1,0,0]"
img1676.jpg,"[1,0,0,0,1,0,0,0]",1.0,0.0,0.0,0.0,"[0,1,1,0,0,0]"
img1815.jpg,"[0,0,0,0,1,0,0,0]",0.0,0.0,0.0,0.0,"[0,1,1,1,1,0]"
img1924.jpg,"[0,0,0,0,0,0,0,0]",1.0,0.0,0.0,0.0,"[0,1,1,1,0,0]"
img2045.jpg,"[1,0,1,0,0,0,0,0]",1.0,1.0,2.0,0.0,"[0,1,1,0,0,0]"
img2052.jpg,"[1,0,0,1,0,0,0,0]",2.0,2.0,1.0,0.0,"[1,0,0,0,0,0]"
img2067.jpg,"[1,0,0,1,0,0,0,0]",1.0,1.0,1.0,0.0,"[0,1,1,0,0,0]"
img2077.jpg,"[1,0,0,1,0,0,0,0]",2.0,2.0,0.0,0.0,"[1,0,0,0,0,0]"
img2106.jpg,"[1,0,1,0,0,0,0,0]",1.0,1.0,2.0,0.0,"[0,1,1,0,0,0]"
img2178.jpg,"[1,0,0,0,0,0,0,0]",1.0,0.0,0.0,0.0,"[0,1,1,0,0,0]"
img2208.jpg,"[0,0,0,0,0,1,0,0]",0.0,1.0,1.0,0.0,"[0,1,1,1,0,0]"
img2316.jpg,"[1,1,1,0,0,0,0,0]",2.0,2.0,1.0,0.0,"[1,0,0,0,0,0]"
img2399.jpg,"[1,0,1,0,0,0,0,0]",1.0,1.0,2.0,0.0,"[0,1,0,0,0,0]"
img2421.jpg,"[0,0,0,0,0,0,0,0]",0.0,0.0,0.0,0.0,"[0,1,1,0,0,0]"
img2482.jpg,"[1,0,0,1,0,0,0,0]",1.0,2.0,0.0,0.0,"[1,0,0,0,0,0]"
img2542.jpg,"[1,0,0,0,0,0,0,0]",2.0,0.0,0.0,0.0,"[0,1,1,1,0,0]"
img2552.jpg,"[1,0,1,0,0,0,0,0]",2.0,0.0,0.0,0.0,"[0,1,1,1,0,0]"
img259.jpg,"[1,1,0,0,0,0,0,0]",2.0,0.0,0.0,0.0,"[0,1,1,1,0,0]"
img2668.jpg,"[1,0,0,0,1,0,0,0]",1.0,1.0,0.0,0.0,"[0,1,1,1,1,0]"
img2870.jpg,"[1,0,0,0,0,0,0,0]",2.0,0.0,0.0,0.0,"[0,1,1,1,0,0]"
img302.jpg,"[1,0,1,0,0,0,1,0]",2.0,0.0,1.0,0.0,"[0,1,1,0,0,0]"
img3128.jpg,"[1,0,0,0,0,1,0,0]",1.0,1.0,1.0,0.0,"[0,1,1,0,0,0]"
img3146.jpg,"[1,0,0,0,0,1,0,0]",2.0,1.0,1.0,0.0,"[0,1,1,1,0,0]"
img3153.jpg,"[1,0,0,0,0,1,0,0]",2.0,1.0,0.0,0.0,"[0,1,1,1,0,0]"
img3158.jpg,"[1,1,0,0,0,1,0,0]",2.0,1.0,0.0,0.0,"[0,1,1,1,0,0]"
img3176.jpg,"[1,0,0,0,0,1,0,0]",2.0,1.0,0.0,0.0,"[0,1,1,1,0,0]"
img3343.jpg,"[1,0,0,0,0,0,0,0]",2.0,0.0,0.0,0.0,"[0,1,1,0,0,0]"
img3445.jpg,"[0,0,1,0,0,0,0,0]",0.0,0.0,0.0,0.0,"[0,1,1,1,1,0]"
img3876.jpg,"[0,0,0,0,0,0,0,0]",0.0,0.0,0.0,0.0,"[0,1,1,1,0,0]"
img4142.jpg,"[1,1,0,0,0,1,0,0]",1.0,1.0,1.0,0.0,"[0,1,1,1,0,0]"
img4157.jpg,"[1,0,0,0,1,0,0,0]",2.0,1.0,0.0,0.0,"[0,1,1,1,0,0]"
img4264.jpg,"[1,1,0,0,0,1,0,0]",2.0,0.0,0.0,0.0,"[0,1,1,1,0,0]"
img4284.jpg,"[0,0,0,0,0,0,0,0]",0.0,0.0,0.0,0.0,"[0,1,1,1,0,0]"
img4313.jpg,"[0,0,0,0,0,0,0,0]",0.0,0.0,0.0,0.0,"[0,1,1,1,1,0]"
img4596.jpg,"[1,1,0,0,0,0,0,0]",2.0,0.0,0.0,0.0,"[0,1,1,1,0,0]"
img522.jpg,"[1,0,0,0,0,0,0,0]",2.0,0.0,0.0,0.0,"[0,1,1,1,0,0]"
img562.jpg,"[1,1,0,0,0,0,0,0]",1.0,0.0,0.0,0.0,"[0,1,1,1,0,0]"
img679.jpg,"[1,0,0,0,0,0,1,0]",1.0,2.0,1.0,0.0,"[0,1,0,0,0,0]"
img710.jpg,"[1,1,0,0,0,0,0,0]",2.0,0.0,0.0,0.0,"[0,1,1,1,0,0]"
img743.jpg,"[0,0,1,0,0,0,0,0]",0.0,0.0,0.0,0.0,"[0,1,1,1,0,0]"
img768.jpg,"[0,0,0,0,0,0,0,0]",0.0,0.0,0.0,0.0,"[0,1,1,1,0,0]"
img787.jpg,"[0,0,1,0,0,0,0,0]",0.0,0.0,1.0,0.0,"[0,1,1,1,0,0]"
img85.jpg,"[1,1,1,0,0,0,0,0]",2.0,2.0,2.0,0.0,"[0,1,0,0,0,0]"
img1022.jpg,"[1,1,0,0,0,0,0,0]",2.0,1.0,0.0,0.0,"[0,1,1,1,0,0]"
img1087.jpg,"[1,0,0,0,1,0,0,0]",2.0,1.0,0.0,0.0,"[0,1,1,1,0,0]"
img1092.jpg,"[1,0,0,0,0,1,0,0]",2.0,1.0,0.0,0.0,"[0,1,1,0,0,0]"
img1282.jpg,"[0,0,0,0,0,1,0,0]",0.0,1.0,1.0,0.0,"[0,1,0,0,0,0]"
img1348.jpg,"[0,0,0,0,0,0,0,0]",0.0,0.0,0.0,0.0,"[0,1,1,1,0,0]"
img1352.jpg,"[0,0,0,0,0,0,0,0]",0.0,0.0,0.0,0.0,"[0,1,1,1,0,0]"
img1371.jpg,"[1,1,0,0,0,1,0,0]",2.0,1.0,1.0,0.0,"[0,1,1,1,0,0]"
img1403.jpg,"[0,0,0,1,0,0,0,0]",0.0,1.0,0.0,0.0,"[0,1,1,0,0,0]"
img1446.jpg,"[1,0,0,1,0,0,0,0]",2.0,1.0,0.0,0.0,"[0,1,1,0,0,0]"
img1534.jpg,"[0,0,0,0,0,1,0,0]",0.0,0.0,1.0,0.0,"[0,1,1,1,0,0]"
img1703.jpg,"[1,1,0,0,0,0,0,0]",2.0,0.0,0.0,0.0,"[0,1,1,1,0,0]"
img1950.jpg,"[1,0,0,0,0,1,0,0]",2.0,1.0,1.0,0.0,"[0,1,1,0,0,0]"
img2033.jpg,"[0,0,0,0,0,0,0,0]",0.0,0.0,0.0,1.0,"[0,1,1,0,0,0]"
img2190.jpg,"[1,0,0,0,0,0,0,0]",2.0,0.0,0.0,0.0,"[0,1,1,1,0,0]"
img2454.jpg,"[0,0,0,0,0,0,0,0]",0.0,0.0,0.0,0.0,"[0,1,1,1,0,0]"
img2502.jpg,"[1,0,0,1,0,0,0,0]",2.0,1.0,0.0,0.0,"[0,1,1,0,0,0]"
img2525.jpg,"[1,0,0,1,0,0,0,0]",2.0,1.0,0.0,,"[0,1,0,0,0,0]"
img2596.jpg,"[0,0,0,0,0,1,0,0]",0.0,1.0,1.0,0.0,"[0,1,1,1,0,0]"
img2649.jpg,"[0,0,1,0,0,0,0,0]",0.0,0.0,0.0,0.0,"[0,1,1,1,0,0]"
img2717.jpg,"[0,0,0,0,0,0,0,0]",0.0,0.0,0.0,0.0,"[0,1,1,1,1,1]"
img2747.jpg,"[0,0,0,0,0,0,0,0]",0.0,0.0,0.0,0.0,"[0,1,1,1,1,1]"
img3182.jpg,"[1,0,0,0,0,1,0,0]",1.0,1.0,1.0,0.0,"[0,1,1,1,0,0]"
img3193.jpg,"[0,0,0,0,0,1,0,0]",0.0,1.0,1.0,0.0,"[0,1,1,1,0,0]"
img3256.jpg,"[0,0,0,0,0,0,0,0]",0.0,0.0,0.0,0.0,"[0,1,1,1,0,0]"
img3337.jpg,"[1,0,0,0,0,0,0,0]",2.0,0.0,0.0,0.0,"[0,1,1,1,0,0]"
img3364.jpg,"[0,0,1,0,0,0,0,0]",0.0,0.0,0.0,0.0,"[0,1,1,1,0,0]"
img3454.jpg,"[1,0,1,0,0,0,0,0]",2.0,0.0,0.0,0.0,"[0,1,1,1,0,0]"
img3677.jpg,"[1,1,1,0,0,0,0,0]",1.0,0.0,0.0,1.0,"[0,1,1,1,0,0]"
img370.jpg,"[0,0,0,0,0,0,0,0]",0.0,0.0,0.0,0.0,"[0,1,1,1,1,1]"
img3745.jpg,"[1,0,0,0,0,0,0,0]",1.0,0.0,0.0,0.0,"[0,1,1,1,0,0]"
img3871.jpg,"[0,0,0,0,0,0,0,0]",0.0,0.0,0.0,0.0,"[0,1,1,1,1,0]"
img3888.jpg,"[0,0,0,0,0,0,0,0]",0.0,0.0,0.0,0.0,"[0,1,1,1,1,0]"
img3912.jpg,"[1,1,0,0,1,0,0,0]",2.0,0.0,0.0,0.0,"[0,1,1,1,0,0]"
img397.jpg,"[1,0,1,0,0,0,0,0]",1.0,0.0,0.0,0.0,"[0,1,1,1,0,0]"
img3995.jpg,"[1,0,0,0,0,1,0,0]",1.0,1.0,1.0,0.0,"[0,1,1,0,0,0]"
img4067.jpg,"[1,0,0,0,1,0,0,0]",2.0,0.0,0.0,0.0,"[0,1,1,1,0,0]"
img4175.jpg,"[0,0,0,0,0,0,0,0]",0.0,0.0,0.0,0.0,"[0,1,1,1,1,1]"
img424.jpg,"[0,0,0,0,0,0,0,0]",0.0,0.0,0.0,0.0,"[0,1,1,1,1,1]"
img4271.jpg,"[1,0,0,0,0,1,0,0]",2.0,1.0,1.0,0.0,"[0,1,1,0,0,0]"
img4317.jpg,"[0,0,0,0,0,0,0,0]",0.0,0.0,0.0,0.0,"[0,1,1,1,1,0]"
img4381.jpg,"[1,0,0,0,0,0,0,0]",1.0,0.0,1.0,1.0,"[0,1,1,0,0,0]"
img4430.jpg,"[1,0,1,0,0,0,0,0]",2.0,0.0,0.0,1.0,"[0,1,1,0,0,0]"
img4515.jpg,"[1,0,0,0,0,0,0,0]",2.0,0.0,0.0,0.0,"[0,1,1,1,0,0]"
img4651.jpg,"[1,0,0,0,0,0,0,0]",2.0,0.0,1.0,0.0,"[0,1,1,0,0,0]"
img4804.jpg,"[1,0,0,0,1,0,0,0]",2.0,1.0,0.0,0.0,"[0,1,1,1,0,0]"
img4865.jpg,"[0,0,0,0,0,0,0,0]",0.0,0.0,0.0,0.0,"[0,1,1,1,1,0]"
img523.jpg,"[1,0,0,0,0,0,0,0]",2.0,0.0,0.0,0.0,"[0,1,1,1,0,0]"
img586.jpg,"[1,0,0,0,0,0,0,0]",1.0,0.0,0.0,0.0,"[0,1,1,1,0,0]"
img815.jpg,"[1,0,0,0,1,0,0,0]",1.0,0.0,0.0,0.0,"[0,1,1,1,1,0]"
img870.jpg,"[1,1,1,0,1,0,0,0]",2.0,1.0,1.0,0.0,"[0,1,1,1,0,0]"
img1031.jpg,"[1,1,0,0,1,0,0,0]",2.0,1.0,0.0,0.0,"[0,1,1,1,0,0]"
img1047.jpg,"[1,1,0,0,0,0,0,0]",2.0,0.0,0.0,0.0,"[0,1,1,1,0,0]"
img1155.jpg,"[1,0,0,0,0,0,0,0]",1.0,0.0,0.0,0.0,"[0,1,1,1,0,0]"
img1230.jpg,"[1,0,1,0,0,0,0,0]",2.0,0.0,1.0,0.0,"[0,1,1,0,0,0]"
img1325.jpg,"[0,0,0,0,0,0,0,0]",0.0,0.0,0.0,0.0,"[0,1,1,1,0,0]"
img1424.jpg,"[0,0,0,1,0,0,0,0]",0.0,1.0,0.0,0.0,"[0,1,1,0,0,0]"
img1489.jpg,"[1,0,0,0,0,0,0,0]",2.0,0.0,0.0,0.0,"[0,1,1,0,0,0]"
img1748.jpg,"[0,0,0,0,1,0,0,0]",0.0,0.0,0.0,0.0,"[0,1,1,1,1,0]"
img1820.jpg,"[0,0,0,0,1,0,0,0]",0.0,0.0,0.0,0.0,"[0,1,1,1,1,0]"
img1834.jpg,"[0,0,0,0,1,0,0,0]",0.0,0.0,0.0,0.0,"[0,1,1,1,1,0]"
img1909.jpg,"[1,0,0,0,0,0,0,0]",1.0,0.0,0.0,1.0,"[0,1,1,0,0,0]"
img2057.jpg,"[1,0,0,1,0,0,0,0]",2.0,1.0,1.0,0.0,"[0,1,0,0,0,0]"
img215.jpg,"[0,0,0,0,0,0,0,0]",0.0,0.0,0.0,0.0,"[0,1,1,0,0,0]"
img2179.jpg,"[1,0,0,0,0,0,0,0]",1.0,0.0,0.0,0.0,"[0,1,1,1,0,0]"
img2304.jpg,"[1,0,0,1,0,0,0,0]",0.0,2.0,0.0,0.0,"[1,0,0,0,0,0]"
img2371.jpg,"[0,0,1,0,0,0,0,0]",0.0,1.0,2.0,0.0,"[0,1,1,0,0,0]"
img2434.jpg,"[1,0,0,0,0,0,0,0]",2.0,0.0,0.0,0.0,"[0,1,1,1,0,0]"
img2435.jpg,"[1,0,0,0,0,0,0,0]",2.0,0.0,0.0,1.0,"[0,1,0,0,0,0]"
img2533.jpg,"[1,0,0,1,0,0,0,0]",2.0,2.0,1.0,,"[1,0,0,0,0,0]"
img2632.jpg,"[0,0,1,0,0,0,0,0]",0.0,0.0,0.0,0.0,"[0,1,1,1,1,0]"
img2663.jpg,"[0,0,0,0,0,0,0,0]",2.0,0.0,0.0,0.0,"[0,1,1,1,0,0]"
img2706.jpg,"[0,0,0,0,0,0,0,0]",0.0,0.0,0.0,0.0,"[0,1,1,1,1,1]"
img2737.jpg,"[0,0,0,0,0,0,0,0]",0.0,0.0,0.0,0.0,"[0,1,1,1,1,1]"
img2963.jpg,"[1,0,0,0,0,0,0,0]",1.0,0.0,0.0,0.0,"[0,1,1,0,0,0]"
img3446.jpg,"[0,0,1,0,0,0,0,0]",0.0,0.0,0.0,0.0,"[0,1,1,1,1,0]"
img3484.jpg,"[1,0,1,0,0,0,0,0]",1.0,0.0,0.0,,"[0,1,0,0,0,0]"
img3538.jpg,"[0,0,0,0,0,0,0,0]",0.0,0.0,0.0,0.0,"[0,1,1,1,1,0]"
img3649.jpg,"[1,1,1,0,0,0,0,0]",1.0,0.0,0.0,1.0,"[0,1,1,1,0,0]"
img3682.jpg,"[1,1,0,0,0,0,0,0]",1.0,0.0,0.0,0.0,"[0,1,1,1,0,0]"
img3915.jpg,"[1,0,0,0,1,0,0,0]",2.0,1.0,0.0,0.0,"[0,1,1,0,0,0]"
img3937.jpg,"[1,0,0,1,0,0,0,0]",2.0,1.0,0.0,0.0,"[0,1,1,0,0,0]"
img3941.jpg,"[1,0,0,1,0,0,0,0]",2.0,1.0,0.0,0.0,"[0,1,0,0,0,0]"
img3976.jpg,"[1,0,0,0,0,1,0,0]",0.0,1.0,1.0,0.0,"[0,1,0,0,0,0]"
img40.jpg,"[1,1,0,0,0,1,0,0]",1.0,0.0,0.0,0.0,"[0,1,1,0,0,0]"
img4042.jpg,"[1,0,0,0,0,0,1,0]",1.0,2.0,1.0,0.0,"[0,1,1,0,0,0]"
img4160.jpg,"[1,1,0,0,0,0,0,0]",2.0,0.0,0.0,0.0,"[0,1,1,1,0,0]"
img4206.jpg,"[1,0,0,0,0,0,0,0]",2.0,0.0,0.0,0.0,"[0,1,1,1,0,0]"
img4325.jpg,"[1,0,0,1,0,0,0,0]",1.0,1.0,0.0,0.0,"[1,0,0,0,0,0]"
img4444.jpg,"[0,0,0,0,0,0,0,0]",0.0,0.0,0.0,0.0,"[0,1,1,1,1,1]"
img4568.jpg,"[0,0,0,0,0,0,0,0]",0.0,0.0,0.0,0.0,"[0,1,1,1,1,1]"
img4693.jpg,"[1,0,0,0,0,0,0,0]",1.0,0.0,0.0,0.0,"[0,1,1,1,0,0]"
img4719.jpg,"[0,0,0,0,1,0,0,0]",0.0,1.0,0.0,0.0,"[0,1,1,1,0,0]"
img4728.jpg,"[0,0,1,0,0,0,0,0]",0.0,0.0,0.0,0.0,"[0,1,1,0,0,0]"
img4824.jpg,"[1,0,0,0,1,0,0,0]",1.0,1.0,0.0,0.0,"[0,1,1,1,0,0]"
img4828.jpg,"[0,0,0,0,0,1,0,0]",0.0,0.0,1.0,0.0,"[0,1,1,1,0,0]"
img4958.jpg,"[0,0,0,0,0,0,0,0]",0.0,0.0,0.0,0.0,"[0,1,1,0,0,0]"
img4960.jpg,"[1,0,0,0,1,0,0,0]",0.0,0.0,1.0,0.0,"[0,1,1,1,0,0]"
img692.jpg,"[1,0,0,0,0,0,0,0]",2.0,0.0,0.0,0.0,"[0,1,1,1,0,0]"
img885.jpg,"[1,0,0,0,0,0,0,0]",1.0,0.0,1.0,0.0,"[0,1,1,0,0,0]"
img954.jpg,"[0,0,0,0,0,0,0,0]",0.0,0.0,0.0,0.0,"[0,1,1,1,1,0]"
img1005.jpg,"[0,0,0,0,1,0,0,0]",0.0,0.0,0.0,0.0,"[0,1,1,1,1,0]"
img1009.jpg,"[0,0,0,0,0,0,0,0]",0.0,0.0,,0.0,"[0,1,1,1,0,0]"
img1094.jpg,"[1,1,0,0,0,1,0,0]",2.0,1.0,0.0,0.0,"[0,1,1,0,0,0]"
img1124.jpg,"[1,0,1,0,0,0,0,0]",1.0,0.0,0.0,0.0,"[0,1,1,0,0,0]"
img1193.jpg,"[1,0,0,0,0,0,0,0]",2.0,0.0,0.0,1.0,"[0,1,1,0,0,0]"
img1372.jpg,"[1,1,0,0,0,1,0,0]",1.0,1.0,1.0,0.0,"[0,1,1,0,0,0]"
img1505.jpg,"[1,0,0,0,0,0,0,0]",2.0,0.0,0.0,0.0,"[0,1,1,1,0,0]"
img157.jpg,"[0,0,0,0,1,0,0,0]",0.0,0.0,0.0,0.0,"[0,1,1,1,1,0]"
img1639.jpg,"[1,0,1,0,0,0,0,0]",2.0,1.0,2.0,0.0,"[0,1,1,0,0,0]"
img1663.jpg,"[1,0,0,1,0,0,0,0]",0.0,1.0,0.0,0.0,"[0,1,1,0,0,0]"
img1825.jpg,"[0,0,0,0,1,0,0,0]",0.0,0.0,0.0,0.0,"[0,1,1,1,1,0]"
img1844.jpg,"[0,0,0,0,0,0,0,0]",0.0,0.0,0.0,0.0,"[0,1,1,1,0,0]"
img1978.jpg,"[0,0,0,0,0,1,0,0]",0.0,1.0,0.0,0.0,"[0,1,1,1,0,0]"
img1984.jpg,"[0,0,1,0,0,1,0,0]",0.0,0.0,1.0,0.0,"[0,1,1,0,0,0]"
img2083.jpg,"[1,0,0,1,0,0,0,0]",2.0,2.0,1.0,0.0,"[1,0,0,0,0,0]"
img2090.jpg,"[1,0,0,1,0,0,0,0]",1.0,1.0,2.0,0.0,"[0,1,1,0,0,0]"
img2194.jpg,"[1,0,0,0,0,0,0,0]",1.0,0.0,0.0,0.0,"[0,1,1,0,0,0]"
img2405.jpg,"[0,0,1,0,0,0,0,0]",0.0,1.0,2.0,0.0,"[0,1,1,0,0,0]"
img2479.jpg,"[1,0,0,1,0,0,0,0]",1.0,1.0,0.0,0.0,"[0,1,1,1,0,0]"
img2532.jpg,"[1,0,0,0,0,0,0,0]",2.0,1.0,1.0,0.0,"[0,1,0,0,0,0]"
img2627.jpg,"[1,0,0,0,0,0,0,0]",1.0,0.0,0.0,0.0,"[0,1,1,1,0,0]"
img2671.jpg,"[1,0,0,0,0,0,0,0]",2.0,0.0,0.0,0.0,"[0,1,1,1,0,0]"
img2708.jpg,"[0,0,0,0,0,0,0,0]",0.0,0.0,0.0,0.0,"[0,1,1,1,1,1]"
img2732.jpg,"[0,0,0,0,0,0,0,0]",0.0,0.0,0.0,0.0,"[0,1,1,1,1,1]"
img280.jpg,"[1,0,0,0,0,0,0,0]",1.0,0.0,0.0,0.0,"[0,1,1,1,0,0]"
img2819.jpg,"[1,0,0,0,1,0,0,0]",2.0,0.0,0.0,0.0,"[0,1,1,0,0,0]"
img2975.jpg,"[1,0,0,0,0,0,0,0]",2.0,0.0,0.0,0.0,"[0,1,1,1,0,0]"
img3077.jpg,"[1,0,0,0,0,1,0,0]",1.0,1.0,1.0,0.0,"[0,1,1,0,0,0]"
img3190.jpg,"[1,1,0,0,0,1,0,0]",2.0,1.0,0.0,0.0,"[0,1,1,1,0,0]"
img353.jpg,"[0,0,0,0,0,0,0,0]",0.0,0.0,0.0,0.0,"[0,1,1,1,1,0]"
img3603.jpg,"[1,0,1,0,0,0,0,0]",2.0,0.0,1.0,0.0,"[0,1,1,0,0,0]"
img3689.jpg,"[1,1,1,0,0,0,0,0]",2.0,0.0,0.0,0.0,"[0,1,1,1,0,0]"
img3703.jpg,"[1,1,0,0,0,0,0,0]",2.0,0.0,0.0,0.0,"[0,1,1,1,0,0]"
img3733.jpg,"[1,0,0,0,0,0,0,0]",1.0,0.0,0.0,0.0,"[0,1,1,1,0,0]"
img390.jpg,"[0,0,0,0,0,0,0,0]",0.0,0.0,0.0,0.0,"[0,1,1,1,1,1]"
img4322.jpg,"[0,0,1,0,0,0,0,0]",0.0,0.0,0.0,0.0,"[0,1,1,1,1,0]"
img4396.jpg,"[0,0,1,0,0,0,0,0]",0.0,0.0,1.0,0.0,"[0,1,1,1,0,0]"
img4399.jpg,"[0,0,0,0,0,0,0,0]",0.0,0.0,0.0,0.0,"[0,1,1,1,0,0]"
img4616.jpg,"[0,0,0,0,1,0,0,0]",0.0,0.0,0.0,0.0,"[0,1,1,1,1,0]"
img4627.jpg,"[1,0,0,0,0,0,0,0]",2.0,0.0,0.0,0.0,"[0,1,1,1,0,0]"
img4632.jpg,"[0,0,0,0,0,0,0,0]",1.0,0.0,0.0,0.0,"[0,1,1,1,0,0]"
img4788.jpg,"[1,0,0,1,0,0,0,0]",1.0,2.0,0.0,0.0,"[0,1,0,0,0,0]"
img499.jpg,"[0,0,0,0,0,0,0,0]",0.0,0.0,0.0,0.0,"[0,1,1,1,1,1]"
img50.jpg,"[1,0,0,0,0,0,0,0]",2.0,0.0,1.0,0.0,"[0,1,1,0,0,0]"
img576.jpg,"[1,0,0,0,1,0,0,0]",2.0,0.0,0.0,0.0,"[0,1,1,1,0,0]"
img595.jpg,"[1,0,1,0,0,0,0,0]",2.0,0.0,0.0,0.0,"[0,1,1,1,0,0]"
img71.jpg,"[1,0,0,0,0,0,0,0]",1.0,0.0,0.0,0.0,"[0,1,1,1,0,0]"
img741.jpg,"[0,0,1,0,0,0,0,0]",0.0,0.0,0.0,0.0,"[0,1,1,1,0,0]"
img755.jpg,"[0,0,1,0,0,0,0,0]",0.0,0.0,1.0,0.0,"[0,1,1,0,0,0]"
img888.jpg,"[1,0,0,0,1,0,0,0]",1.0,1.0,0.0,0.0,"[0,1,0,0,0,0]"
img1032.jpg,"[1,1,1,0,1,0,0,0]",2.0,1.0,0.0,0.0,"[0,1,1,1,0,0]"
img1287.jpg,"[1,0,0,0,0,1,0,0]",2.0,1.0,1.0,0.0,"[0,1,0,0,0,0]"
img138.jpg,"[0,0,0,0,1,0,0,0]",0.0,0.0,0.0,0.0,"[0,1,1,1,0,0]"
img1420.jpg,"[0,0,0,1,0,0,0,0]",0.0,1.0,0.0,0.0,"[0,1,1,1,0,0]"
img154.jpg,"[0,0,0,0,1,0,0,0]",0.0,0.0,0.0,0.0,"[0,1,1,1,1,0]"
img1594.jpg,"[1,0,1,0,0,0,0,0]",2.0,0.0,0.0,0.0,"[0,1,1,1,0,0]"
img16.jpg,"[0,0,0,0,1,0,0,0]",0.0,1.0,0.0,0.0,"[0,1,1,1,0,0]"
img1607.jpg,"[0,0,0,0,0,0,0,0]",0.0,0.0,0.0,0.0,"[0,1,1,0,0,0]"
img1636.jpg,"[1,1,0,0,0,0,0,0]",1.0,1.0,2.0,0.0,"[0,1,1,0,0,0]"
img1638.jpg,"[1,1,1,0,0,0,0,0]",2.0,1.0,2.0,0.0,"[0,1,1,0,0,0]"
img1689.jpg,"[1,1,0,0,0,0,0,0]",1.0,0.0,0.0,0.0,"[0,1,1,1,0,0]"
img1760.jpg,"[0,0,0,0,1,0,0,0]",0.0,0.0,0.0,0.0,"[0,1,1,1,1,0]"
img183.jpg,"[1,0,0,0,0,0,0,0]",1.0,0.0,0.0,0.0,"[0,1,1,0,0,0]"
img1850.jpg,"[1,0,0,0,0,0,0,0]",1.0,0.0,0.0,0.0,"[0,1,1,1,0,0]"
img1917.jpg,"[1,0,0,0,0,0,0,0]",1.0,0.0,0.0,0.0,"[0,1,1,0,0,0]"
img198.jpg,"[0,0,0,0,0,0,0,0]",0.0,0.0,0.0,0.0,"[0,1,1,1,0,0]"
img2029.jpg,"[1,0,1,0,0,0,0,0]",2.0,0.0,2.0,0.0,"[0,1,1,0,0,0]"
img2202.jpg,"[1,0,0,0,1,0,0,0]",1.0,0.0,0.0,0.0,"[0,1,1,0,0,0]"
img2287.jpg,"[1,1,0,1,0,0,0,0]",1.0,2.0,1.0,0.0,"[1,0,0,0,0,0]"
img2290.jpg,"[1,0,0,1,0,0,0,0]",1.0,2.0,1.0,0.0,"[1,0,0,0,0,0]"
img230.jpg,"[1,1,0,0,0,0,0,0]",2.0,0.0,0.0,0.0,"[0,1,1,1,0,0]"
img2490.jpg,"[1,0,0,1,0,0,0,0]",1.0,1.0,0.0,0.0,"[0,1,1,0,0,0]"
img2648.jpg,"[1,0,0,0,0,0,0,0]",2.0,0.0,0.0,0.0,"[0,1,1,1,0,0]"
img2653.jpg,"[1,0,0,0,0,0,0,0]",2.0,0.0,0.0,0.0,"[0,1,1,1,0,0]"
img327.jpg,"[0,0,0,0,0,0,0,0]",0.0,0.0,0.0,0.0,"[0,1,1,1,1,0]"
img3407.jpg,"[0,0,1,0,0,0,0,0]",0.0,0.0,1.0,0.0,"[0,1,1,0,0,0]"
img3442.jpg,"[1,0,1,0,0,0,0,0]",2.0,0.0,0.0,0.0,"[0,1,1,1,0,0]"
img362.jpg,"[0,0,0,0,0,0,0,0]",0.0,0.0,0.0,0.0,"[0,1,1,1,1,1]"
img3748.jpg,"[0,0,0,0,0,0,1,0]",0.0,1.0,1.0,0.0,"[0,1,0,0,0,0]"
img3769.jpg,"[1,0,0,0,1,0,0,0]",2.0,0.0,0.0,0.0,"[0,1,1,1,0,0]"
img3959.jpg,"[1,0,0,1,0,0,0,0]",2.0,1.0,1.0,0.0,"[0,1,0,0,0,0]"
img4170.jpg,"[0,0,0,0,0,0,0,0]",0.0,1.0,1.0,0.0,"[0,1,1,0,0,0]"
img4283.jpg,"[0,0,0,0,0,0,0,0]",0.0,0.0,0.0,0.0,"[0,1,1,1,1,0]"
img4303.jpg,"[0,0,0,0,0,0,0,0]",0.0,0.0,0.0,0.0,"[0,1,1,1,1,0]"
img4338.jpg,"[1,0,0,0,0,0,0,0]",2.0,0.0,0.0,0.0,"[0,1,1,1,0,0]"
img4551.jpg,"[1,0,0,0,0,0,0,0]",2.0,0.0,0.0,0.0,"[0,1,1,1,0,0]"
img4640.jpg,"[0,0,0,0,0,0,0,0]",0.0,0.0,0.0,0.0,"[0,1,1,1,0,0]"
img4703.jpg,"[0,0,0,0,0,0,0,0]",0.0,0.0,0.0,0.0,"[0,1,1,1,0,0]"
img4722.jpg,"[1,0,0,0,1,0,0,0]",1.0,1.0,0.0,0.0,"[0,1,1,1,0,0]"
img473.jpg,"[1,0,0,0,1,0,0,0]",1.0,0.0,0.0,0.0,"[0,1,1,1,0,0]"
img4738.jpg,"[0,0,0,1,1,0,0,0]",0.0,2.0,0.0,0.0,"[0,1,0,0,0,0]"
img4852.jpg,"[0,0,0,0,0,1,0,0]",0.0,1.0,1.0,0.0,"[0,1,1,1,0,0]"
img4914.jpg,"[1,0,0,0,0,0,0,0]",2.0,0.0,0.0,0.0,"[0,1,1,1,0,0]"
img4940.jpg,"[0,0,0,0,0,0,0,0]",0.0,0.0,0.0,0.0,"[0,1,1,1,0,0]"
img4964.jpg,"[0,0,0,0,0,0,0,0]",0.0,0.0,0.0,0.0,"[0,1,1,1,0,0]"
img518.jpg,"[1,0,0,0,0,0,0,0]",2.0,0.0,0.0,0.0,"[0,1,1,1,0,0]"
img530.jpg,"[0,0,0,0,0,0,0,0]",0.0,0.0,0.0,0.0,"[0,1,1,1,1,1]"
img610.jpg,"[1,0,1,0,0,0,0,0]",2.0,0.0,0.0,0.0,"[0,1,1,1,0,0]"
img693.jpg,"[1,1,0,0,0,0,0,0]",2.0,0.0,0.0,0.0,"[0,1,1,1,0,0]"
img73.jpg,"[1,0,1,1,0,0,0,0]",2.0,1.0,2.0,0.0,"[0,1,0,0,0,0]"
img1001.jpg,"[0,0,0,0,1,0,0,0]",0.0,0.0,0.0,0.0,"[0,1,1,1,1,0]"
img1025.jpg,"[1,0,0,0,0,0,0,0]",1.0,0.0,0.0,1.0,"[0,1,1,1,0,0]"
img1125.jpg,"[1,0,0,0,0,0,0,0]",2.0,0.0,0.0,0.0,"[0,1,1,1,0,0]"
img1171.jpg,"[1,1,0,0,0,0,0,0]",1.0,0.0,0.0,0.0,"[0,1,1,0,0,0]"
img1375.jpg,"[1,1,0,0,0,1,0,0]",2.0,1.0,1.0,0.0,"[0,1,1,0,0,0]"
img1588.jpg,"[1,0,1,0,0,0,0,0]",2.0,0.0,0.0,0.0,"[0,1,1,1,0,0]"
img1590.jpg,"[1,0,1,0,0,0,0,0]",2.0,0.0,0.0,0.0,"[0,1,1,1,0,0]"
img169.jpg,"[0,0,0,0,1,0,0,0]",0.0,0.0,0.0,0.0,"[0,1,1,1,1,0]"
img1690.jpg,"[1,1,0,0,0,0,0,0]",1.0,0.0,0.0,0.0,"[0,1,1,1,0,0]"
img1699.jpg,"[1,0,0,0,1,0,0,0]",0.0,0.0,0.0,0.0,"[0,1,1,0,0,0]"
img1704.jpg,"[1,1,0,0,0,0,0,0]",1.0,1.0,0.0,0.0,"[0,1,1,1,0,0]"
img1788.jpg,"[0,0,0,0,1,0,0,0]",0.0,0.0,0.0,0.0,"[0,1,1,1,1,0]"
img2135.jpg,"[1,0,0,0,0,0,0,0]",2.0,0.0,0.0,0.0,"[0,1,1,1,0,0]"
img2139.jpg,"[1,0,0,1,0,0,0,0]",1.0,1.0,2.0,,"[0,1,1,0,0,0]"
img2223.jpg,"[0,0,0,0,0,1,0,0]",0.0,1.0,0.0,0.0,"[0,1,1,0,0,0]"
img2393.jpg,"[1,0,0,1,0,0,0,0]",1.0,1.0,2.0,0.0,"[0,1,0,0,0,0]"
img2452.jpg,"[1,0,0,0,0,0,0,0]",2.0,0.0,0.0,0.0,"[0,1,1,1,0,0]"
img2527.jpg,"[1,0,0,1,0,0,0,0]",2.0,1.0,1.0,0.0,"[0,1,0,0,0,0]"
img2583.jpg,"[0,0,0,0,0,0,0,0]",0.0,0.0,0.0,0.0,"[0,1,1,1,0,0]"
img2662.jpg,"[0,0,0,0,1,0,0,0]",1.0,0.0,0.0,0.0,"[0,1,1,1,1,0]"
img2749.jpg,"[0,0,0,0,0,0,0,0]",0.0,0.0,0.0,0.0,"[0,1,1,1,1,1]"
img2906.jpg,"[1,0,0,0,0,1,0,0]",1.0,2.0,1.0,0.0,"[0,1,0,0,0,0]"
img2977.jpg,"[1,0,0,0,0,0,0,0]",2.0,0.0,0.0,0.0,"[0,1,1,0,0,0]"
img2992.jpg,"[0,0,0,0,0,0,0,0]",0.0,0.0,0.0,0.0,"[0,1,1,1,0,0]"
img3044.jpg,"[1,1,0,0,0,1,0,0]",2.0,1.0,2.0,0.0,"[0,1,1,0,0,0]"
img3181.jpg,"[1,0,0,0,0,1,0,0]",1.0,1.0,1.0,0.0,"[0,1,1,1,0,0]"
img3230.jpg,"[0,0,0,0,0,1,0,0]",0.0,0.0,1.0,0.0,"[0,1,1,0,0,0]"
img3323.jpg,"[1,1,1,0,0,0,0,0]",2.0,0.0,0.0,0.0,"[0,1,1,1,0,0]"
img3430.jpg,"[0,0,0,0,0,0,0,0]",0.0,0.0,0.0,0.0,"[0,1,1,0,0,0]"
img3447.jpg,"[0,0,1,0,0,0,0,0]",0.0,0.0,0.0,0.0,"[0,1,1,1,0,0]"
img3479.jpg,"[1,0,1,0,0,0,0,0]",1.0,0.0,0.0,0.0,"[0,1,0,0,0,0]"
img3527.jpg,"[0,0,1,0,0,0,0,0]",0.0,0.0,1.0,0.0,"[0,1,1,0,0,0]"
img3938.jpg,"[1,0,0,1,0,0,0,0]",2.0,2.0,1.0,0.0,"[1,0,0,0,0,0]"
img4166.jpg,"[1,0,0,0,0,0,0,0]",2.0,1.0,1.0,0.0,"[0,1,1,0,0,0]"
img4190.jpg,"[1,0,0,0,1,0,0,0]",2.0,0.0,0.0,0.0,"[0,1,0,0,0,0]"
img431.jpg,"[0,0,0,0,0,0,0,0]",0.0,0.0,0.0,0.0,"[0,1,1,1,1,0]"
img4389.jpg,"[0,0,0,0,0,0,0,0]",0.0,0.0,0.0,0.0,"[0,1,1,1,1,0]"
img4590.jpg,"[1,0,0,0,0,0,0,0]",1.0,0.0,0.0,0.0,"[0,1,1,1,0,0]"
img4702.jpg,"[0,0,0,0,0,0,0,0]",0.0,0.0,0.0,0.0,"[0,1,1,1,1,1]"
img4744.jpg,"[1,0,0,1,0,0,0,0]",1.0,2.0,0.0,0.0,"[1,0,0,0,0,0]"
img4760.jpg,"[1,0,0,1,0,0,0,0]",2.0,1.0,0.0,0.0,"[0,1,1,0,0,0]"
img4833.jpg,"[1,0,0,0,0,1,0,0]",2.0,0.0,1.0,0.0,"[0,1,1,1,0,0]"
img4877.jpg,"[1,0,0,0,1,0,0,0]",1.0,0.0,0.0,0.0,"[0,1,1,1,0,0]"
img4882.jpg,"[1,0,0,0,1,0,0,0]",0.0,0.0,0.0,0.0,"[0,1,1,1,0,0]"
img4889.jpg,"[1,0,0,0,0,0,0,0]",0.0,0.0,0.0,0.0,"[0,1,1,1,0,0]"
img4893.jpg,"[0,0,0,0,1,0,0,0]",0.0,1.0,0.0,0.0,"[0,1,1,1,1,0]"
img4936.jpg,"[0,0,0,0,0,0,0,0]",0.0,0.0,0.0,0.0,"[0,1,1,1,1,0]"
img63.jpg,"[1,0,0,0,0,0,0,0]",0.0,0.0,0.0,0.0,"[0,1,1,1,0,0]"
img89.jpg,"[1,0,0,0,0,0,0,0]",1.0,0.0,0.0,0.0,"[0,1,1,1,0,0]"
img979.jpg,"[0,0,0,0,1,0,0,0]",0.0,0.0,0.0,0.0,"[0,1,1,1,1,0]"
img1029.jpg,"[1,1,0,0,0,0,0,0]",2.0,0.0,0.0,0.0,"[0,1,1,1,0,0]"
img1058.jpg,"[1,1,0,0,1,0,0,0]",2.0,1.0,0.0,0.0,"[0,1,1,1,0,0]"
img1139.jpg,"[1,0,0,0,0,0,0,0]",1.0,0.0,0.0,0.0,"[0,1,1,1,0,0]"
img1222.jpg,"[0,0,1,0,0,0,0,0]",0.0,0.0,1.0,0.0,"[0,1,1,0,0,0]"
img1323.jpg,"[1,1,0,0,0,0,0,0]",2.0,0.0,0.0,0.0,"[0,1,1,1,0,0]"
img1391.jpg,"[1,0,0,0,0,1,0,0]",2.0,1.0,1.0,0.0,"[0,1,1,0,0,0]"
img1464.jpg,"[0,0,0,0,0,0,0,0]",0.0,0.0,0.0,0.0,"[0,1,1,1,0,0]"
img1804.jpg,"[1,0,0,0,0,0,0,0]",1.0,0.0,0.0,0.0,"[0,1,1,1,0,0]"
img1870.jpg,"[0,0,0,0,1,0,0,0]",0.0,0.0,0.0,0.0,"[0,1,1,1,1,0]"
img216.jpg,"[0,0,0,0,0,0,0,0]",0.0,0.0,0.0,0.0,"[0,1,1,1,1,0]"
img2204.jpg,"[1,0,0,0,0,1,0,0]",0.0,1.0,1.0,0.0,"[0,1,1,1,0,0]"
img2282.jpg,"[1,1,0,1,0,0,0,0]",2.0,1.0,1.0,0.0,"[0,1,0,0,0,0]"
img2326.jpg,"[1,0,0,0,1,0,0,0]",2.0,1.0,0.0,0.0,"[0,1,1,0,0,0]"
img2387.jpg,"[1,0,0,1,0,0,0,0]",2.0,1.0,0.0,0.0,"[0,1,1,0,0,0]"
img2395.jpg,"[1,0,0,1,0,0,0,0]",2.0,1.0,2.0,0.0,"[0,1,1,0,0,0]"
img2485.jpg,"[1,0,0,1,0,0,0,0]",1.0,1.0,0.0,0.0,"[0,1,0,0,0,0]"
img2550.jpg,"[1,0,0,0,0,0,0,0]",2.0,0.0,0.0,0.0,"[0,1,1,1,0,0]"
img2636.jpg,"[0,0,0,0,0,0,0,0]",0.0,0.0,0.0,0.0,"[0,1,1,1,1,0]"
img2700.jpg,"[0,0,0,0,0,0,0,0]",0.0,0.0,0.0,0.0,"[0,1,1,1,1,1]"
img2745.jpg,"[0,0,0,0,0,0,0,0]",0.0,0.0,0.0,0.0,"[0,1,1,1,1,1]"
img2761.jpg,"[0,0,0,0,0,0,0,0]",0.0,0.0,0.0,0.0,"[0,1,1,1,1,1]"
img2771.jpg,"[0,0,0,0,0,0,0,0]",0.0,0.0,0.0,0.0,"[0,1,1,1,1,1]"
img3056.jpg,"[1,0,0,0,0,0,0,0]",2.0,1.0,2.0,0.0,"[0,1,0,0,0,0]"
img3073.jpg,"[1,0,0,0,0,1,0,0]",1.0,1.0,1.0,0.0,"[0,1,1,0,0,0]"
img3306.jpg,"[1,0,1,0,0,0,0,0]",2.0,0.0,0.0,0.0,"[0,1,1,1,0,0]"
img3336.jpg,"[1,0,0,0,0,0,0,0]",2.0,0.0,0.0,1.0,"[0,1,1,0,0,0]"
img3349.jpg,"[0,0,0,0,0,0,0,0]",0.0,0.0,0.0,0.0,"[0,1,1,1,0,0]"
img3609.jpg,"[1,0,1,0,0,0,0,0]",2.0,0.0,1.0,0.0,"[0,1,1,1,0,0]"
img3623.jpg,"[1,0,1,0,0,0,0,0]",2.0,0.0,1.0,0.0,"[0,1,1,1,0,0]"
img3708.jpg,"[1,1,0,0,0,0,0,0]",2.0,0.0,0.0,0.0,"[0,1,1,1,0,0]"
img3715.jpg,"[1,0,0,0,0,0,0,0]",2.0,0.0,1.0,0.0,"[0,1,1,0,0,0]"
img3869.jpg,"[1,0,0,0,0,0,0,0]",1.0,0.0,0.0,0.0,"[0,1,1,1,0,0]"
img3883.jpg,"[0,0,0,0,0,0,0,0]",0.0,0.0,0.0,0.0,"[0,1,1,1,1,0]"
img3979.jpg,"[1,0,0,0,0,1,0,0]",1.0,1.0,1.0,0.0,"[0,1,1,0,0,0]"
img4022.jpg,"[0,0,0,0,0,0,0,0]",0.0,0.0,0.0,0.0,"[0,1,1,1,1,0]"
img4074.jpg,"[1,1,0,0,1,0,0,0]",2.0,0.0,0.0,0.0,"[0,1,1,1,0,0]"
img4248.jpg,"[0,0,0,0,0,0,0,0]",0.0,0.0,0.0,0.0,"[0,1,1,1,1,0]"
img4267.jpg,"[1,1,0,0,0,1,0,0]",1.0,1.0,1.0,0.0,"[0,1,1,1,0,0]"
img432.jpg,"[0,0,0,0,0,0,0,0]",0.0,0.0,0.0,0.0,"[0,1,1,1,1,0]"
img4404.jpg,"[1,1,1,0,1,0,0,0]",1.0,0.0,0.0,0.0,"[0,1,1,1,0,0]"
img4500.jpg,"[1,0,0,0,0,0,0,0]",1.0,0.0,0.0,0.0,"[0,1,1,1,0,0]"
img4552.jpg,"[1,0,0,0,0,0,0,0]",1.0,0.0,0.0,0.0,"[0,1,1,1,0,0]"
img468.jpg,"[0,0,0,0,0,0,0,0]",0.0,0.0,0.0,0.0,"[0,1,1,1,1,1]"
img4745.jpg,"[1,0,0,1,0,0,0,0]",1.0,0.0,0.0,0.0,"[0,1,1,0,0,0]"
img480.jpg,"[1,0,0,0,1,0,0,0]",2.0,0.0,0.0,0.0,"[0,1,1,1,0,0]"
img4887.jpg,"[0,0,0,0,1,0,0,0]",0.0,1.0,0.0,0.0,"[0,1,1,1,0,0]"
img4941.jpg,"[0,0,0,0,0,0,0,0]",0.0,0.0,0.0,0.0,"[0,1,1,1,1,0]"
img4991.jpg,"[1,0,0,0,0,0,0,0]",1.0,0.0,0.0,0.0,"[0,1,1,1,0,0]"
img867.jpg,"[1,1,1,0,1,0,0,0]",2.0,1.0,1.0,0.0,"[0,1,1,0,0,0]"
img9.jpg,"[0,0,0,0,1,0,0,0]",0.0,1.0,1.0,0.0,"[0,1,1,0,0,0]"
img108.jpg,"[1,0,1,1,0,0,0,0]",2.0,1.0,2.0,0.0,"[0,1,0,0,0,0]"
img1135.jpg,"[1,1,0,0,1,0,0,0]",1.0,0.0,0.0,0.0,"[0,1,1,1,0,0]"
img1277.jpg,"[0,0,0,0,0,0,0,0]",0.0,0.0,1.0,0.0,"[0,1,1,1,0,0]"
img1419.jpg,"[0,0,0,1,0,0,0,0]",0.0,1.0,0.0,0.0,"[0,1,1,1,0,0]"
img1538.jpg,"[1,1,0,0,0,1,0,0]",0.0,1.0,1.0,0.0,"[0,1,1,1,0,0]"
img1563.jpg,"[1,0,1,0,0,0,0,0]",2.0,0.0,0.0,0.0,"[0,1,1,1,0,0]"
img1643.jpg,"[1,1,1,0,0,0,0,0]",2.0,1.0,2.0,0.0,"[0,1,1,1,0,0]"
img1755.jpg,"[1,0,0,0,0,0,0,0]",1.0,0.0,0.0,0.0,"[0,1,1,1,0,0]"
img1905.jpg,"[1,0,0,1,0,0,0,0]",2.0,2.0,0.0,0.0,"[0,1,0,0,0,0]"
img1994.jpg,"[1,0,1,0,0,1,0,0]",1.0,1.0,1.0,0.0,"[0,1,1,0,0,0]"
img202.jpg,"[0,0,0,0,0,0,0,0]",0.0,0.0,0.0,0.0,"[0,1,1,1,1,0]"
img2024.jpg,"[1,0,0,0,0,0,0,0]",1.0,0.0,2.0,0.0,"[0,1,1,0,0,0]"
img2048.jpg,"[1,0,0,1,0,0,0,0]",1.0,1.0,2.0,0.0,"[0,1,0,0,0,0]"
img2162.jpg,"[1,0,0,0,0,0,0,0]",2.0,0.0,0.0,0.0,"[0,1,1,1,0,0]"
img2334.jpg,"[1,0,0,0,1,0,0,0]",2.0,0.0,0.0,0.0,"[0,1,1,1,0,0]"
img2368.jpg,"[1,0,0,0,0,0,0,0]",2.0,0.0,0.0,0.0,"[0,1,1,1,0,0]"
img2369.jpg,"[1,0,0,1,0,0,0,0]",1.0,1.0,2.0,0.0,"[0,1,1,0,0,0]"
img2402.jpg,"[1,0,0,1,0,0,0,0]",1.0,1.0,2.0,0.0,"[0,1,1,0,0,0]"
img2442.jpg,"[0,0,0,0,0,0,0,0]",0.0,0.0,0.0,0.0,"[0,1,1,1,0,0]"
img2486.jpg,"[1,0,0,1,0,0,0,0]",2.0,1.0,0.0,0.0,"[0,1,1,0,0,0]"
img254.jpg,"[1,1,0,0,0,0,0,0]",2.0,0.0,0.0,0.0,"[0,1,1,1,0,0]"
img2558.jpg,"[1,0,0,0,0,0,0,0]",2.0,0.0,0.0,0.0,"[0,1,1,1,0,0]"
img2567.jpg,"[1,1,0,0,0,0,0,0]",2.0,0.0,0.0,0.0,"[0,1,1,1,0,0]"
img264.jpg,"[1,0,0,0,0,0,0,0]",2.0,0.0,0.0,0.0,"[0,1,1,1,0,0]"
img2680.jpg,"[1,0,0,0,0,0,0,0]",2.0,0.0,0.0,0.0,"[0,1,1,1,0,0]"
img2696.jpg,"[0,0,0,0,0,0,0,0]",0.0,0.0,0.0,0.0,"[0,1,1,1,1,1]"
img329.jpg,"[0,0,0,0,0,0,0,0]",0.0,0.0,0.0,0.0,"[0,1,1,1,1,0]"
img348.jpg,"[0,0,0,0,0,0,0,0]",0.0,0.0,0.0,0.0,"[0,1,1,1,1,1]"
img3535.jpg,"[0,0,1,0,0,0,0,0]",0.0,0.0,1.0,0.0,"[0,1,1,0,0,0]"
img3559.jpg,"[1,0,0,0,0,1,0,0]",1.0,1.0,1.0,0.0,"[0,1,1,0,0,0]"
img3566.jpg,"[1,0,0,0,0,1,0,0]",2.0,1.0,1.0,0.0,"[0,1,1,0,0,0]"
img373.jpg,"[0,0,0,0,0,0,0,0]",0.0,0.0,0.0,0.0,"[0,1,1,1,1,1]"
img3766.jpg,"[0,0,0,0,0,0,1,0]",0.0,1.0,0.0,0.0,"[0,1,1,0,0,0]"
img3777.jpg,"[1,0,0,0,1,0,0,0]",2.0,0.0,0.0,0.0,"[0,1,1,1,0,0]"
img3953.jpg,"[1,0,0,1,0,0,0,0]",2.0,1.0,1.0,0.0,"[0,1,0,0,0,0]"
img3964.jpg,"[0,0,1,0,0,1,0,0]",0.0,1.0,,0.0,"[0,1,1,0,0,0]"
img4017.jpg,"[1,0,0,1,0,0,0,0]",0.0,2.0,1.0,0.0,"[1,0,0,0,0,0]"
img4028.jpg,"[0,0,0,0,0,0,0,0]",0.0,0.0,0.0,0.0,"[0,1,1,0,0,0]"
img4041.jpg,"[0,0,0,0,0,0,1,0]",0.0,2.0,1.0,0.0,"[0,1,0,0,0,0]"
img4063.jpg,"[1,0,0,0,0,0,0,0]",2.0,0.0,0.0,0.0,"[0,1,1,1,0,0]"
img4107.jpg,"[1,0,0,0,0,0,0,0]",1.0,0.0,0.0,0.0,"[1,0,0,0,0,0]"
img4614.jpg,"[0,0,0,0,0,0,0,0]",0.0,0.0,0.0,0.0,"[0,1,1,1,0,0]"
img464.jpg,"[0,0,0,0,0,0,0,0]",0.0,0.0,0.0,0.0,"[0,1,1,1,1,0]"
img4659.jpg,"[1,1,0,0,0,0,0,0]",2.0,0.0,0.0,0.0,"[0,1,1,1,0,0]"
img4683.jpg,"[1,0,0,0,0,0,0,0]",2.0,0.0,0.0,0.0,"[0,1,1,1,0,0]"
img4707.jpg,"[0,0,0,0,0,0,0,0]",0.0,0.0,0.0,0.0,"[0,1,1,1,1,1]"
img4827.jpg,"[0,0,0,0,0,1,0,0]",0.0,1.0,1.0,0.0,"[0,1,1,0,0,0]"
img569.jpg,"[1,0,0,0,0,0,0,0]",2.0,0.0,0.0,0.0,"[0,1,1,1,0,0]"
img853.jpg,"[1,0,0,0,1,0,0,0]",1.0,1.0,0.0,0.0,"[0,1,1,1,1,0]"
img896.jpg,"[0,0,0,0,1,0,0,0]",0.0,1.0,0.0,0.0,"[0,1,1,1,0,0]"
img1246.jpg,"[0,0,1,0,0,0,0,0]",0.0,0.0,2.0,0.0,"[0,1,0,0,0,0]"
img1280.jpg,"[0,0,0,0,0,1,0,0]",0.0,2.0,1.0,0.0,"[0,1,0,0,0,0]"
img1335.jpg,"[1,0,0,0,0,0,0,0]",1.0,0.0,0.0,0.0,"[0,1,1,1,0,0]"
img1367.jpg,"[0,0,0,0,0,1,0,0]",0.0,1.0,1.0,0.0,"[0,1,1,0,0,0]"
img1427.jpg,"[0,0,0,1,0,0,0,0]",1.0,1.0,0.0,0.0,"[0,1,1,1,0,0]"
img1453.jpg,"[0,0,0,0,1,0,0,0]",0.0,0.0,0.0,0.0,"[0,1,1,1,0,0]"
img1493.jpg,"[0,0,0,0,0,0,0,0]",0.0,0.0,0.0,0.0,"[0,1,1,1,0,0]"
img1514.jpg,"[0,0,1,0,0,0,0,0]",0.0,0.0,2.0,0.0,"[0,1,1,0,0,0]"
img1666.jpg,"[1,1,0,0,0,0,0,0]",1.0,1.0,0.0,0.0,"[0,1,1,0,0,0]"
img187.jpg,"[1,0,1,0,0,0,0,0]",2.0,0.0,2.0,0.0,"[0,1,1,0,0,0]"
img1923.jpg,"[0,0,0,0,0,0,0,0]",0.0,0.0,0.0,0.0,"[0,1,1,0,0,0]"
img194.jpg,"[1,1,0,0,0,1,0,0]",2.0,0.0,2.0,0.0,"[0,1,0,0,0,0]"
img2098.jpg,"[0,0,1,0,0,0,0,0]",0.0,0.0,2.0,0.0,"[0,1,1,0,0,0]"
img2114.jpg,"[1,1,1,0,0,0,0,0]",1.0,0.0,2.0,0.0,"[0,1,1,1,0,0]"
img2152.jpg,"[1,0,1,0,0,0,0,0]",2.0,0.0,2.0,0.0,"[0,1,1,1,0,0]"
img2156.jpg,"[1,0,1,1,0,0,0,0]",1.0,2.0,2.0,0.0,"[1,0,0,0,0,0]"
img2172.jpg,"[1,0,0,0,0,0,0,0]",2.0,0.0,0.0,0.0,"[0,1,1,0,0,0]"
img2265.jpg,"[1,0,0,0,0,0,0,0]",2.0,0.0,0.0,0.0,"[0,1,1,1,0,0]"
img2407.jpg,"[1,0,1,1,0,0,0,0]",1.0,1.0,2.0,0.0,"[0,1,1,0,0,0]"
img2439.jpg,"[1,0,0,0,0,0,0,0]",2.0,0.0,0.0,0.0,"[0,1,1,0,0,0]"
img2462.jpg,"[0,0,0,0,0,0,0,0]",0.0,0.0,0.0,0.0,"[0,1,1,1,1,0]"
img2565.jpg,"[1,0,0,0,0,0,0,0]",1.0,0.0,0.0,0.0,"[0,1,1,1,0,0]"
img2574.jpg,"[0,0,0,0,0,0,0,0]",0.0,0.0,0.0,0.0,"[0,1,1,1,1,0]"
img2691.jpg,"[0,0,0,0,0,0,0,0]",0.0,0.0,0.0,0.0,"[0,1,1,1,1,1]"
img2834.jpg,"[1,0,0,0,1,0,0,0]",1.0,0.0,0.0,0.0,"[0,1,1,1,0,0]"
img2908.jpg,"[0,0,0,0,1,0,0,0]",0.0,1.0,1.0,0.0,"[0,1,1,1,0,0]"
img3041.jpg,"[1,1,1,0,0,0,0,0]",1.0,1.0,2.0,0.0,"[0,1,1,0,0,0]"
img3232.jpg,"[0,0,0,0,0,1,0,0]",0.0,1.0,1.0,0.0,"[0,1,1,0,0,0]"
img3268.jpg,"[1,0,1,0,0,0,0,0]",2.0,0.0,0.0,0.0,"[0,1,1,1,0,0]"
img3301.jpg,"[1,0,1,0,0,0,0,0]",2.0,0.0,0.0,0.0,"[0,1,1,1,0,0]"
img3409.jpg,"[0,0,1,0,0,0,0,0]",0.0,0.0,1.0,0.0,"[0,1,1,0,0,0]"
img3475.jpg,"[1,0,1,0,0,0,0,0]",2.0,0.0,0.0,0.0,"[0,1,1,1,0,0]"
img3492.jpg,"[1,0,1,0,0,0,0,0]",1.0,0.0,2.0,1.0,"[1,0,0,0,0,0]"
img3714.jpg,"[1,1,0,0,0,0,0,0]",2.0,0.0,0.0,0.0,"[0,1,1,1,0,0]"
img372.jpg,"[0,0,0,0,0,0,0,0]",0.0,0.0,0.0,0.0,"[0,1,1,1,1,1]"
img3851.jpg,"[0,0,0,0,0,0,0,0]",0.0,0.0,0.0,0.0,"[0,1,1,1,0,0]"
img394.jpg,"[0,0,0,0,0,0,0,0]",0.0,0.0,0.0,0.0,"[0,1,1,1,1,1]"
img3947.jpg,"[1,0,0,1,0,0,0,0]",2.0,1.0,0.0,0.0,"[0,1,1,0,0,0]"
img4129.jpg,"[1,1,0,1,0,1,0,0]",2.0,1.0,0.0,0.0,"[0,1,1,0,0,0]"
img423.jpg,"[0,0,0,0,0,0,0,0]",0.0,0.0,0.0,0.0,"[0,1,1,1,1,0]"
img4297.jpg,"[0,0,1,0,0,0,0,0]",0.0,0.0,0.0,0.0,"[0,1,1,1,1,0]"
img4333.jpg,"[1,0,0,1,0,0,0,0]",1.0,2.0,0.0,0.0,"[1,0,0,0,0,0]"
img4346.jpg,"[1,0,0,0,0,0,0,0]",1.0,1.0,0.0,0.0,"[0,1,1,0,0,0]"
img4348.jpg,"[1,0,0,1,0,0,0,0]",1.0,1.0,0.0,0.0,"[0,1,1,0,0,0]"
img4459.jpg,"[0,0,1,0,0,0,0,0]",0.0,0.0,0.0,0.0,"[0,1,1,1,1,0]"
img4580.jpg,"[0,0,0,0,0,0,0,0]",0.0,0.0,0.0,0.0,"[0,1,1,1,0,0]"
img4704.jpg,"[1,0,0,0,0,0,0,0]",2.0,0.0,0.0,0.0,"[0,1,1,1,0,0]"
img4990.jpg,"[0,0,0,0,0,0,0,0]",0.0,0.0,0.0,0.0,"[0,1,1,1,1,1]"
img514.jpg,"[0,0,0,0,0,0,0,0]",0.0,0.0,0.0,0.0,"[0,1,1,1,0,0]"
img809.jpg,"[1,0,0,0,1,0,0,0]",1.0,0.0,0.0,0.0,"[0,1,1,1,1,0]"
img1055.jpg,"[1,1,1,0,0,0,0,0]",1.0,0.0,0.0,0.0,"[0,1,1,1,0,0]"
img1114.jpg,"[1,0,0,0,1,0,0,0]",2.0,0.0,0.0,0.0,"[0,1,1,1,0,0]"
img1192.jpg,"[1,0,0,0,0,0,0,0]",2.0,0.0,0.0,0.0,"[0,1,1,1,0,0]"
img1432.jpg,"[1,0,0,1,0,0,0,0]",1.0,1.0,0.0,0.0,"[0,1,1,0,0,0]"
img1499.jpg,"[0,0,1,0,0,0,0,0]",0.0,0.0,0.0,0.0,"[0,1,1,0,0,0]"
img1530.jpg,"[0,0,0,0,0,1,0,0]",0.0,1.0,1.0,0.0,"[0,1,1,1,0,0]"
img1673.jpg,"[1,1,0,0,0,0,0,0]",1.0,1.0,0.0,0.0,"[0,1,1,1,0,0]"
img1714.jpg,"[0,0,0,0,0,0,0,0]",0.0,0.0,0.0,0.0,"[0,1,1,1,1,1]"
img1856.jpg,"[0,0,0,0,1,0,0,0]",0.0,0.0,0.0,0.0,"[0,1,1,1,1,0]"
img2214.jpg,"[1,1,0,0,0,0,0,0]",1.0,0.0,0.0,0.0,"[0,1,1,0,0,0]"
img2249.jpg,"[0,0,0,0,0,1,0,0]",0.0,1.0,1.0,0.0,"[0,1,1,0,0,0]"
img2445.jpg,"[1,0,0,0,0,0,0,0]",2.0,0.0,0.0,,"[0,1,1,1,0,0]"
img2531.jpg,"[1,0,0,1,0,0,0,0]",2.0,1.0,0.0,0.0,"[0,1,1,0,0,0]"
img2609.jpg,"[0,0,1,0,0,0,0,0]",0.0,0.0,0.0,0.0,"[0,1,1,1,0,0]"
img2679.jpg,"[1,0,0,0,1,0,0,0]",1.0,0.0,0.0,0.0,"[0,1,1,1,0,0]"
img2805.jpg,"[0,0,0,0,0,0,0,0]",0.0,0.0,0.0,0.0,"[0,1,1,1,1,1]"
img2854.jpg,"[0,0,0,0,0,0,0,0]",0.0,0.0,0.0,1.0,"[0,1,1,1,0,0]"
img287.jpg,"[1,1,0,0,0,0,0,0]",1.0,0.0,0.0,0.0,"[0,1,1,0,0,0]"
img2878.jpg,"[0,0,0,0,0,0,0,0]",0.0,0.0,0.0,0.0,"[0,1,1,1,0,0]"
img2941.jpg,"[0,0,0,0,0,1,0,0]",0.0,0.0,1.0,0.0,"[0,1,1,1,0,0]"
img2987.jpg,"[1,0,0,0,0,0,0,0]",2.0,0.0,0.0,0.0,"[0,1,1,1,0,0]"
img3255.jpg,"[1,0,0,0,0,0,0,0]",1.0,0.0,0.0,0.0,"[0,1,1,1,0,0]"
img3259.jpg,"[1,0,1,0,0,0,0,0]",1.0,0.0,0.0,0.0,"[0,1,1,1,0,0]"
img3283.jpg,"[1,0,1,0,0,0,0,0]",2.0,0.0,0.0,0.0,"[0,1,1,1,0,0]"
img3420.jpg,"[0,0,1,0,0,0,0,0]",0.0,0.0,1.0,0.0,"[0,1,1,0,0,0]"
img361.jpg,"[0,0,0,0,0,0,0,0]",0.0,0.0,0.0,0.0,"[0,1,1,1,1,1]"
img3861.jpg,"[1,0,0,0,1,0,0,0]",1.0,0.0,0.0,0.0,"[0,1,1,1,0,0]"
img3889.jpg,"[0,0,0,0,0,0,0,0]",0.0,0.0,0.0,0.0,"[0,1,1,1,0,0]"
img3900.jpg,"[1,0,0,0,1,0,0,0]",2.0,1.0,0.0,0.0,"[0,1,1,0,0,0]"
img3918.jpg,"[1,0,0,1,0,0,0,0]",2.0,2.0,1.0,0.0,"[0,1,0,0,0,0]"
img403.jpg,"[0,0,0,0,0,0,0,0]",0.0,0.0,0.0,0.0,"[0,1,1,1,1,1]"
img4071.jpg,"[1,1,0,0,1,0,0,0]",2.0,0.0,0.0,0.0,"[0,1,1,1,0,0]"
img415.jpg,"[0,0,0,0,0,0,0,0]",0.0,0.0,0.0,0.0,"[0,1,1,1,1,1]"
img4163.jpg,"[1,1,0,0,0,0,0,0]",2.0,0.0,0.0,0.0,"[0,1,1,0,0,0]"
img4226.jpg,"[1,0,0,0,0,0,0,0]",1.0,0.0,2.0,0.0,"[0,1,1,0,0,0]"
img4285.jpg,"[0,0,1,0,0,0,0,0]",0.0,0.0,0.0,0.0,"[0,1,1,1,1,0]"
img4375.jpg,"[1,0,0,1,0,0,0,0]",1.0,1.0,0.0,0.0,"[0,1,1,0,0,0]"
img448.jpg,"[0,0,0,0,0,0,0,0]",0.0,0.0,0.0,0.0,"[0,1,1,1,1,1]"
img4490.jpg,"[1,0,1,0,1,0,0,0]",1.0,1.0,0.0,0.0,"[0,1,1,0,0,0]"
img4501.jpg,"[1,0,1,0,0,0,0,0]",2.0,0.0,0.0,0.0,"[0,1,1,1,0,0]"
img4652.jpg,"[1,0,0,0,0,0,0,0]",1.0,0.0,0.0,0.0,"[0,1,1,1,0,0]"
img4666.jpg,"[1,0,0,0,0,0,0,0]",2.0,0.0,0.0,0.0,"[0,1,1,1,0,0]"
img4805.jpg,"[0,0,0,0,1,0,0,0]",0.0,1.0,0.0,0.0,"[0,1,1,1,0,0]"
img563.jpg,"[0,0,0,0,0,0,0,0]",0.0,0.0,0.0,0.0,"[0,1,1,1,0,0]"
img668.jpg,"[1,0,0,0,0,0,1,0]",1.0,2.0,1.0,0.0,"[0,1,1,0,0,0]"
img765.jpg,"[0,0,0,0,0,0,0,0]",0.0,0.0,0.0,0.0,"[0,1,1,1,0,0]"
img78.jpg,"[1,0,0,0,0,0,0,0]",1.0,0.0,0.0,0.0,"[0,1,1,1,0,0]"
img852.jpg,"[1,0,0,0,1,0,0,0]",1.0,0.0,0.0,0.0,"[0,1,1,1,0,0]"
img985.jpg,"[1,0,0,0,1,0,0,0]",1.0,0.0,0.0,0.0,"[0,1,1,1,0,0]"
img988.jpg,"[0,0,0,0,1,0,0,0]",0.0,0.0,0.0,0.0,"[0,1,1,1,1,0]"
img1006.jpg,"[0,0,1,0,0,0,0,0]",0.0,0.0,0.0,0.0,"[0,1,1,1,0,0]"
img1044.jpg,"[1,1,0,0,1,0,0,0]",2.0,1.0,0.0,0.0,"[0,1,1,1,0,0]"
img1049.jpg,"[1,1,0,0,0,0,0,0]",2.0,0.0,0.0,0.0,"[0,1,1,1,0,0]"
img1088.jpg,"[1,0,0,1,0,1,0,0]",2.0,1.0,0.0,0.0,"[0,1,1,0,0,0]"
img1103.jpg,"[1,0,0,0,1,0,0,0]",2.0,0.0,0.0,0.0,"[0,1,1,1,0,0]"
img126.jpg,"[0,0,0,0,1,0,0,0]",0.0,0.0,0.0,0.0,"[0,1,1,1,1,0]"
img1265.jpg,"[0,0,0,0,0,1,0,0]",0.0,1.0,1.0,0.0,"[0,1,1,1,0,0]"
img1342.jpg,"[1,0,0,0,0,0,0,0]",2.0,0.0,0.0,0.0,"[0,1,1,1,0,0]"
img1357.jpg,"[0,0,0,0,0,0,0,0]",0.0,0.0,0.0,0.0,"[0,1,1,1,1,0]"
img1418.jpg,"[0,0,0,1,0,0,0,0]",0.0,1.0,0.0,0.0,"[0,1,1,1,0,0]"
img148.jpg,"[0,0,0,0,1,0,0,0]",0.0,0.0,0.0,0.0,"[0,1,1,1,1,0]"
img1626.jpg,"[1,1,1,0,0,0,0,0]",2.0,1.0,2.0,0.0,"[0,1,1,0,0,0]"
img1631.jpg,"[1,1,1,0,0,0,0,0]",2.0,1.0,2.0,0.0,"[0,1,1,0,0,0]"
img171.jpg,"[0,0,0,0,1,0,0,0]",0.0,0.0,0.0,0.0,"[0,1,1,1,1,0]"
img1938.jpg,"[1,0,0,0,0,0,0,0]",2.0,0.0,0.0,0.0,"[0,1,1,0,0,0]"
img199.jpg,"[1,0,1,0,0,0,0,0]",1.0,0.0,1.0,0.0,"[0,1,1,0,0,0]"
img2012.jpg,"[1,0,1,1,0,0,0,0]",1.0,1.0,2.0,0.0,"[0,1,1,0,0,0]"
img2108.jpg,"[1,0,1,1,0,0,0,0]",2.0,2.0,2.0,0.0,"[0,1,0,0,0,0]"
img2376.jpg,"[1,0,1,1,0,0,0,0]",1.0,2.0,2.0,0.0,"[0,1,0,0,0,0]"
img2471.jpg,"[1,0,0,0,0,0,0,0]",2.0,0.0,0.0,0.0,"[0,1,1,1,0,0]"
img2602.jpg,"[1,0,0,0,0,0,0,0]",2.0,0.0,0.0,0.0,"[0,1,1,1,0,0]"
img2637.jpg,"[1,0,0,0,0,1,0,0]",2.0,1.0,1.0,0.0,"[0,1,1,0,0,0]"
img2733.jpg,"[0,0,0,0,0,0,0,0]",0.0,0.0,0.0,0.0,"[0,1,1,1,1,1]"
img3207.jpg,"[0,0,0,0,0,1,0,0]",0.0,1.0,1.0,0.0,"[0,1,1,1,0,0]"
img3405.jpg,"[0,0,1,0,0,0,0,0]",0.0,0.0,1.0,0.0,"[0,1,1,0,0,0]"
img3541.jpg,"[0,0,1,0,0,0,0,0]",0.0,0.0,1.0,0.0,"[0,1,1,0,0,0]"
img3740.jpg,"[1,0,0,0,0,0,0,0]",1.0,0.0,1.0,0.0,"[0,1,1,1,0,0]"
img3753.jpg,"[1,0,0,0,0,0,0,0]",1.0,0.0,0.0,0.0,"[0,1,1,0,0,0]"
img3776.jpg,"[1,0,0,0,1,0,0,0]",2.0,0.0,0.0,0.0,"[0,1,1,1,0,0]"
img3844.jpg,"[1,0,0,0,0,0,0,0]",2.0,0.0,0.0,0.0,"[0,1,1,1,0,0]"
img3858.jpg,"[1,0,0,0,1,0,0,0]",1.0,0.0,0.0,0.0,"[0,1,1,1,0,0]"
img3873.jpg,"[1,1,0,0,0,0,0,0]",2.0,0.0,0.0,0.0,"[0,1,1,1,0,0]"
img3916.jpg,"[1,0,1,0,1,0,0,0]",2.0,0.0,0.0,0.0,"[0,1,1,1,0,0]"
img3980.jpg,"[1,0,0,0,0,1,0,0]",2.0,1.0,0.0,0.0,"[0,1,1,0,0,0]"
img4026.jpg,"[0,0,0,0,1,0,0,0]",,1.0,1.0,0.0,"[0,1,1,0,0,0]"
img4101.jpg,"[1,0,0,0,0,0,0,0]",1.0,0.0,0.0,0.0,"[1,0,0,0,0,0]"
img4417.jpg,"[1,0,0,0,0,0,0,0]",2.0,0.0,0.0,0.0,"[0,1,1,1,0,0]"
img4535.jpg,"[1,0,0,0,0,0,0,0]",1.0,0.0,0.0,0.0,"[0,1,1,1,0,0]"
img4543.jpg,"[0,0,1,0,0,0,0,0]",0.0,0.0,0.0,0.0,"[0,1,1,1,1,0]"
img4611.jpg,"[1,0,0,0,0,0,0,0]",1.0,0.0,0.0,0.0,"[0,1,1,1,0,0]"
img48.jpg,"[1,1,0,1,0,0,0,0]",1.0,1.0,0.0,0.0,"[1,0,0,0,0,0]"
img4819.jpg,"[1,0,0,0,1,0,0,0]",2.0,1.0,0.0,0.0,"[0,1,1,1,0,0]"
img4952.jpg,"[0,0,0,0,1,0,0,0]",0.0,0.0,0.0,0.0,"[0,1,1,1,1,0]"
img4955.jpg,"[0,0,0,0,1,0,0,0]",0.0,0.0,0.0,0.0,"[0,1,1,1,1,0]"
img584.jpg,"[0,0,0,0,0,0,0,0]",0.0,0.0,0.0,0.0,"[0,1,1,1,1,0]"
img588.jpg,"[0,0,0,0,0,0,0,0]",0.0,0.0,0.0,0.0,"[0,1,1,1,1,0]"
img637.jpg,"[1,0,0,0,0,1,0,0]",2.0,1.0,1.0,0.0,"[0,1,1,0,0,0]"
img707.jpg,"[1,1,0,0,0,0,0,0]",2.0,0.0,0.0,0.0,"[0,1,1,1,0,0]"
img77.jpg,"[1,0,0,1,0,0,0,0]",2.0,2.0,0.0,0.0,"[0,1,0,0,0,0]"
img774.jpg,"[0,0,1,0,0,0,0,0]",0.0,0.0,1.0,0.0,"[0,1,1,0,0,0]"
img1043.jpg,"[1,1,0,0,1,0,0,0]",2.0,1.0,0.0,0.0,"[0,1,1,1,0,0]"
img1098.jpg,"[1,0,1,0,1,0,0,0]",2.0,0.0,0.0,0.0,"[0,1,1,1,0,0]"
img1102.jpg,"[1,0,0,0,1,0,0,0]",2.0,0.0,0.0,0.0,"[0,1,1,1,0,0]"
img1158.jpg,"[1,0,0,0,0,0,0,0]",1.0,0.0,0.0,0.0,"[0,1,1,1,0,0]"
img116.jpg,"[1,0,0,0,1,0,0,0]",2.0,0.0,0.0,0.0,"[0,1,1,1,0,0]"
img1234.jpg,"[1,0,1,0,0,0,0,0]",2.0,0.0,1.0,0.0,"[0,1,1,1,0,0]"
img1289.jpg,"[0,0,0,0,0,1,0,0]",0.0,2.0,1.0,0.0,"[0,1,0,0,0,0]"
img1302.jpg,"[1,0,0,0,0,0,0,0]",2.0,0.0,0.0,0.0,"[0,1,1,1,0,0]"
img139.jpg,"[1,1,0,0,1,0,0,0]",2.0,0.0,0.0,0.0,"[0,1,1,1,0,0]"
img14.jpg,"[0,0,1,0,1,0,0,0]",0.0,1.0,1.0,0.0,"[0,1,1,0,0,0]"
img146.jpg,"[0,0,0,0,1,0,0,0]",0.0,0.0,0.0,0.0,"[0,1,1,1,1,0]"
img1511.jpg,"[1,0,0,0,0,0,0,0]",2.0,0.0,0.0,0.0,"[0,1,1,1,0,0]"
img1796.jpg,"[0,0,0,0,1,0,0,0]",0.0,0.0,0.0,0.0,"[0,1,1,1,1,0]"
img1802.jpg,"[0,0,0,0,0,0,0,0]",0.0,0.0,0.0,0.0,"[0,1,1,1,1,0]"
img2164.jpg,"[1,0,0,0,0,0,0,0]",0.0,0.0,0.0,0.0,"[0,1,1,1,0,0]"
img2203.jpg,"[1,0,0,0,0,0,0,0]",1.0,0.0,0.0,0.0,"[0,1,1,1,0,0]"
img2233.jpg,"[1,0,0,0,0,0,0,0]",0.0,0.0,0.0,1.0,"[1,0,0,0,0,0]"
img2272.jpg,"[1,0,0,1,0,0,0,0]",1.0,0.0,2.0,0.0,"[0,1,1,0,0,0]"
img2370.jpg,"[1,0,1,0,0,0,0,0]",1.0,1.0,2.0,0.0,"[0,1,1,0,0,0]"
img2519.jpg,"[1,0,0,1,0,0,0,0]",2.0,2.0,1.0,0.0,"[1,0,0,0,0,0]"
img2586.jpg,"[1,0,0,0,0,0,0,0]",1.0,0.0,0.0,0.0,"[0,1,1,1,0,0]"
img2715.jpg,"[0,0,0,0,0,0,0,0]",0.0,0.0,0.0,0.0,"[0,1,1,1,1,1]"
img279.jpg,"[1,1,0,0,0,0,0,0]",2.0,0.0,0.0,0.0,"[0,1,1,1,0,0]"
img3.jpg,"[1,0,1,0,0,0,0,0]",2.0,1.0,1.0,0.0,"[0,1,1,0,0,0]"
img3037.jpg,"[0,0,1,0,0,0,0,0]",0.0,0.0,2.0,0.0,"[0,1,1,1,0,0]"
img3039.jpg,"[1,0,0,0,0,0,0,0]",2.0,0.0,0.0,0.0,"[0,1,1,1,0,0]"
img306.jpg,"[0,0,0,0,0,0,0,0]",0.0,0.0,0.0,0.0,"[0,1,1,1,1,0]"
img3097.jpg,"[1,0,0,0,0,1,0,0]",2.0,1.0,0.0,0.0,"[0,1,1,1,0,0]"
img3284.jpg,"[1,0,1,0,0,0,0,0]",2.0,0.0,0.0,0.0,"[0,1,1,1,0,0]"
img3293.jpg,"[1,0,1,0,0,0,0,0]",2.0,0.0,0.0,0.0,"[0,1,1,1,0,0]"
img3520.jpg,"[0,0,1,0,0,0,0,0]",0.0,0.0,1.0,0.0,"[0,1,1,0,0,0]"
img3608.jpg,"[1,0,1,0,0,0,0,0]",2.0,0.0,1.0,0.0,"[0,1,1,1,0,0]"
img3840.jpg,"[0,0,0,0,0,0,0,0]",0.0,0.0,0.0,0.0,"[0,1,1,1,1,0]"
img4031.jpg,"[0,0,0,0,1,0,0,0]",0.0,1.0,1.0,0.0,"[0,1,1,0,0,0]"
img4033.jpg,"[0,0,1,0,1,0,0,0]",1.0,1.0,1.0,0.0,"[0,1,1,0,0,0]"
img4259.jpg,"[1,0,0,0,0,0,0,0]",1.0,0.0,0.0,0.0,"[0,1,1,1,0,0]"
img4318.jpg,"[0,0,1,0,0,0,0,0]",0.0,0.0,0.0,0.0,"[0,1,1,1,0,0]"
img4339.jpg,"[1,0,0,1,0,0,0,0]",1.0,1.0,0.0,0.0,"[0,1,1,1,1,0]"
img4360.jpg,"[0,0,0,0,0,0,0,0]",0.0,0.0,0.0,0.0,"[0,1,1,1,1,1]"
img4379.jpg,"[0,0,0,0,0,0,0,0]",0.0,0.0,0.0,0.0,"[0,1,1,1,1,1]"
img4410.jpg,"[1,1,1,0,0,0,0,0]",2.0,0.0,0.0,0.0,"[0,1,1,1,0,0]"
img4447.jpg,"[0,0,0,0,0,0,0,0]",0.0,0.0,0.0,0.0,"[0,1,1,1,1,1]"
img4648.jpg,"[1,0,0,0,0,0,0,0]",2.0,0.0,0.0,0.0,"[0,1,1,1,0,0]"
img471.jpg,"[0,0,1,0,0,0,0,0]",0.0,0.0,0.0,0.0,"[0,1,1,1,1,0]"
img4792.jpg,"[1,0,0,0,1,0,0,0]",2.0,1.0,0.0,0.0,"[0,1,1,1,0,0]"
img4879.jpg,"[1,0,0,0,0,0,0,0]",1.0,0.0,0.0,0.0,"[0,1,1,1,0,0]"
img56.jpg,"[1,1,0,0,0,0,1,0]",1.0,1.0,1.0,0.0,"[0,1,1,0,0,0]"
img731.jpg,"[0,0,1,0,0,0,0,0]",0.0,0.0,0.0,0.0,"[0,1,1,1,0,0]"
img817.jpg,"[1,0,0,0,0,0,0,0]",2.0,0.0,0.0,0.0,"[0,1,1,1,0,0]"
img82.jpg,"[1,0,1,1,0,0,0,0]",1.0,1.0,2.0,0.0,"[1,0,0,0,0,0]"
img1068.jpg,"[1,0,0,1,0,0,0,0]",2.0,1.0,1.0,0.0,"[0,1,0,0,0,0]"
img1090.jpg,"[1,0,0,1,0,1,0,0]",2.0,1.0,0.0,0.0,"[0,1,1,0,0,0]"
img1154.jpg,"[1,0,1,0,1,0,0,0]",2.0,0.0,0.0,0.0,"[0,1,1,0,0,0]"
img1253.jpg,"[1,0,1,0,0,0,0,0]",2.0,0.0,1.0,0.0,"[0,1,1,1,0,0]"
img1275.jpg,"[1,0,0,0,0,1,0,0]",1.0,2.0,1.0,0.0,"[0,1,0,0,0,0]"
img1304.jpg,"[0,0,0,0,0,0,0,0]",0.0,0.0,0.0,0.0,"[0,1,1,1,0,0]"
img1973.jpg,"[0,0,0,0,0,1,0,0]",0.0,0.0,1.0,0.0,"[0,1,1,1,0,0]"
img1979.jpg,"[0,0,0,0,0,1,0,0]",1.0,1.0,1.0,0.0,"[0,1,1,0,0,0]"
img2036.jpg,"[1,0,1,0,0,0,0,0]",0.0,0.0,2.0,1.0,"[0,1,0,0,0,0]"
img2096.jpg,"[1,0,1,0,0,0,0,0]",1.0,1.0,2.0,0.0,"[0,1,0,0,0,0]"
img2209.jpg,"[0,0,0,0,0,1,0,0]",1.0,1.0,1.0,0.0,"[0,1,1,0,0,0]"
img2242.jpg,"[1,0,0,0,0,1,0,0]",1.0,1.0,1.0,0.0,"[0,1,1,0,0,0]"
img2328.jpg,"[1,0,0,0,1,0,0,0]",2.0,1.0,0.0,0.0,"[0,1,1,1,0,0]"
img2360.jpg,"[1,0,1,0,0,0,0,0]",2.0,0.0,0.0,0.0,"[0,1,1,0,0,0]"
img2375.jpg,"[1,0,1,1,0,0,0,0]",1.0,1.0,2.0,0.0,"[0,1,1,0,0,0]"
img2493.jpg,"[1,0,0,1,0,0,0,0]",1.0,1.0,0.0,0.0,"[0,1,1,0,0,0]"
img2589.jpg,"[1,0,0,0,0,0,0,0]",2.0,0.0,0.0,0.0,"[0,1,1,1,0,0]"
img2597.jpg,"[1,0,0,0,0,0,0,0]",2.0,0.0,0.0,0.0,"[0,1,1,1,0,0]"
img2806.jpg,"[0,0,0,0,0,0,0,0]",0.0,0.0,0.0,0.0,"[0,1,1,1,1,1]"
img2869.jpg,"[1,0,0,0,0,0,0,0]",1.0,0.0,0.0,0.0,"[0,1,1,1,0,0]"
img2877.jpg,"[0,0,1,0,0,0,0,0]",0.0,0.0,0.0,0.0,"[0,1,1,0,0,0]"
img2905.jpg,"[1,0,0,0,1,0,0,0]",2.0,1.0,0.0,0.0,"[0,1,1,0,0,0]"
img300.jpg,"[1,0,0,0,0,0,0,0]",2.0,0.0,0.0,0.0,"[0,1,1,1,0,0]"
img3004.jpg,"[1,0,0,0,0,0,0,0]",2.0,0.0,0.0,0.0,"[0,1,1,0,0,0]"
img3049.jpg,"[0,0,1,0,0,0,0,0]",0.0,1.0,2.0,0.0,"[0,1,1,0,0,0]"
img3079.jpg,"[1,0,1,0,0,1,0,0]",1.0,1.0,1.0,0.0,"[0,1,1,0,0,0]"
img3134.jpg,"[1,0,0,0,0,1,0,0]",2.0,1.0,1.0,0.0,"[0,1,1,1,0,0]"
img3236.jpg,"[1,1,1,0,0,0,0,0]",1.0,0.0,0.0,0.0,"[0,1,1,1,0,0]"
img3274.jpg,"[1,0,1,0,0,0,0,0]",1.0,0.0,0.0,0.0,"[0,1,1,1,0,0]"
img3390.jpg,"[0,0,1,0,0,0,0,0]",0.0,0.0,1.0,0.0,"[0,1,1,0,0,0]"
img3391.jpg,"[0,0,1,0,0,0,0,0]",0.0,0.0,1.0,0.0,"[0,1,1,0,0,0]"
img3588.jpg,"[0,0,1,0,0,0,0,0]",0.0,0.0,1.0,0.0,"[0,1,1,1,0,0]"
img3774.jpg,"[1,0,0,0,1,0,0,0]",2.0,0.0,0.0,0.0,"[0,1,1,1,0,0]"
img3848.jpg,"[1,0,0,0,0,0,0,0]",2.0,0.0,0.0,0.0,"[0,1,1,1,0,0]"
img4123.jpg,"[1,0,0,1,0,1,0,0]",2.0,2.0,1.0,0.0,"[0,1,1,1,0,0]"
img4241.jpg,"[1,0,0,0,0,0,0,0]",2.0,0.0,0.0,0.0,"[0,1,1,1,0,0]"
img4320.jpg,"[0,0,0,0,0,0,0,0]",0.0,0.0,0.0,0.0,"[0,1,1,1,1,0]"
img4327.jpg,"[1,0,0,0,0,0,0,0]",2.0,0.0,0.0,0.0,"[0,1,1,1,0,0]"
img4481.jpg,"[0,0,0,0,0,0,0,0]",0.0,0.0,0.0,0.0,"[0,1,1,1,1,1]"
img4615.jpg,"[1,1,0,0,0,0,0,0]",2.0,0.0,0.0,0.0,"[0,1,1,1,0,0]"
img4732.jpg,"[1,0,0,0,0,0,0,0]",1.0,0.0,0.0,0.0,"[0,1,1,0,0,0]"
img4854.jpg,"[0,0,0,0,0,1,0,0]",0.0,0.0,1.0,0.0,"[0,1,1,1,0,0]"
img4897.jpg,"[1,1,0,0,0,0,0,0]",2.0,0.0,0.0,0.0,"[0,1,1,1,0,0]"
img556.jpg,"[0,0,0,0,0,0,0,0]",0.0,0.0,0.0,0.0,"[0,1,1,1,0,0]"
img640.jpg,"[0,0,0,0,0,1,0,0]",0.0,1.0,1.0,0.0,"[0,1,1,1,0,0]"
img680.jpg,"[1,0,0,0,0,1,0,0]",1.0,1.0,1.0,0.0,"[0,1,1,0,0,0]"
img769.jpg,"[0,0,0,0,0,0,0,0]",0.0,0.0,0.0,0.0,"[0,1,1,1,0,0]"
img982.jpg,"[0,0,0,0,0,0,0,0]",0.0,0.0,0.0,0.0,"[0,1,1,1,0,0]"
img994.jpg,"[0,0,0,0,1,0,0,0]",0.0,0.0,0.0,0.0,"[0,1,1,1,1,0]"
img997.jpg,"[0,0,0,0,1,0,0,0]",0.0,0.0,0.0,0.0,"[0,1,1,1,1,0]"
img1226.jpg,"[0,0,1,0,0,0,0,0]",0.0,0.0,1.0,0.0,"[0,1,1,0,0,0]"
img1398.jpg,"[1,0,1,0,0,1,0,0]",2.0,1.0,1.0,0.0,"[0,1,1,1,0,0]"
img1490.jpg,"[1,0,0,0,0,0,0,0]",2.0,0.0,0.0,0.0,"[0,1,1,1,0,0]"
img1684.jpg,"[1,1,0,0,0,0,0,0]",2.0,0.0,0.0,0.0,"[0,1,1,0,0,0]"
img1719.jpg,"[0,0,0,0,0,0,0,0]",0.0,0.0,0.0,0.0,"[0,1,1,1,1,0]"
img1793.jpg,"[0,0,0,0,1,0,0,0]",0.0,0.0,0.0,0.0,"[0,1,1,1,1,0]"
img1851.jpg,"[0,0,0,0,1,0,0,0]",0.0,0.0,0.0,0.0,"[0,1,1,1,1,0]"
img1890.jpg,"[0,0,0,0,0,0,0,0]",0.0,0.0,0.0,0.0,"[0,1,1,1,1,0]"
img1959.jpg,"[0,0,0,0,0,0,0,0]",0.0,0.0,0.0,0.0,"[0,1,1,1,0,0]"
img1963.jpg,"[0,0,0,0,0,1,0,0]",0.0,0.0,1.0,0.0,"[0,1,1,1,0,0]"
img2166.jpg,"[1,0,0,0,0,0,0,0]",2.0,0.0,0.0,0.0,"[0,1,1,1,0,0]"
img2279.jpg,"[1,0,0,0,0,0,0,0]",2.0,0.0,0.0,0.0,"[0,1,1,0,0,0]"
img2337.jpg,"[0,0,0,0,1,0,0,0]",1.0,0.0,0.0,0.0,"[0,1,1,1,0,0]"
img2398.jpg,"[1,0,0,1,0,0,0,0]",1.0,1.0,2.0,0.0,"[0,1,1,0,0,0]"
img2461.jpg,"[1,0,0,0,0,0,0,0]",2.0,0.0,0.0,0.0,"[0,1,1,1,0,0]"
img2534.jpg,"[1,0,0,1,0,0,0,0]",1.0,1.0,1.0,0.0,"[0,1,1,0,0,0]"
img2562.jpg,"[1,0,0,0,0,0,0,0]",1.0,0.0,0.0,0.0,"[0,1,1,0,0,0]"
img2588.jpg,"[0,0,0,0,0,1,0,0]",0.0,0.0,1.0,0.0,"[0,1,1,1,0,0]"
img2628.jpg,"[0,0,0,0,0,1,0,0]",0.0,1.0,0.0,0.0,"[0,1,1,1,0,0]"
img2784.jpg,"[0,0,0,0,0,0,0,0]",0.0,0.0,0.0,0.0,"[0,1,1,1,1,1]"
img2795.jpg,"[0,0,0,0,0,0,0,0]",0.0,0.0,0.0,0.0,"[0,1,1,1,1,1]"
img2876.jpg,"[1,0,0,0,0,0,0,0]",2.0,0.0,0.0,1.0,"[0,1,1,0,0,0]"
img2942.jpg,"[0,0,0,0,0,1,0,0]",0.0,0.0,1.0,0.0,"[0,1,1,1,1,0]"
img3585.jpg,"[0,0,1,0,0,0,0,0]",0.0,0.0,1.0,0.0,"[0,1,1,0,0,0]"
img3693.jpg,"[1,1,1,0,0,0,0,0]",2.0,0.0,0.0,1.0,"[0,1,1,1,0,0]"
img3811.jpg,"[0,0,0,0,1,0,0,0]",0.0,0.0,0.0,0.0,"[0,1,1,0,0,0]"
img393.jpg,"[0,0,0,0,0,0,0,0]",0.0,0.0,0.0,0.0,"[0,1,1,1,1,0]"
img4029.jpg,"[0,0,0,0,1,0,0,0]",0.0,1.0,1.0,0.0,"[0,1,1,0,0,0]"
img4104.jpg,"[1,0,0,0,0,0,0,0]",1.0,0.0,0.0,0.0,"[1,0,0,0,0,0]"
img4148.jpg,"[1,0,0,0,0,1,0,0]",0.0,1.0,1.0,0.0,"[0,1,1,0,0,0]"
img4212.jpg,"[1,0,0,0,0,0,0,0]",1.0,0.0,0.0,0.0,"[0,1,1,0,0,0]"
img4214.jpg,"[1,0,0,0,0,0,0,0]",1.0,0.0,0.0,0.0,"[0,1,1,1,0,0]"
img4234.jpg,"[0,0,0,0,0,0,0,0]",0.0,0.0,0.0,0.0,"[0,1,1,1,0,0]"
img4250.jpg,"[0,0,0,0,0,0,0,0]",0.0,0.0,0.0,0.0,"[0,1,1,1,0,0]"
img4292.jpg,"[0,0,0,0,0,0,0,0]",0.0,0.0,0.0,0.0,"[0,1,1,0,0,0]"
img4482.jpg,"[1,0,0,0,0,0,0,0]",2.0,0.0,0.0,1.0,"[0,1,1,1,0,0]"
img481.jpg,"[1,0,0,0,1,0,0,0]",1.0,0.0,0.0,0.0,"[0,1,1,1,0,0]"
img4826.jpg,"[1,0,0,0,1,1,0,0]",1.0,1.0,0.0,0.0,"[0,1,0,0,0,0]"
img484.jpg,"[1,0,0,0,1,0,0,0]",1.0,0.0,0.0,0.0,"[0,1,1,1,0,0]"
img4850.jpg,"[0,0,0,0,0,1,0,0]",0.0,0.0,1.0,0.0,"[0,1,1,1,0,0]"
img51.jpg,"[0,0,0,0,0,1,0,0]",2.0,1.0,1.0,0.0,"[0,1,1,0,0,0]"
img587.jpg,"[0,0,0,0,0,0,0,0]",0.0,0.0,0.0,0.0,"[0,1,1,1,0,0]"
img606.jpg,"[1,0,1,0,0,0,0,0]",1.0,0.0,0.0,0.0,"[0,1,1,1,0,0]"
img654.jpg,"[1,0,0,0,0,0,0,0]",1.0,0.0,0.0,0.0,"[0,1,1,1,0,0]"
img699.jpg,"[1,1,0,0,0,0,0,0]",2.0,0.0,0.0,0.0,"[0,1,1,0,0,0]"
img713.jpg,"[0,0,0,0,0,1,0,0]",0.0,2.0,1.0,0.0,"[0,1,1,0,0,0]"
img753.jpg,"[0,0,1,0,0,0,0,0]",0.0,0.0,1.0,0.0,"[0,1,1,0,0,0]"
img859.jpg,"[1,1,1,0,0,0,0,0]",2.0,1.0,1.0,0.0,"[0,1,1,0,0,0]"
img932.jpg,"[1,0,0,0,0,0,0,0]",1.0,0.0,0.0,0.0,"[0,1,1,0,0,0]"
img986.jpg,"[0,0,0,0,1,0,0,0]",0.0,0.0,0.0,0.0,"[0,1,1,1,1,0]"
img1101.jpg,"[1,0,0,0,1,0,0,0]",1.0,0.0,0.0,0.0,"[0,1,1,1,0,0]"
img1112.jpg,"[1,0,0,0,1,0,0,0]",2.0,0.0,0.0,0.0,"[0,1,1,1,0,0]"
img1339.jpg,"[0,0,0,0,0,0,0,0]",0.0,0.0,0.0,0.0,"[0,1,1,1,1,0]"
img1602.jpg,"[1,0,1,0,0,0,0,0]",2.0,0.0,0.0,0.0,"[0,1,1,1,0,0]"
img1617.jpg,"[1,0,1,0,0,0,0,0]",2.0,1.0,2.0,0.0,"[0,1,1,0,0,0]"
img1744.jpg,"[0,0,0,0,1,0,0,0]",0.0,0.0,0.0,0.0,"[0,1,1,1,1,0]"
img2074.jpg,"[1,0,0,1,0,0,0,0]",1.0,2.0,1.0,0.0,"[1,0,0,0,0,0]"
img2084.jpg,"[1,0,0,1,0,0,0,0]",2.0,2.0,1.0,0.0,"[1,0,0,0,0,0]"
img220.jpg,"[0,0,0,0,1,0,0,0]",0.0,0.0,0.0,0.0,"[0,1,1,1,0,0]"
img2200.jpg,"[1,0,0,0,1,0,0,0]",2.0,1.0,0.0,0.0,"[0,1,1,0,0,0]"
img2226.jpg,"[0,0,0,0,0,1,0,0]",1.0,1.0,1.0,0.0,"[0,1,1,1,0,0]"
img2353.jpg,"[1,0,1,0,0,0,0,0]",2.0,0.0,0.0,0.0,"[0,1,1,0,0,0]"
img2406.jpg,"[1,0,0,1,0,0,0,0]",1.0,1.0,2.0,0.0,"[0,1,1,0,0,0]"
img2487.jpg,"[1,0,0,1,0,0,0,0]",0.0,1.0,0.0,0.0,"[0,1,1,0,0,0]"
img26.jpg,"[1,0,0,0,0,0,1,0]",2.0,2.0,2.0,0.0,"[0,1,1,0,0,0]"
img2641.jpg,"[0,0,0,0,0,0,0,0]",0.0,0.0,0.0,0.0,"[0,1,1,1,0,0]"
img2695.jpg,"[0,0,0,0,0,0,0,0]",0.0,0.0,0.0,0.0,"[0,1,1,1,1,1]"
img2769.jpg,"[0,0,0,0,0,0,0,0]",0.0,0.0,0.0,0.0,"[0,1,1,1,1,1]"
img2778.jpg,"[0,0,0,0,0,0,0,0]",0.0,0.0,0.0,0.0,"[0,1,1,1,1,1]"
img2798.jpg,"[0,0,0,0,0,0,0,0]",0.0,0.0,0.0,0.0,"[0,1,1,1,1,1]"
img2887.jpg,"[1,0,0,0,1,0,0,0]",2.0,0.0,0.0,0.0,"[0,1,1,1,0,0]"
img3014.jpg,"[0,0,0,0,0,0,0,0]",0.0,0.0,0.0,0.0,"[0,1,1,1,1,0]"
img3020.jpg,"[1,0,0,0,0,0,0,0]",1.0,0.0,0.0,0.0,"[0,1,1,1,0,0]"
img3028.jpg,"[0,0,0,0,0,0,0,0]",0.0,0.0,0.0,0.0,"[0,1,1,0,0,0]"
img3113.jpg,"[1,0,0,0,0,1,0,0]",1.0,1.0,1.0,0.0,"[0,1,1,0,0,0]"
img3125.jpg,"[1,0,0,0,0,1,0,0]",2.0,1.0,0.0,0.0,"[0,1,1,0,0,0]"
img3179.jpg,"[1,0,0,0,0,1,0,0]",2.0,1.0,0.0,0.0,"[0,1,1,0,0,0]"
img334.jpg,"[0,0,0,0,0,0,0,0]",0.0,0.0,0.0,0.0,"[0,1,1,1,1,1]"
img3450.jpg,"[0,0,1,0,0,0,0,0]",0.0,0.0,0.0,0.0,"[0,1,1,1,0,0]"
img3513.jpg,"[0,0,1,0,0,0,0,0]",0.0,0.0,1.0,0.0,"[0,1,1,0,0,0]"
img3638.jpg,"[1,0,0,0,0,0,0,0]",2.0,0.0,0.0,0.0,"[0,1,1,0,0,0]"
img3894.jpg,"[1,0,0,0,0,0,0,0]",2.0,0.0,0.0,0.0,"[0,1,1,1,0,0]"
img39.jpg,"[1,0,0,1,0,0,0,0]",1.0,1.0,0.0,0.0,"[0,1,0,0,0,0]"
img3913.jpg,"[1,0,0,0,1,0,0,0]",1.0,1.0,1.0,0.0,"[0,1,1,0,0,0]"
img3988.jpg,"[1,0,0,0,0,1,0,0]",1.0,1.0,1.0,0.0,"[0,1,1,0,0,0]"
img4112.jpg,"[1,0,0,0,1,0,0,0]",1.0,1.0,1.0,0.0,"[0,1,1,0,0,0]"
img4151.jpg,"[1,0,0,0,0,1,0,0]",1.0,1.0,1.0,0.0,"[0,1,1,0,0,0]"
img4247.jpg,"[0,0,0,0,0,0,0,0]",0.0,0.0,0.0,0.0,"[0,1,1,1,0,0]"
img4369.jpg,"[1,0,0,1,0,0,0,0]",1.0,1.0,0.0,0.0,"[0,1,1,1,0,0]"
img4503.jpg,"[0,0,0,0,0,0,0,0]",0.0,0.0,0.0,0.0,"[0,1,1,1,0,0]"
img4587.jpg,"[1,0,0,0,0,0,0,0]",1.0,0.0,0.0,0.0,"[0,1,1,1,0,0]"
img4617.jpg,"[0,0,0,0,0,0,0,0]",0.0,0.0,0.0,0.0,"[0,1,1,1,0,0]"
img4690.jpg,"[1,1,0,0,0,0,0,0]",2.0,0.0,0.0,0.0,"[0,1,1,1,0,0]"
img4917.jpg,"[1,0,0,0,0,0,0,0]",2.0,0.0,0.0,0.0,"[0,1,1,1,0,0]"
img575.jpg,"[0,0,0,0,0,0,0,0]",0.0,0.0,0.0,0.0,"[0,1,1,1,1,1]"
img582.jpg,"[1,0,0,0,0,0,0,0]",2.0,0.0,0.0,0.0,"[0,1,1,1,0,0]"
img611.jpg,"[1,0,1,0,0,0,0,0]",2.0,0.0,0.0,0.0,"[0,1,1,1,0,0]"
img79.jpg,"[1,0,0,1,0,0,0,0]",2.0,1.0,0.0,0.0,"[0,1,0,0,0,0]"
img799.jpg,"[0,0,0,0,0,0,0,0]",0.0,0.0,0.0,0.0,"[0,1,1,0,0,0]"
img802.jpg,"[0,0,0,0,1,0,0,0]",0.0,0.0,0.0,0.0,"[0,1,1,1,1,0]"
img1476.jpg,"[1,1,0,0,1,0,0,0]",2.0,0.0,0.0,0.0,"[0,1,1,1,0,0]"
img150.jpg,"[0,0,0,0,1,0,0,0]",0.0,0.0,0.0,0.0,"[0,1,1,1,1,0]"
img1518.jpg,"[1,0,1,0,0,0,0,0]",2.0,0.0,0.0,0.0,"[0,1,1,1,0,0]"
img1548.jpg,"[0,0,0,0,0,1,0,0]",0.0,1.0,1.0,0.0,"[0,1,1,0,0,0]"
img1629.jpg,"[1,1,1,0,0,0,0,0]",2.0,1.0,2.0,0.0,"[0,1,1,0,0,0]"
img1655.jpg,"[1,1,0,0,0,0,0,0]",1.0,1.0,0.0,0.0,"[0,1,1,0,0,0]"
img1705.jpg,"[1,1,0,0,0,0,0,0]",1.0,1.0,0.0,0.0,"[0,1,1,0,0,0]"
img1757.jpg,"[0,0,0,0,1,0,0,0]",0.0,0.0,0.0,0.0,"[0,1,1,1,1,0]"
img1840.jpg,"[0,0,0,0,0,0,0,0]",0.0,0.0,0.0,0.0,"[0,1,1,1,1,1]"
img1988.jpg,"[1,1,0,0,0,1,0,0]",1.0,1.0,1.0,0.0,"[0,1,1,1,0,0]"
img2148.jpg,"[1,0,1,0,0,0,0,0]",1.0,1.0,2.0,0.0,"[0,1,1,0,0,0]"
img2161.jpg,"[1,0,0,0,0,0,0,0]",2.0,0.0,0.0,0.0,"[0,1,1,1,0,0]"
img2349.jpg,"[1,0,1,0,0,0,0,0]",2.0,0.0,0.0,0.0,"[0,1,1,0,0,0]"
img2420.jpg,"[1,0,0,0,0,0,0,0]",2.0,0.0,0.0,0.0,"[0,1,1,0,0,0]"
img2458.jpg,"[0,0,0,0,1,0,0,0]",0.0,0.0,0.0,0.0,"[0,1,1,1,1,0]"
img2528.jpg,"[1,0,0,1,0,0,0,0]",2.0,1.0,1.0,0.0,"[0,1,1,0,0,0]"
img2536.jpg,"[1,0,0,1,0,0,0,0]",2.0,1.0,1.0,0.0,"[0,1,1,0,0,0]"
img2714.jpg,"[0,0,0,0,0,0,0,0]",0.0,0.0,0.0,0.0,"[0,1,1,1,1,1]"
img2842.jpg,"[1,0,0,0,1,0,0,0]",1.0,0.0,0.0,0.0,"[0,1,1,1,0,0]"
img2952.jpg,"[1,0,0,0,0,0,0,0]",1.0,0.0,0.0,1.0,"[0,1,1,0,0,0]"
img2999.jpg,"[1,0,0,0,0,0,0,0]",2.0,0.0,0.0,0.0,"[0,1,1,0,0,0]"
img3023.jpg,"[0,0,0,0,0,0,0,0]",0.0,0.0,0.0,0.0,"[0,1,1,0,0,0]"
img3175.jpg,"[1,0,0,0,0,1,0,0]",2.0,1.0,0.0,0.0,"[0,1,1,0,0,0]"
img3296.jpg,"[1,0,1,0,0,0,0,0]",2.0,0.0,0.0,0.0,"[0,1,1,1,0,0]"
img3326.jpg,"[1,0,0,0,0,0,0,0]",2.0,0.0,0.0,0.0,"[0,1,1,0,0,0]"
img3428.jpg,"[0,0,1,0,0,0,0,0]",0.0,0.0,1.0,0.0,"[0,1,1,0,0,0]"
img3518.jpg,"[0,0,0,0,0,0,0,0]",0.0,0.0,0.0,0.0,"[0,1,1,0,0,0]"
img3676.jpg,"[1,1,1,0,0,0,0,0]",2.0,0.0,0.0,0.0,"[0,1,1,1,0,0]"
img3721.jpg,"[1,1,0,0,0,0,0,0]",1.0,0.0,1.0,0.0,"[0,1,1,0,0,0]"
img3728.jpg,"[1,0,0,0,0,0,0,0]",2.0,0.0,1.0,0.0,"[0,1,1,0,0,0]"
img3790.jpg,"[1,0,0,0,0,0,0,0]",2.0,0.0,0.0,0.0,"[0,1,1,1,0,0]"
img3956.jpg,"[1,0,0,0,0,0,0,0]",2.0,1.0,0.0,0.0,"[0,1,1,0,0,0]"
img4121.jpg,"[1,0,0,0,1,0,0,0]",2.0,0.0,0.0,0.0,"[0,1,1,0,0,0]"
img4127.jpg,"[1,1,0,0,1,0,0,0]",2.0,1.0,0.0,0.0,"[0,1,1,1,0,0]"
img4178.jpg,"[1,0,0,0,0,0,0,0]",2.0,0.0,0.0,0.0,"[0,1,1,1,0,0]"
img4363.jpg,"[1,0,0,1,0,0,0,0]",1.0,1.0,0.0,0.0,"[0,1,1,1,0,0]"
img4405.jpg,"[0,0,0,0,0,0,0,0]",0.0,0.0,0.0,0.0,"[0,1,1,1,1,0]"
img4550.jpg,"[1,0,0,0,0,1,0,0]",1.0,1.0,1.0,0.0,"[0,1,1,0,0,0]"
img4578.jpg,"[0,0,0,0,1,0,0,0]",0.0,0.0,0.0,0.0,"[0,1,1,1,1,0]"
img4593.jpg,"[1,1,0,0,0,0,0,0]",2.0,0.0,0.0,0.0,"[0,1,1,1,0,0]"
img4607.jpg,"[0,0,0,0,0,0,0,0]",0.0,0.0,0.0,0.0,"[0,1,1,1,1,1]"
img4668.jpg,"[1,0,0,0,0,0,0,0]",1.0,0.0,0.0,0.0,"[0,1,1,1,0,0]"
img4724.jpg,"[0,0,1,0,0,0,0,0]",0.0,0.0,0.0,0.0,"[0,1,1,1,1,0]"
img4757.jpg,"[1,0,0,1,0,0,0,0]",2.0,2.0,0.0,0.0,"[0,1,1,0,0,0]"
img4972.jpg,"[0,0,0,0,1,0,0,0]",0.0,0.0,0.0,0.0,"[0,1,1,1,1,0]"
img4998.jpg,"[1,0,0,0,1,0,0,0]",1.0,0.0,0.0,0.0,"[0,1,1,1,0,0]"
img591.jpg,"[1,0,1,0,0,0,0,0]",2.0,0.0,0.0,0.0,"[0,1,1,1,0,0]"
img734.jpg,"[0,0,1,0,0,0,0,0]",0.0,0.0,0.0,1.0,"[0,1,1,1,0,0]"
img746.jpg,"[0,0,1,0,0,0,0,0]",0.0,0.0,1.0,0.0,"[0,1,1,0,0,0]"
img881.jpg,"[1,0,0,0,0,1,0,0]",1.0,1.0,1.0,0.0,"[0,1,1,0,0,0]"
img1147.jpg,"[1,0,0,0,0,0,0,0]",2.0,0.0,0.0,0.0,"[0,1,1,1,0,0]"
img1160.jpg,"[1,0,0,0,1,0,0,0]",1.0,0.0,0.0,0.0,"[0,1,1,1,0,0]"
img1197.jpg,"[1,0,1,0,0,0,0,0]",0.0,0.0,0.0,0.0,"[0,1,1,1,0,0]"
img1328.jpg,"[0,0,0,0,0,0,0,0]",0.0,0.0,0.0,0.0,"[0,1,1,1,0,0]"
img1410.jpg,"[1,0,0,1,0,0,0,0]",1.0,1.0,1.0,0.0,"[0,1,1,0,0,0]"
img1435.jpg,"[1,0,0,1,0,0,0,0]",1.0,0.0,0.0,0.0,"[0,1,1,1,0,0]"
img1512.jpg,"[0,0,1,0,0,0,0,0]",0.0,0.0,2.0,0.0,"[0,1,1,0,0,0]"
img1675.jpg,"[1,1,0,0,0,0,0,0]",1.0,0.0,0.0,,"[0,1,1,0,0,0]"
img1798.jpg,"[1,0,0,0,1,0,0,0]",2.0,0.0,0.0,0.0,"[0,1,1,1,0,0]"
img1876.jpg,"[0,0,0,0,1,0,0,0]",0.0,0.0,0.0,0.0,"[0,1,1,1,1,0]"
img1951.jpg,"[1,0,0,0,0,1,0,0]",1.0,1.0,1.0,0.0,"[0,1,1,1,0,0]"
img2050.jpg,"[1,0,0,1,0,0,0,0]",2.0,2.0,1.0,0.0,"[1,0,0,0,0,0]"
img2269.jpg,"[1,0,1,0,0,0,0,0]",2.0,0.0,0.0,0.0,"[0,1,1,0,0,0]"
img2341.jpg,"[1,0,0,0,1,0,0,0]",1.0,0.0,0.0,0.0,"[0,1,1,1,0,0]"
img2459.jpg,"[0,0,0,0,0,0,0,0]",0.0,0.0,0.0,0.0,"[0,1,1,1,1,0]"
img273.jpg,"[1,1,0,0,0,0,0,0]",2.0,0.0,0.0,0.0,"[0,1,1,1,0,0]"
img2740.jpg,"[0,0,0,0,0,0,0,0]",0.0,0.0,0.0,0.0,"[0,1,1,1,1,1]"
img286.jpg,"[1,0,1,0,0,0,0,0]",2.0,0.0,1.0,0.0,"[0,1,1,1,0,0]"
img2860.jpg,"[0,0,0,0,0,0,0,0]",0.0,0.0,0.0,0.0,"[0,1,1,1,1,0]"
img2879.jpg,"[0,0,0,0,0,0,0,0]",0.0,0.0,0.0,1.0,"[0,1,1,0,0,0]"
img299.jpg,"[1,1,1,0,0,0,0,0]",2.0,0.0,1.0,0.0,"[0,1,1,0,0,0]"
img3138.jpg,"[1,0,0,0,0,1,0,0]",1.0,1.0,1.0,0.0,"[0,1,1,0,0,0]"
img3270.jpg,"[1,0,1,0,0,0,0,0]",2.0,0.0,0.0,0.0,"[0,1,1,1,0,0]"
img3308.jpg,"[1,0,1,0,0,0,0,0]",2.0,0.0,0.0,0.0,"[0,1,1,1,0,0]"
img3371.jpg,"[1,0,0,0,0,0,0,0]",1.0,0.0,0.0,0.0,"[0,1,1,1,0,0]"
img3418.jpg,"[0,0,0,0,0,0,0,0]",0.0,0.0,0.0,0.0,"[0,1,1,1,0,0]"
img3563.jpg,"[0,0,0,0,0,1,0,0]",0.0,1.0,1.0,0.0,"[0,1,1,1,0,0]"
img3671.jpg,"[1,1,0,0,0,0,0,0]",1.0,0.0,0.0,0.0,"[0,1,1,1,0,0]"
img3801.jpg,"[0,0,0,0,0,0,0,0]",0.0,0.0,0.0,0.0,"[0,1,1,1,1,0]"
img3803.jpg,"[1,0,0,0,0,0,0,0]",2.0,0.0,0.0,0.0,"[0,1,1,1,0,0]"
img3922.jpg,"[1,0,0,1,0,0,0,0]",1.0,1.0,1.0,0.0,"[0,1,0,0,0,0]"
img4086.jpg,"[1,0,0,0,0,0,0,0]",0.0,0.0,0.0,0.0,"[0,1,0,0,0,0]"
img4118.jpg,"[1,1,0,0,1,0,0,0]",2.0,1.0,0.0,0.0,"[0,1,1,0,0,0]"
img4137.jpg,"[0,0,0,0,0,0,0,0]",0.0,0.0,0.0,0.0,"[0,1,1,1,0,0]"
img45.jpg,"[1,1,0,0,0,0,0,0]",1.0,1.0,0.0,0.0,"[0,1,1,0,0,0]"
img4513.jpg,"[1,0,0,0,0,0,0,0]",1.0,0.0,0.0,0.0,"[0,1,1,1,0,0]"
img4584.jpg,"[0,0,0,0,1,0,0,0]",0.0,0.0,0.0,0.0,"[0,1,1,1,1,0]"
img4600.jpg,"[1,0,0,0,0,0,0,0]",1.0,0.0,0.0,0.0,"[0,1,1,1,0,0]"
img4677.jpg,"[1,0,0,0,0,0,0,0]",2.0,0.0,0.0,0.0,"[0,1,1,1,0,0]"
img4684.jpg,"[0,0,0,0,0,0,0,0]",0.0,0.0,0.0,0.0,"[0,1,1,1,1,1]"
img4705.jpg,"[1,0,0,0,0,0,0,0]",2.0,0.0,0.0,0.0,"[0,1,1,1,0,0]"
img4857.jpg,"[0,0,0,0,0,1,0,0]",0.0,0.0,1.0,0.0,"[0,1,1,1,1,0]"
img4883.jpg,"[0,0,0,0,0,0,0,0]",0.0,0.0,0.0,0.0,"[0,1,1,1,1,0]"
img4929.jpg,"[0,0,0,0,0,0,0,0]",0.0,0.0,0.0,0.0,"[0,1,1,1,1,1]"
img4954.jpg,"[1,0,0,0,0,0,0,0]",1.0,0.0,0.0,0.0,"[0,1,1,1,0,0]"
img4973.jpg,"[0,0,0,0,0,0,0,0]",0.0,0.0,0.0,0.0,"[0,1,1,1,1,0]"
img599.jpg,"[1,1,1,0,0,0,0,0]",2.0,0.0,0.0,0.0,"[0,1,1,1,0,0]"
img785.jpg,"[0,0,1,0,0,0,0,0]",0.0,0.0,1.0,0.0,"[0,1,1,1,0,0]"
img905.jpg,"[0,0,1,0,0,0,0,0]",0.0,0.0,0.0,0.0,"[0,1,1,1,0,0]"
img958.jpg,"[0,0,0,0,1,0,0,0]",0.0,0.0,0.0,0.0,"[0,1,1,1,1,0]"
img1074.jpg,"[1,0,1,0,1,0,0,0]",2.0,1.0,1.0,0.0,"[0,1,1,0,0,0]"
img1223.jpg,"[0,0,1,0,0,0,0,0]",0.0,0.0,1.0,0.0,"[0,1,1,0,0,0]"
img1510.jpg,"[0,0,0,0,0,0,0,0]",0.0,0.0,0.0,0.0,"[0,1,1,1,0,0]"
img1615.jpg,"[1,0,0,0,0,1,0,0]",1.0,1.0,2.0,0.0,"[0,1,1,0,0,0]"
img166.jpg,"[0,0,0,0,1,0,0,0]",0.0,0.0,0.0,0.0,"[0,1,1,1,1,0]"
img1730.jpg,"[0,0,0,0,1,0,0,0]",0.0,0.0,0.0,0.0,"[0,1,1,1,1,0]"
img1782.jpg,"[0,0,0,0,1,0,0,0]",0.0,0.0,0.0,0.0,"[0,1,1,1,1,0]"
img1806.jpg,"[0,0,0,0,1,0,0,0]",0.0,0.0,0.0,0.0,"[0,1,1,1,1,0]"
img1819.jpg,"[0,0,0,0,1,0,0,0]",0.0,0.0,0.0,0.0,"[0,1,1,1,1,0]"
img1821.jpg,"[1,0,0,0,0,0,0,0]",1.0,0.0,0.0,0.0,"[0,1,1,1,0,0]"
img2032.jpg,"[0,0,1,0,0,0,0,0]",1.0,1.0,2.0,0.0,"[0,1,0,0,0,0]"
img2195.jpg,"[1,0,1,0,0,0,0,0]",2.0,0.0,0.0,0.0,"[0,1,1,0,0,0]"
img2213.jpg,"[0,0,0,0,0,1,0,0]",0.0,1.0,1.0,0.0,"[0,1,1,1,1,0]"
img2332.jpg,"[1,0,0,0,1,0,0,0]",2.0,0.0,0.0,0.0,"[0,1,1,1,0,0]"
img244.jpg,"[1,1,0,0,0,0,0,0]",1.0,0.0,0.0,0.0,"[0,1,1,1,0,0]"
img2537.jpg,"[1,0,0,1,0,0,0,0]",2.0,1.0,1.0,0.0,"[0,1,1,0,0,0]"
img2587.jpg,"[1,0,0,0,0,0,0,0]",2.0,0.0,0.0,0.0,"[0,1,1,1,0,0]"
img2611.jpg,"[0,0,0,0,0,0,0,0]",0.0,0.0,0.0,0.0,"[0,1,1,1,1,0]"
img2633.jpg,"[0,0,0,0,0,0,0,0]",0.0,0.0,0.0,0.0,"[0,1,1,1,1,1]"
img265.jpg,"[1,1,0,0,0,0,0,0]",2.0,0.0,0.0,0.0,"[0,1,1,1,0,0]"
img2764.jpg,"[0,0,0,0,0,0,0,0]",0.0,0.0,0.0,0.0,"[0,1,1,1,1,1]"
img2829.jpg,"[1,0,0,0,1,0,0,0]",1.0,0.0,0.0,0.0,"[0,1,1,1,0,0]"
img2867.jpg,"[1,0,0,0,0,0,0,0]",2.0,0.0,0.0,0.0,"[0,1,1,0,0,0]"
img2890.jpg,"[1,0,0,0,0,0,0,0]",2.0,0.0,0.0,0.0,"[0,1,1,1,0,0]"
img2907.jpg,"[0,0,0,0,1,0,0,0]",0.0,1.0,0.0,0.0,"[0,1,1,1,1,0]"
img3052.jpg,"[0,0,0,0,0,0,0,0]",0.0,1.0,2.0,0.0,"[0,1,1,0,0,0]"
img308.jpg,"[1,0,0,0,0,0,1,0]",1.0,2.0,1.0,0.0,"[0,1,0,0,0,0]"
img3087.jpg,"[1,0,0,0,0,1,0,0]",1.0,1.0,1.0,0.0,"[0,1,1,0,0,0]"
img3342.jpg,"[0,0,0,0,0,0,0,0]",0.0,0.0,0.0,0.0,"[0,1,1,1,0,0]"
img3555.jpg,"[0,0,0,0,0,1,0,0]",1.0,1.0,1.0,1.0,"[0,1,1,0,0,0]"
img3664.jpg,"[1,1,0,0,0,0,0,0]",2.0,0.0,0.0,0.0,"[0,1,1,1,0,0]"
img3896.jpg,"[1,1,0,0,1,0,0,0]",2.0,0.0,0.0,0.0,"[0,1,1,1,0,0]"
img4014.jpg,"[0,0,0,0,0,1,0,0]",0.0,1.0,1.0,0.0,"[0,1,1,0,0,0]"
img4154.jpg,"[1,0,0,0,0,0,0,0]",1.0,0.0,0.0,0.0,"[0,1,1,1,0,0]"
img4304.jpg,"[0,0,1,0,1,0,0,0]",0.0,0.0,0.0,0.0,"[0,1,1,1,0,0]"
img433.jpg,"[0,0,0,0,0,0,0,0]",0.0,0.0,0.0,0.0,"[0,1,1,1,0,0]"
img436.jpg,"[0,0,0,0,0,0,0,0]",0.0,0.0,0.0,0.0,"[0,1,1,1,1,0]"
img4366.jpg,"[1,0,0,1,0,0,0,0]",1.0,1.0,0.0,0.0,"[0,1,1,1,1,0]"
img4371.jpg,"[1,0,0,1,0,0,0,0]",1.0,1.0,0.0,0.0,"[1,0,0,0,0,0]"
img4558.jpg,"[1,1,0,0,1,0,0,0]",2.0,0.0,1.0,0.0,"[0,1,1,0,0,0]"
img460.jpg,"[0,0,0,0,0,0,0,0]",0.0,0.0,0.0,0.0,"[0,1,1,1,1,1]"
img4609.jpg,"[1,0,0,0,0,0,0,0]",2.0,0.0,0.0,0.0,"[0,1,1,1,0,0]"
img4713.jpg,"[1,0,0,0,0,0,0,0]",2.0,0.0,0.0,0.0,"[0,1,1,1,0,0]"
img4984.jpg,"[1,0,0,0,0,0,0,0]",1.0,0.0,0.0,0.0,"[0,1,1,1,0,0]"
img537.jpg,"[0,0,0,0,0,0,0,0]",0.0,0.0,0.0,0.0,"[0,1,1,1,1,1]"
img602.jpg,"[1,0,1,0,0,0,0,0]",2.0,0.0,0.0,0.0,"[0,1,1,1,0,0]"
img646.jpg,"[1,1,0,0,0,1,0,0]",2.0,0.0,1.0,0.0,"[0,1,1,0,0,0]"
img684.jpg,"[1,0,0,0,0,0,0,0]",1.0,0.0,0.0,1.0,"[0,1,0,0,0,0]"
img70.jpg,"[1,0,0,0,0,0,0,0]",1.0,0.0,0.0,0.0,"[0,1,1,0,0,0]"
img784.jpg,"[1,0,1,0,0,0,0,0]",0.0,0.0,1.0,0.0,"[0,1,1,0,0,0]"
img1141.jpg,"[1,0,0,0,1,0,0,0]",2.0,0.0,0.0,0.0,"[0,1,1,1,0,0]"
img1214.jpg,"[1,0,0,0,0,0,0,0]",2.0,0.0,0.0,1.0,"[0,1,1,0,0,0]"
img1284.jpg,"[1,0,0,0,0,1,0,0]",1.0,2.0,1.0,0.0,"[0,1,0,0,0,0]"
img1356.jpg,"[0,0,0,0,0,0,0,0]",0.0,0.0,0.0,0.0,"[0,1,1,1,1,0]"
img1363.jpg,"[0,0,0,0,0,0,0,0]",0.0,0.0,0.0,0.0,"[0,1,1,0,0,0]"
img1456.jpg,"[1,0,0,0,1,0,0,0]",2.0,0.0,0.0,0.0,"[0,1,1,1,0,0]"
img1484.jpg,"[1,0,0,0,0,0,0,0]",2.0,0.0,0.0,0.0,"[0,1,1,0,0,0]"
img1667.jpg,"[1,1,0,0,0,0,0,0]",1.0,0.0,0.0,0.0,"[0,1,1,1,0,0]"
img176.jpg,"[0,0,1,0,0,0,0,0]",0.0,0.0,0.0,0.0,"[0,1,1,1,0,0]"
img1797.jpg,"[0,0,0,0,1,0,0,0]",0.0,0.0,0.0,0.0,"[0,1,1,1,1,0]"
img1842.jpg,"[0,0,0,0,0,0,0,0]",0.0,0.0,0.0,0.0,"[0,1,1,1,1,1]"
img1936.jpg,"[1,0,0,0,0,0,0,0]",2.0,0.0,0.0,0.0,"[0,1,1,1,0,0]"
img204.jpg,"[0,0,0,0,1,0,0,0]",0.0,1.0,1.0,0.0,"[0,1,1,0,0,0]"
img2307.jpg,"[1,0,1,0,0,0,0,0]",2.0,1.0,1.0,0.0,"[0,1,0,0,0,0]"
img239.jpg,"[1,1,0,0,0,0,0,0]",2.0,0.0,0.0,0.0,"[0,1,1,0,0,0]"
img2472.jpg,"[1,0,0,0,0,0,0,0]",2.0,0.0,0.0,0.0,"[0,1,1,0,0,0]"
img2647.jpg,"[0,0,0,0,0,0,0,0]",0.0,0.0,0.0,0.0,"[0,1,1,1,0,0]"
img2802.jpg,"[0,0,0,0,0,0,0,0]",0.0,0.0,0.0,0.0,"[0,1,1,1,1,1]"
img2898.jpg,"[0,0,0,0,0,1,0,0]",0.0,0.0,1.0,0.0,"[0,1,1,1,1,0]"
img2974.jpg,"[1,0,0,0,0,0,0,0]",2.0,0.0,0.0,0.0,"[0,1,1,1,0,0]"
img2976.jpg,"[1,0,0,0,0,0,0,0]",2.0,0.0,0.0,0.0,"[0,1,1,1,0,0]"
img2978.jpg,"[1,0,0,0,0,0,0,0]",2.0,0.0,0.0,0.0,"[0,1,1,0,0,0]"
img3084.jpg,"[1,0,0,0,0,1,0,0]",1.0,1.0,1.0,0.0,"[0,1,1,0,0,0]"
img3121.jpg,"[1,0,0,0,0,1,0,0]",2.0,1.0,1.0,0.0,"[0,1,1,0,0,0]"
img3154.jpg,"[1,0,0,0,0,1,0,0]",2.0,1.0,1.0,0.0,"[0,1,1,0,0,0]"
img330.jpg,"[0,0,0,0,0,0,0,0]",0.0,0.0,0.0,0.0,"[0,1,1,1,1,1]"
img3318.jpg,"[1,1,1,0,0,0,0,0]",2.0,0.0,0.0,0.0,"[0,1,1,0,0,0]"
img3619.jpg,"[1,0,1,0,0,0,0,0]",1.0,0.0,1.0,0.0,"[0,1,1,0,0,0]"
img3630.jpg,"[1,0,0,0,0,0,0,0]",2.0,0.0,0.0,0.0,"[0,1,1,1,0,0]"
img3680.jpg,"[0,0,1,0,0,0,0,0]",0.0,0.0,0.0,0.0,"[0,1,1,1,0,0]"
img3818.jpg,"[1,0,0,0,1,0,0,0]",1.0,0.0,0.0,0.0,"[0,1,1,1,0,0]"
img3903.jpg,"[1,0,0,1,0,0,0,0]",2.0,1.0,1.0,0.0,"[0,1,1,0,0,0]"
img4088.jpg,"[1,0,0,0,0,0,0,0]",1.0,0.0,0.0,0.0,"[1,0,0,0,0,0]"
img444.jpg,"[0,0,0,0,0,0,0,0]",0.0,0.0,0.0,0.0,"[0,1,1,1,1,1]"
img4504.jpg,"[1,0,0,0,0,0,0,0]",2.0,0.0,0.0,0.0,"[0,1,1,1,0,0]"
img4633.jpg,"[0,0,1,0,0,0,0,0]",1.0,0.0,0.0,0.0,"[0,1,1,1,0,0]"
img4718.jpg,"[1,1,0,0,0,0,0,0]",1.0,1.0,0.0,0.0,"[0,1,1,1,0,0]"
img4766.jpg,"[1,0,1,0,0,0,0,0]",2.0,0.0,0.0,0.0,"[0,1,1,0,0,0]"
img4815.jpg,"[0,0,0,0,1,0,0,0]",0.0,1.0,0.0,0.0,"[0,1,1,1,0,0]"
img4842.jpg,"[1,0,0,0,0,1,0,0]",1.0,0.0,1.0,0.0,"[0,1,1,1,0,0]"
img4864.jpg,"[1,0,0,0,0,1,0,0]",1.0,1.0,1.0,0.0,"[0,1,1,1,0,0]"
img4981.jpg,"[0,0,0,0,0,0,0,0]",0.0,0.0,0.0,0.0,"[0,1,1,1,1,1]"
img571.jpg,"[0,0,0,0,0,0,0,0]",0.0,0.0,0.0,0.0,"[0,1,1,1,1,0]"
img62.jpg,"[0,0,0,0,0,0,0,0]",0.0,0.0,0.0,0.0,"[0,1,1,1,1,0]"
img660.jpg,"[0,0,0,0,0,0,0,0]",0.0,0.0,0.0,0.0,"[0,1,1,1,1,0]"
img729.jpg,"[0,0,1,0,0,0,0,0]",0.0,0.0,0.0,0.0,"[0,1,1,1,0,0]"
img730.jpg,"[0,0,1,0,0,0,0,0]",0.0,0.0,0.0,0.0,"[0,1,1,1,0,0]"
img800.jpg,"[0,0,0,0,0,0,0,0]",0.0,0.0,0.0,0.0,"[0,1,1,1,0,0]"
img91.jpg,"[1,0,0,1,0,0,0,0]",2.0,2.0,2.0,0.0,"[1,0,0,0,0,0]"
img990.jpg,"[0,0,0,0,1,0,0,0]",0.0,0.0,0.0,0.0,"[0,1,1,1,1,0]"
img1051.jpg,"[1,1,1,0,0,0,0,0]",2.0,0.0,0.0,0.0,"[0,1,1,1,0,0]"
img1073.jpg,"[1,0,0,1,0,0,0,0]",2.0,1.0,0.0,0.0,"[0,1,1,0,0,0]"
img1099.jpg,"[1,0,0,0,1,0,0,0]",2.0,0.0,0.0,0.0,"[0,1,1,1,0,0]"
img1168.jpg,"[1,0,0,0,1,0,0,0]",2.0,0.0,0.0,0.0,"[0,1,1,1,0,0]"
img1496.jpg,"[1,0,1,0,0,0,0,0]",1.0,0.0,2.0,0.0,"[0,1,1,1,0,0]"
img1637.jpg,"[1,1,0,0,0,0,0,0]",1.0,1.0,2.0,0.0,"[0,1,0,0,0,0]"
img1694.jpg,"[1,1,0,0,0,0,0,0]",1.0,1.0,1.0,0.0,"[0,1,1,0,0,0]"
img1740.jpg,"[0,0,0,0,0,0,0,0]",0.0,0.0,0.0,0.0,"[0,1,1,1,1,1]"
img184.jpg,"[0,0,1,0,0,0,0,0]",0.0,0.0,2.0,0.0,"[0,1,1,1,0,0]"
img195.jpg,"[1,1,0,1,0,0,0,0]",1.0,1.0,0.0,0.0,"[1,0,0,0,0,0]"
img1954.jpg,"[0,0,0,0,0,1,0,0]",0.0,1.0,1.0,0.0,"[0,1,1,1,0,0]"
img2060.jpg,"[1,0,1,1,0,0,0,0]",1.0,2.0,1.0,0.0,"[1,0,0,0,0,0]"
img2177.jpg,"[1,0,0,0,0,0,0,0]",2.0,0.0,0.0,0.0,"[0,1,1,0,0,0]"
img219.jpg,"[0,0,0,0,1,0,0,0]",0.0,0.0,0.0,0.0,"[0,1,1,1,0,0]"
img2201.jpg,"[1,0,0,0,0,0,0,0]",1.0,0.0,0.0,0.0,"[0,1,1,1,0,0]"
img2246.jpg,"[0,0,0,0,0,1,0,0]",0.0,0.0,1.0,0.0,"[0,1,1,1,0,0]"
img2252.jpg,"[1,0,0,0,0,0,0,0]",1.0,0.0,0.0,0.0,"[0,1,1,0,0,0]"
img2385.jpg,"[1,0,0,0,0,0,0,0]",0.0,0.0,0.0,0.0,"[0,1,1,0,0,0]"
img2433.jpg,"[0,0,0,0,0,0,0,0]",0.0,0.0,0.0,0.0,"[0,1,1,1,1,0]"
img2464.jpg,"[0,0,0,0,0,0,0,0]",0.0,0.0,0.0,0.0,"[0,1,1,1,1,0]"
img2571.jpg,"[0,0,0,0,0,0,0,0]",0.0,0.0,0.0,0.0,"[0,1,1,1,1,0]"
img2634.jpg,"[1,0,0,0,0,0,0,0]",1.0,0.0,0.0,0.0,"[0,1,1,1,0,0]"
img276.jpg,"[1,0,0,0,0,0,1,0]",1.0,0.0,0.0,0.0,"[0,1,1,0,0,0]"
img2792.jpg,"[0,0,0,0,0,0,0,0]",0.0,0.0,0.0,0.0,"[0,1,1,1,1,1]"
img2984.jpg,"[1,0,0,0,0,0,0,0]",2.0,0.0,0.0,0.0,"[0,1,1,0,0,0]"
img2989.jpg,"[0,0,0,0,0,0,0,0]",0.0,0.0,0.0,0.0,"[0,1,1,1,0,0]"
img3206.jpg,"[0,0,0,0,0,1,0,0]",0.0,0.0,1.0,0.0,"[0,1,1,1,0,0]"
img3360.jpg,"[0,0,0,0,0,0,0,0]",0.0,0.0,0.0,0.0,"[0,1,1,1,1,0]"
img3435.jpg,"[0,0,1,0,0,0,0,0]",0.0,0.0,1.0,0.0,"[0,1,1,0,0,0]"
img3805.jpg,"[1,0,0,0,1,0,0,0]",2.0,0.0,0.0,0.0,"[0,1,1,1,0,0]"
img3830.jpg,"[0,0,0,0,0,0,0,0]",0.0,0.0,0.0,0.0,"[0,1,1,1,1,0]"
img3868.jpg,"[0,0,0,0,0,0,0,0]",0.0,0.0,0.0,0.0,"[0,1,1,1,0,0]"
img398.jpg,"[1,0,0,0,0,0,0,0]",1.0,0.0,0.0,0.0,"[0,1,1,1,0,0]"
img4081.jpg,"[1,0,0,0,0,0,0,0]",1.0,0.0,0.0,0.0,"[1,0,0,0,0,0]"
img4099.jpg,"[1,0,0,0,0,0,0,0]",1.0,0.0,0.0,0.0,"[1,0,0,0,0,0]"
img4100.jpg,"[1,0,0,0,0,0,0,0]",1.0,0.0,0.0,0.0,"[1,0,0,0,0,0]"
img4261.jpg,"[0,0,0,0,0,0,0,0]",0.0,0.0,0.0,0.0,"[0,1,1,1,0,0]"
img4414.jpg,"[0,0,0,0,0,0,0,0]",0.0,0.0,0.0,0.0,"[0,1,1,1,0,0]"
img4639.jpg,"[0,0,0,0,0,0,0,0]",0.0,0.0,0.0,0.0,"[0,1,1,1,0,0]"
img4763.jpg,"[0,0,0,0,0,0,0,0]",0.0,0.0,0.0,0.0,"[0,1,1,1,0,0]"
img4812.jpg,"[1,0,0,0,1,0,0,0]",1.0,1.0,0.0,0.0,"[0,1,1,1,0,0]"
img4943.jpg,"[0,0,0,0,1,0,0,0]",0.0,1.0,0.0,0.0,"[0,1,1,1,1,0]"
img4949.jpg,"[0,0,0,0,0,0,0,0]",0.0,0.0,0.0,0.0,"[0,1,1,1,1,1]"
img501.jpg,"[0,0,0,0,0,1,0,0]",0.0,0.0,0.0,0.0,"[0,1,1,1,1,0]"
img527.jpg,"[0,0,0,0,0,0,0,0]",0.0,0.0,0.0,0.0,"[0,1,1,1,1,1]"
img645.jpg,"[0,0,0,0,0,1,0,0]",0.0,1.0,0.0,0.0,"[0,1,1,0,0,0]"
img689.jpg,"[1,0,0,0,0,0,0,0]",2.0,0.0,0.0,0.0,"[0,1,1,1,0,0]"
img74.jpg,"[1,0,0,0,0,0,0,0]",1.0,0.0,0.0,0.0,"[0,1,1,0,0,0]"
img878.jpg,"[1,0,0,0,0,0,0,0]",2.0,0.0,0.0,0.0,"[0,1,1,0,0,0]"
img957.jpg,"[0,0,0,0,1,0,0,0]",0.0,0.0,0.0,0.0,"[0,1,1,1,1,0]"
img102.jpg,"[1,0,0,0,0,0,0,0]",1.0,0.0,0.0,0.0,"[0,1,1,0,0,0]"
img1140.jpg,"[1,0,0,0,1,0,0,0]",1.0,0.0,0.0,0.0,"[0,1,1,0,0,0]"
img1183.jpg,"[0,0,0,0,0,0,0,0]",0.0,0.0,0.0,0.0,"[0,1,1,0,0,0]"
img1259.jpg,"[1,0,0,0,0,1,0,0]",1.0,2.0,1.0,0.0,"[0,1,1,0,0,0]"
img1298.jpg,"[0,0,0,0,0,0,0,0]",0.0,0.0,0.0,0.0,"[0,1,1,1,0,0]"
img1337.jpg,"[0,0,0,0,0,0,0,0]",0.0,0.0,0.0,0.0,"[0,1,1,1,0,0]"
img1387.jpg,"[1,0,0,0,0,1,0,0]",2.0,1.0,1.0,0.0,"[0,1,1,0,0,0]"
img1463.jpg,"[0,0,0,0,1,0,0,0]",0.0,0.0,0.0,0.0,"[0,1,1,1,0,0]"
img1560.jpg,"[1,0,1,0,0,0,0,0]",2.0,0.0,0.0,0.0,"[0,1,1,1,0,0]"
img1640.jpg,"[1,0,0,0,0,0,0,0]",1.0,1.0,2.0,0.0,"[0,1,1,0,0,0]"
img1648.jpg,"[1,1,0,0,0,0,0,0]",1.0,1.0,2.0,0.0,"[0,1,1,0,0,0]"
img1746.jpg,"[0,0,0,0,1,0,0,0]",0.0,0.0,0.0,0.0,"[0,1,1,1,1,0]"
img1865.jpg,"[0,0,0,0,0,0,0,0]",0.0,0.0,0.0,0.0,"[0,1,1,1,0,0]"
img2019.jpg,"[1,0,0,1,0,0,0,0]",2.0,1.0,2.0,0.0,"[0,1,1,0,0,0]"
img2228.jpg,"[0,0,0,0,0,1,0,0]",0.0,1.0,1.0,0.0,"[0,1,1,0,0,0]"
img223.jpg,"[0,0,0,0,1,0,0,0]",0.0,1.0,0.0,0.0,"[0,1,1,0,0,0]"
img2429.jpg,"[0,0,0,0,0,0,0,0]",0.0,0.0,0.0,0.0,"[0,1,1,1,0,0]"
img2925.jpg,"[0,0,0,0,1,0,0,0]",0.0,1.0,0.0,0.0,"[0,1,1,0,0,0]"
img304.jpg,"[1,0,0,0,0,0,0,0]",1.0,0.0,0.0,0.0,"[0,1,1,1,0,0]"
img3058.jpg,"[1,0,0,0,0,0,0,0]",1.0,1.0,2.0,0.0,"[0,1,1,0,0,0]"
img3141.jpg,"[1,1,0,0,0,1,0,0]",2.0,1.0,0.0,0.0,"[0,1,1,1,0,0]"
img3203.jpg,"[0,0,0,0,0,1,0,0]",0.0,0.0,1.0,0.0,"[0,1,1,1,1,0]"
img3491.jpg,"[1,0,0,0,0,0,0,0]",2.0,1.0,2.0,0.0,"[0,1,0,0,0,0]"
img3577.jpg,"[1,0,1,0,0,0,0,0]",2.0,0.0,1.0,0.0,"[0,1,1,0,0,0]"
img3804.jpg,"[1,0,0,0,0,0,0,0]",2.0,0.0,0.0,0.0,"[0,1,0,0,0,0]"
img3855.jpg,"[0,0,0,0,0,0,0,0]",0.0,0.0,0.0,0.0,"[0,1,1,1,1,0]"
img3919.jpg,"[1,0,0,1,0,0,0,0]",2.0,1.0,1.0,0.0,"[0,1,0,0,0,0]"
img3957.jpg,"[1,0,0,1,0,0,0,0]",2.0,1.0,0.0,0.0,"[0,1,0,0,0,0]"
img404.jpg,"[0,0,0,0,1,0,0,0]",0.0,0.0,0.0,0.0,"[0,1,1,1,1,0]"
img4132.jpg,"[1,1,0,1,0,1,0,0]",2.0,1.0,0.0,0.0,"[0,1,1,0,0,0]"
img4179.jpg,"[1,0,0,0,0,0,0,0]",2.0,0.0,0.0,0.0,"[0,1,1,1,0,0]"
img4239.jpg,"[1,0,0,0,0,0,0,0]",2.0,0.0,0.0,0.0,"[0,1,1,1,0,0]"
img425.jpg,"[0,0,0,0,0,0,0,0]",0.0,0.0,0.0,0.0,"[0,1,1,1,1,0]"
img437.jpg,"[1,1,0,0,0,0,0,0]",1.0,0.0,0.0,0.0,"[0,1,1,1,0,0]"
img4446.jpg,"[0,0,0,0,0,0,0,0]",0.0,1.0,2.0,0.0,"[0,1,1,0,0,0]"
img4529.jpg,"[1,1,0,0,0,0,0,0]",2.0,0.0,0.0,0.0,"[0,1,1,1,0,0]"
img4657.jpg,"[1,1,0,0,0,0,0,0]",2.0,0.0,0.0,0.0,"[0,1,1,1,0,0]"
img4729.jpg,"[1,0,0,1,0,0,0,0]",1.0,1.0,0.0,0.0,"[0,1,0,0,0,0]"
img4841.jpg,"[0,0,0,0,0,1,0,0]",0.0,1.0,0.0,0.0,"[0,1,1,0,0,0]"
img4971.jpg,"[0,0,0,0,0,0,0,0]",0.0,0.0,0.0,0.0,"[0,1,1,1,1,1]"
img52.jpg,"[0,0,0,0,0,1,0,0]",1.0,1.0,1.0,0.0,"[0,1,1,0,0,0]"
img634.jpg,"[1,0,0,0,0,1,0,0]",2.0,1.0,1.0,0.0,"[0,1,1,0,0,0]"
img649.jpg,"[1,1,0,0,0,1,0,0]",2.0,1.0,1.0,0.0,"[0,1,1,0,0,0]"
img695.jpg,"[1,0,0,0,0,0,0,0]",1.0,0.0,0.0,0.0,"[0,1,1,1,0,0]"
img740.jpg,"[0,0,1,0,0,0,0,0]",0.0,0.0,0.0,0.0,"[0,1,1,1,0,0]"
img804.jpg,"[0,0,1,0,0,0,0,0]",0.0,0.0,1.0,0.0,"[0,1,1,0,0,0]"
img813.jpg,"[1,0,0,0,1,0,0,0]",1.0,0.0,0.0,0.0,"[0,1,1,1,1,0]"
img869.jpg,"[1,1,1,0,0,0,0,0]",2.0,1.0,1.0,0.0,"[0,1,1,0,0,0]"
img978.jpg,"[0,0,0,0,1,0,0,0]",0.0,0.0,0.0,0.0,"[0,1,1,1,1,0]"
img98.jpg,"[1,0,0,1,0,0,0,0]",2.0,2.0,1.0,0.0,"[0,1,0,0,0,0]"
img1080.jpg,"[1,0,0,1,0,1,0,0]",2.0,1.0,0.0,0.0,"[0,1,0,0,0,0]"
img1159.jpg,"[1,0,0,0,1,0,0,0]",1.0,0.0,0.0,0.0,"[0,1,1,1,0,0]"
img1315.jpg,"[1,0,0,0,0,0,0,0]",1.0,0.0,0.0,0.0,"[0,1,1,1,0,0]"
img152.jpg,"[0,0,0,0,1,0,0,0]",0.0,0.0,0.0,0.0,"[0,1,1,1,1,0]"
img1644.jpg,"[1,0,0,0,0,0,0,0]",1.0,1.0,2.0,0.0,"[0,1,1,0,0,0]"
img1858.jpg,"[1,0,0,0,1,0,0,0]",2.0,0.0,0.0,0.0,"[0,1,1,0,0,0]"
img1867.jpg,"[0,0,0,0,0,1,0,0]",0.0,0.0,1.0,0.0,"[0,1,1,1,0,0]"
img1879.jpg,"[0,0,0,0,1,0,0,0]",0.0,0.0,0.0,0.0,"[0,1,1,1,1,0]"
img1881.jpg,"[0,0,1,0,0,0,0,0]",0.0,0.0,0.0,0.0,"[0,1,1,1,1,0]"
img1922.jpg,"[1,0,0,0,0,0,0,0]",1.0,0.0,0.0,0.0,"[0,1,1,0,0,0]"
img2231.jpg,"[0,0,0,0,0,1,0,0]",0.0,1.0,1.0,0.0,"[0,1,1,0,0,0]"
img2248.jpg,"[0,0,0,0,0,1,0,0]",0.0,1.0,1.0,0.0,"[0,1,1,1,0,0]"
img2496.jpg,"[1,0,0,1,0,0,0,0]",1.0,1.0,0.0,0.0,"[0,1,0,0,0,0]"
img2538.jpg,"[1,0,0,0,0,0,0,0]",2.0,0.0,0.0,0.0,"[0,1,1,1,0,0]"
img2595.jpg,"[1,0,0,0,0,0,0,0]",1.0,0.0,0.0,0.0,"[0,1,1,1,0,0]"
img2830.jpg,"[1,0,0,0,1,0,0,0]",1.0,0.0,0.0,0.0,"[0,1,1,1,0,0]"
img2849.jpg,"[1,0,0,0,1,0,0,0]",1.0,0.0,0.0,1.0,"[0,1,1,1,0,0]"
img2919.jpg,"[0,0,0,0,1,0,0,0]",0.0,1.0,0.0,0.0,"[0,1,1,1,1,0]"
img3010.jpg,"[1,0,0,0,0,0,0,0]",2.0,0.0,0.0,0.0,"[0,1,1,0,0,0]"
img3075.jpg,"[1,0,0,0,0,1,0,0]",1.0,1.0,1.0,0.0,"[0,1,1,0,0,0]"
img3082.jpg,"[1,0,0,1,0,0,0,0]",1.0,1.0,1.0,0.0,"[0,1,1,0,0,0]"
img3092.jpg,"[1,0,0,0,0,1,0,0]",2.0,1.0,1.0,0.0,"[0,1,1,0,0,0]"
img3099.jpg,"[1,0,0,0,0,1,0,0]",2.0,1.0,0.0,0.0,"[0,1,1,1,0,0]"
img3265.jpg,"[0,0,1,0,0,1,0,0]",0.0,0.0,1.0,0.0,"[0,1,1,1,1,1]"
img3376.jpg,"[1,1,1,0,0,0,0,0]",1.0,0.0,0.0,0.0,"[0,1,1,1,1,0]"
img3710.jpg,"[1,0,0,0,0,0,0,0]",1.0,0.0,1.0,0.0,"[0,1,1,1,0,0]"
img3759.jpg,"[0,0,0,0,1,0,0,0]",0.0,1.0,1.0,0.0,"[0,1,1,0,0,0]"
img377.jpg,"[0,0,0,0,0,0,0,0]",0.0,0.0,0.0,0.0,"[0,1,1,1,1,1]"
img3800.jpg,"[1,0,0,1,0,0,0,0]",1.0,1.0,0.0,0.0,"[0,1,1,0,0,0]"
img3944.jpg,"[1,0,0,0,1,0,0,0]",2.0,1.0,0.0,0.0,"[0,1,1,0,0,0]"
img4036.jpg,"[0,0,0,0,1,0,0,0]",0.0,1.0,0.0,0.0,"[0,1,1,1,1,0]"
img4039.jpg,"[0,0,0,0,0,0,1,0]",0.0,2.0,1.0,0.0,"[0,1,1,1,1,0]"
img4070.jpg,"[1,0,0,0,1,0,0,0]",1.0,0.0,0.0,0.0,"[0,1,1,1,0,0]"
img4195.jpg,"[0,0,0,0,0,0,0,0]",0.0,0.0,0.0,0.0,"[0,1,1,1,1,0]"
img4231.jpg,"[1,0,0,0,0,0,0,0]",1.0,0.0,0.0,0.0,"[0,1,1,1,0,0]"
img4252.jpg,"[1,0,0,0,0,0,0,0]",2.0,0.0,0.0,0.0,"[0,1,1,1,0,0]"
img4253.jpg,"[1,0,0,0,0,0,0,0]",2.0,0.0,0.0,0.0,"[0,1,1,1,0,0]"
img4263.jpg,"[1,1,0,0,0,1,0,0]",2.0,0.0,1.0,0.0,"[0,1,1,1,0,0]"
img4298.jpg,"[0,0,0,0,0,0,0,0]",0.0,0.0,0.0,0.0,"[0,1,1,1,1,1]"
img438.jpg,"[0,0,0,0,0,0,0,0]",0.0,0.0,0.0,0.0,"[0,1,1,1,1,1]"
img4383.jpg,"[0,0,1,0,0,0,0,0]",0.0,0.0,1.0,0.0,"[0,1,1,1,1,0]"
img4394.jpg,"[0,0,1,0,0,0,0,0]",0.0,0.0,1.0,1.0,"[0,1,1,0,0,0]"
img458.jpg,"[1,0,1,0,0,0,0,0]",2.0,0.0,0.0,0.0,"[0,1,1,1,0,0]"
img4597.jpg,"[0,0,0,0,0,0,0,0]",0.0,0.0,0.0,0.0,"[0,1,1,1,1,0]"
img4795.jpg,"[1,0,0,0,1,0,0,0]",2.0,1.0,0.0,0.0,"[0,1,1,1,0,0]"
img4849.jpg,"[0,0,0,0,0,1,0,0]",0.0,0.0,1.0,0.0,"[0,1,1,1,1,0]"
img493.jpg,"[1,0,0,0,0,0,0,0]",1.0,0.0,0.0,0.0,"[0,1,1,1,0,0]"
img705.jpg,"[1,0,0,0,0,0,0,0]",2.0,0.0,0.0,0.0,"[0,1,1,1,0,0]"
img772.jpg,"[0,0,1,0,0,0,0,0]",0.0,0.0,1.0,0.0,"[0,1,1,0,0,0]"
img838.jpg,"[1,0,0,0,1,0,0,0]",1.0,0.0,0.0,0.0,"[0,1,1,1,1,0]"
img1119.jpg,"[1,0,0,0,1,0,0,0]",2.0,0.0,0.0,0.0,"[0,1,1,1,0,0]"
img1217.jpg,"[1,1,0,0,0,0,0,0]",2.0,0.0,0.0,0.0,"[0,1,1,1,0,0]"
img1261.jpg,"[0,0,0,0,0,0,1,0]",0.0,2.0,0.0,0.0,"[0,1,0,0,0,0]"
img1380.jpg,"[1,1,0,0,0,1,0,0]",2.0,1.0,1.0,0.0,"[0,1,1,0,0,0]"
img1558.jpg,"[1,1,1,0,0,0,0,0]",2.0,0.0,0.0,0.0,"[0,1,1,1,0,0]"
img1683.jpg,"[1,1,0,0,0,0,0,0]",1.0,1.0,0.0,0.0,"[0,1,1,0,0,0]"
img1778.jpg,"[0,0,0,0,1,0,0,0]",0.0,0.0,0.0,0.0,"[0,1,1,1,1,0]"
img1889.jpg,"[0,0,0,0,0,0,0,0]",0.0,0.0,0.0,0.0,"[0,1,1,1,1,1]"
img200.jpg,"[1,0,0,0,0,0,0,0]",2.0,0.0,0.0,0.0,"[0,1,1,1,0,0]"
img2068.jpg,"[1,0,0,1,0,0,0,0]",2.0,2.0,1.0,0.0,"[1,0,0,0,0,0]"
img2095.jpg,"[1,0,1,0,0,0,0,0]",2.0,1.0,2.0,0.0,"[0,1,0,0,0,0]"
img2119.jpg,"[1,0,1,0,0,0,0,0]",1.0,0.0,2.0,0.0,"[0,1,0,0,0,0]"
img2122.jpg,"[1,0,1,0,0,0,0,0]",1.0,1.0,2.0,0.0,"[0,1,0,0,0,0]"
img2230.jpg,"[0,0,0,0,0,1,0,0]",0.0,1.0,0.0,0.0,"[0,1,1,0,0,0]"
img2383.jpg,"[1,0,0,1,0,0,0,0]",1.0,1.0,2.0,0.0,"[0,1,1,0,0,0]"
img2388.jpg,"[0,0,0,1,0,0,0,0]",0.0,1.0,0.0,0.0,"[0,1,1,0,0,0]"
img2499.jpg,"[1,1,0,0,0,0,0,0]",2.0,0.0,0.0,0.0,"[0,1,1,1,0,0]"
img2577.jpg,"[1,0,0,0,0,0,0,0]",1.0,0.0,0.0,0.0,"[0,1,1,1,0,0]"
img2723.jpg,"[0,0,0,0,0,0,0,0]",0.0,0.0,0.0,0.0,"[0,1,1,1,1,1]"
img2727.jpg,"[0,0,0,0,0,0,0,0]",0.0,0.0,0.0,0.0,"[0,1,1,1,1,1]"
img2873.jpg,"[0,0,1,0,0,0,0,0]",0.0,0.0,0.0,0.0,"[0,1,1,1,1,0]"
img3108.jpg,"[1,0,0,0,0,1,0,0]",2.0,1.0,1.0,0.0,"[0,1,1,0,0,0]"
img3131.jpg,"[1,0,0,0,0,1,0,0]",2.0,1.0,0.0,0.0,"[0,1,1,0,0,0]"
img3163.jpg,"[1,0,0,0,0,0,0,0]",2.0,0.0,0.0,0.0,"[0,1,1,1,0,0]"
img3227.jpg,"[0,0,0,0,0,1,0,0]",0.0,1.0,1.0,0.0,"[0,1,1,1,0,0]"
img323.jpg,"[0,0,0,0,0,0,0,0]",0.0,0.0,0.0,0.0,"[0,1,1,1,1,1]"
img3239.jpg,"[1,0,1,0,0,0,0,0]",1.0,0.0,0.0,0.0,"[0,1,1,1,0,0]"
img3325.jpg,"[1,0,1,0,0,0,0,0]",2.0,0.0,0.0,0.0,"[0,1,1,1,0,0]"
img3414.jpg,"[0,0,1,0,0,0,0,0]",0.0,0.0,1.0,0.0,"[0,1,1,0,0,0]"
img3569.jpg,"[1,0,1,0,0,0,0,0]",2.0,0.0,1.0,0.0,"[0,1,1,0,0,0]"
img3621.jpg,"[1,0,1,0,0,0,0,0]",2.0,0.0,1.0,0.0,"[0,1,1,0,0,0]"
img3695.jpg,"[1,1,0,0,0,0,0,0]",1.0,0.0,0.0,0.0,"[0,1,1,1,0,0]"
img3752.jpg,"[0,0,0,0,1,0,0,0]",0.0,1.0,0.0,0.0,"[0,1,1,0,0,0]"
img4198.jpg,"[0,0,0,0,0,0,0,0]",0.0,0.0,0.0,0.0,"[0,1,1,0,0,0]"
img4397.jpg,"[1,0,1,0,0,0,0,0]",1.0,0.0,0.0,0.0,"[0,1,1,0,0,0]"
img4575.jpg,"[0,0,0,0,0,0,0,0]",0.0,0.0,0.0,0.0,"[0,1,1,1,0,0]"
img4635.jpg,"[1,0,0,0,0,0,0,0]",2.0,0.0,0.0,0.0,"[0,1,1,1,0,0]"
img4779.jpg,"[1,0,0,1,0,0,0,0]",1.0,1.0,0.0,0.0,"[0,1,1,0,0,0]"
img4822.jpg,"[1,0,0,0,0,0,0,0]",1.0,0.0,0.0,0.0,"[0,1,1,1,0,0]"
img4906.jpg,"[1,0,1,0,0,0,0,0]",2.0,0.0,0.0,0.0,"[0,1,1,1,0,0]"
img491.jpg,"[0,0,0,0,0,0,0,0]",0.0,0.0,0.0,0.0,"[0,1,1,1,1,1]"
img4957.jpg,"[0,0,1,0,0,0,0,0]",0.0,0.0,0.0,0.0,"[0,1,1,1,0,0]"
img4965.jpg,"[0,0,0,0,0,0,0,0]",0.0,0.0,0.0,0.0,"[0,1,1,1,1,1]"
img4980.jpg,"[0,0,0,0,0,0,0,0]",0.0,0.0,0.0,0.0,"[0,1,1,1,1,1]"
img535.jpg,"[1,0,0,0,0,0,0,0]",1.0,0.0,0.0,0.0,"[0,1,1,1,1,0]"
img701.jpg,"[1,1,0,0,0,0,0,0]",2.0,0.0,0.0,0.0,"[0,1,1,1,0,0]"
img712.jpg,"[1,1,0,0,0,0,0,0]",2.0,0.0,0.0,0.0,"[0,1,1,1,0,0]"
img714.jpg,"[0,0,0,0,0,1,0,0]",0.0,0.0,1.0,0.0,"[0,1,1,1,1,0]"
img823.jpg,"[1,0,0,0,1,0,0,0]",1.0,0.0,0.0,0.0,"[0,1,1,1,0,0]"
img946.jpg,"[0,0,0,0,0,0,0,0]",0.0,0.0,0.0,0.0,"[0,1,1,1,1,0]"
img1108.jpg,"[1,0,1,0,0,0,0,0]",2.0,0.0,0.0,0.0,"[0,1,1,1,0,0]"
img1111.jpg,"[1,0,1,0,0,0,0,0]",1.0,0.0,0.0,0.0,"[0,1,1,1,0,0]"
img1243.jpg,"[0,0,1,0,0,0,0,0]",0.0,0.0,2.0,0.0,"[0,1,0,0,0,0]"
img1313.jpg,"[0,0,0,0,0,0,0,0]",0.0,0.0,0.0,0.0,"[0,1,1,1,1,0]"
img1317.jpg,"[0,0,0,0,0,0,0,0]",0.0,0.0,0.0,0.0,"[0,1,1,1,1,0]"
img1338.jpg,"[1,1,0,0,0,0,0,0]",2.0,0.0,0.0,0.0,"[0,1,1,1,0,0]"
img1422.jpg,"[0,0,0,1,0,0,0,0]",0.0,1.0,0.0,0.0,"[0,1,1,1,0,0]"
img1580.jpg,"[1,0,1,0,0,0,0,0]",2.0,0.0,0.0,0.0,"[0,1,1,1,0,0]"
img1696.jpg,"[1,1,0,0,0,0,0,0]",1.0,1.0,0.0,0.0,"[0,1,1,0,0,0]"
img1808.jpg,"[0,0,0,0,1,0,0,0]",0.0,0.0,0.0,0.0,"[0,1,1,1,1,0]"
img1846.jpg,"[0,0,0,0,1,0,0,0]",0.0,0.0,0.0,0.0,"[0,1,1,1,1,0]"
img1857.jpg,"[0,0,0,0,1,0,0,0]",0.0,0.0,0.0,0.0,"[0,1,1,1,1,0]"
img1885.jpg,"[0,0,0,0,1,0,0,0]",0.0,0.0,0.0,0.0,"[0,1,1,1,1,0]"
img1969.jpg,"[0,0,0,0,0,1,0,0]",0.0,1.0,1.0,0.0,"[0,1,1,1,0,0]"
img2005.jpg,"[1,0,0,1,0,0,0,0]",1.0,1.0,0.0,0.0,"[0,1,1,0,0,0]"
img2049.jpg,"[1,0,1,0,0,0,0,0]",1.0,1.0,2.0,0.0,"[0,1,1,0,0,0]"
img2124.jpg,"[1,0,0,1,0,0,0,0]",0.0,0.0,2.0,0.0,"[0,1,1,0,0,0]"
img2126.jpg,"[1,0,1,0,0,0,0,0]",1.0,0.0,2.0,0.0,"[0,1,1,0,0,0]"
img2367.jpg,"[1,0,0,1,0,0,0,0]",1.0,1.0,2.0,0.0,"[0,1,1,0,0,0]"
img2578.jpg,"[1,0,0,0,0,0,0,0]",1.0,0.0,0.0,0.0,"[0,1,1,1,0,0]"
img260.jpg,"[1,1,0,0,0,0,0,0]",2.0,0.0,0.0,0.0,"[0,1,1,1,0,0]"
img2606.jpg,"[0,0,0,0,0,0,0,0]",0.0,0.0,0.0,0.0,"[0,1,1,1,1,0]"
img2719.jpg,"[0,0,0,0,0,0,0,0]",0.0,0.0,0.0,0.0,"[0,1,1,1,1,0]"
img2912.jpg,"[1,1,1,0,1,0,0,0]",2.0,1.0,1.0,0.0,"[0,1,1,0,0,0]"
img3217.jpg,"[1,0,0,0,0,1,0,0]",2.0,1.0,1.0,0.0,"[0,1,1,0,0,0]"
img3223.jpg,"[0,0,0,0,0,1,0,0]",0.0,1.0,1.0,0.0,"[0,1,1,0,0,0]"
img3228.jpg,"[0,0,0,0,0,1,0,0]",0.0,0.0,1.0,0.0,"[0,1,1,1,1,0]"
img3422.jpg,"[0,0,1,0,0,0,0,0]",0.0,0.0,1.0,0.0,"[0,1,1,0,0,0]"
img3485.jpg,"[1,0,1,0,0,0,0,0]",2.0,0.0,2.0,1.0,"[0,1,0,0,0,0]"
img359.jpg,"[0,0,0,0,0,0,0,0]",0.0,0.0,0.0,0.0,"[0,1,1,1,1,1]"
img3612.jpg,"[0,0,0,0,0,0,0,0]",0.0,0.0,0.0,0.0,"[0,1,1,1,0,0]"
img3632.jpg,"[1,0,1,0,0,0,0,0]",2.0,0.0,1.0,0.0,"[0,1,1,1,0,0]"
img3750.jpg,"[1,0,0,0,1,0,0,0]",1.0,1.0,1.0,0.0,"[0,1,1,0,0,0]"
img3867.jpg,"[1,0,0,0,1,0,0,0]",1.0,0.0,0.0,0.0,"[0,1,1,0,0,0]"
img3996.jpg,"[1,0,1,0,0,1,0,0]",1.0,1.0,1.0,0.0,"[0,1,1,0,0,0]"
img4061.jpg,"[1,1,0,0,1,0,0,0]",2.0,0.0,0.0,0.0,"[0,1,1,1,0,0]"
img4269.jpg,"[1,1,0,0,0,1,0,0]",2.0,0.0,0.0,0.0,"[0,1,1,0,0,0]"
img4356.jpg,"[1,0,0,1,0,0,0,0]",1.0,1.0,0.0,0.0,"[0,1,1,1,0,0]"
img4403.jpg,"[0,0,1,0,0,0,0,0]",0.0,0.0,0.0,0.0,"[0,1,1,0,0,0]"
img4448.jpg,"[1,0,1,0,0,0,0,0]",2.0,0.0,0.0,0.0,"[0,1,1,1,0,0]"
img4483.jpg,"[0,0,0,0,0,0,0,0]",0.0,0.0,0.0,0.0,"[0,1,1,1,0,0]"
img4521.jpg,"[0,0,0,0,0,0,0,0]",0.0,0.0,0.0,0.0,"[0,1,1,1,1,1]"
img4641.jpg,"[0,0,0,0,0,0,0,0]",0.0,0.0,0.0,0.0,"[0,1,1,1,1,1]"
img4700.jpg,"[0,0,0,0,1,0,0,0]",0.0,0.0,0.0,0.0,"[0,1,1,1,0,0]"
img4711.jpg,"[0,0,0,0,0,0,0,0]",0.0,0.0,0.0,0.0,"[0,1,1,1,0,0]"
img4740.jpg,"[1,0,0,1,0,0,0,0]",1.0,2.0,0.0,0.0,"[0,1,0,0,0,0]"
img479.jpg,"[1,1,0,0,1,0,0,0]",1.0,0.0,0.0,0.0,"[0,1,1,1,0,0]"
img513.jpg,"[1,0,0,0,0,0,0,0]",2.0,0.0,0.0,0.0,"[0,1,1,1,0,0]"
img60.jpg,"[1,0,1,0,0,0,0,0]",2.0,0.0,0.0,0.0,"[0,1,1,1,0,0]"
img703.jpg,"[1,1,0,0,0,0,0,0]",2.0,0.0,0.0,0.0,"[0,1,1,0,0,0]"
img1023.jpg,"[1,1,1,0,0,0,0,0]",2.0,0.0,0.0,0.0,"[0,1,1,1,0,0]"
img1070.jpg,"[1,0,1,0,0,1,0,0]",2.0,1.0,0.0,0.0,"[0,1,1,1,0,0]"
img1229.jpg,"[0,0,1,0,0,0,0,0]",0.0,0.0,1.0,0.0,"[0,1,1,0,0,0]"
img1334.jpg,"[1,0,0,0,0,0,0,0]",1.0,0.0,0.0,0.0,"[0,1,1,1,0,0]"
img1467.jpg,"[1,1,1,0,1,0,0,0]",2.0,0.0,0.0,0.0,"[0,1,1,1,0,0]"
img1678.jpg,"[1,0,0,0,1,0,0,0]",1.0,0.0,0.0,0.0,"[0,1,1,0,0,0]"
img175.jpg,"[1,0,1,0,0,0,0,0]",1.0,1.0,2.0,0.0,"[0,1,1,0,0,0]"
img1773.jpg,"[0,0,0,0,1,0,0,0]",0.0,0.0,0.0,0.0,"[0,1,1,1,1,0]"
img1983.jpg,"[0,0,0,0,0,1,0,0]",0.0,0.0,1.0,0.0,"[0,1,1,1,1,0]"
img2109.jpg,"[1,0,0,1,0,0,0,0]",2.0,0.0,2.0,0.0,"[0,1,1,0,0,0]"
img2240.jpg,"[0,0,0,0,0,1,0,0]",0.0,1.0,1.0,0.0,"[0,1,1,0,0,0]"
img2315.jpg,"[1,0,0,1,0,0,0,0]",1.0,2.0,2.0,0.0,"[1,0,0,0,0,0]"
img2323.jpg,"[1,0,0,0,1,0,0,0]",2.0,1.0,1.0,0.0,"[0,1,1,0,0,0]"
img2394.jpg,"[1,0,0,1,0,0,0,0]",0.0,1.0,2.0,0.0,"[0,1,0,0,0,0]"
img2492.jpg,"[1,0,0,1,0,0,0,0]",1.0,2.0,2.0,0.0,"[1,0,0,0,0,0]"
img2500.jpg,"[1,0,0,1,0,0,0,0]",2.0,1.0,1.0,0.0,"[0,1,0,0,0,0]"
img2503.jpg,"[1,0,0,1,0,0,0,0]",2.0,1.0,1.0,0.0,"[0,1,0,0,0,0]"
img2518.jpg,"[1,0,0,1,0,0,0,0]",2.0,2.0,1.0,0.0,"[1,0,0,0,0,0]"
img2738.jpg,"[0,0,0,0,0,0,0,0]",0.0,0.0,0.0,0.0,"[0,1,1,1,1,1]"
img2831.jpg,"[1,0,0,0,1,0,0,0]",1.0,0.0,0.0,0.0,"[0,1,0,0,0,0]"
img2852.jpg,"[1,0,0,0,1,0,0,0]",1.0,0.0,0.0,0.0,"[0,1,1,0,0,0]"
img2888.jpg,"[1,0,0,1,0,0,0,0]",2.0,0.0,0.0,0.0,"[0,1,1,0,0,0]"
img2980.jpg,"[1,0,0,0,1,0,0,0]",1.0,1.0,0.0,0.0,"[0,1,1,0,0,0]"
img3132.jpg,"[0,0,0,0,0,1,0,0]",0.0,0.0,0.0,0.0,"[0,1,1,1,0,0]"
img3367.jpg,"[1,1,0,0,0,0,0,0]",0.0,0.0,0.0,1.0,"[0,1,1,0,0,0]"
img3449.jpg,"[0,0,1,0,0,0,0,0]",0.0,0.0,0.0,0.0,"[0,1,1,1,0,0]"
img3545.jpg,"[0,0,0,0,0,0,0,0]",0.0,0.0,0.0,0.0,"[0,1,1,1,0,0]"
img3744.jpg,"[1,1,0,0,0,0,0,0]",1.0,0.0,0.0,0.0,"[0,1,1,0,0,0]"
img3760.jpg,"[1,0,0,0,0,0,1,0]",1.0,2.0,0.0,0.0,"[0,1,0,0,0,0]"
img3762.jpg,"[0,0,0,0,0,0,1,0]",0.0,2.0,1.0,0.0,"[0,1,0,0,0,0]"
img3827.jpg,"[1,0,0,0,0,0,0,0]",2.0,0.0,0.0,0.0,"[0,1,1,0,0,0]"
img3836.jpg,"[1,0,0,0,1,0,0,0]",0.0,0.0,0.0,0.0,"[0,1,1,1,0,0]"
img3877.jpg,"[0,0,0,0,1,0,0,0]",0.0,1.0,0.0,0.0,"[0,1,1,1,0,0]"
img3879.jpg,"[0,0,0,0,1,0,0,0]",0.0,0.0,0.0,0.0,"[0,1,1,1,0,0]"
img4038.jpg,"[0,0,0,0,0,0,1,0]",0.0,2.0,1.0,0.0,"[0,1,1,0,0,0]"
img4096.jpg,"[0,0,0,0,0,0,0,0]",0.0,0.0,0.0,0.0,"[0,1,1,1,1,0]"
img4102.jpg,"[1,0,0,0,0,0,0,0]",1.0,0.0,0.0,0.0,"[1,0,0,0,0,0]"
img4110.jpg,"[1,0,0,0,0,1,0,0]",2.0,1.0,0.0,0.0,"[0,1,1,0,0,0]"
img4228.jpg,"[1,0,0,0,0,0,0,0]",2.0,0.0,0.0,0.0,"[0,1,1,1,0,0]"
img4398.jpg,"[1,0,1,0,0,0,0,0]",1.0,0.0,0.0,1.0,"[0,1,1,0,0,0]"
img4407.jpg,"[0,0,0,0,0,0,0,0]",0.0,0.0,0.0,0.0,"[0,1,1,0,0,0]"
img450.jpg,"[0,0,0,0,0,0,0,0]",0.0,0.0,0.0,0.0,"[0,1,1,1,0,0]"
img4694.jpg,"[0,0,0,0,1,0,0,0]",0.0,0.0,0.0,0.0,"[0,1,1,1,1,0]"
img474.jpg,"[1,1,0,0,1,0,0,0]",2.0,0.0,0.0,0.0,"[0,1,1,1,0,0]"
img4803.jpg,"[0,0,0,0,1,0,0,0]",0.0,1.0,0.0,0.0,"[0,1,1,1,0,0]"
img541.jpg,"[0,0,0,0,0,0,0,0]",0.0,0.0,0.0,0.0,"[0,1,1,1,1,1]"
img548.jpg,"[1,0,0,0,0,0,0,0]",2.0,0.0,0.0,0.0,"[0,1,1,1,0,0]"
img847.jpg,"[1,0,0,0,1,0,0,0]",1.0,0.0,0.0,0.0,"[0,1,1,1,1,0]"
img947.jpg,"[0,0,0,0,0,0,0,0]",0.0,0.0,0.0,0.0,"[0,1,1,1,0,0]"
img996.jpg,"[0,0,0,0,1,0,0,0]",0.0,0.0,0.0,0.0,"[0,1,1,1,1,0]"
img1042.jpg,"[1,1,0,0,1,0,0,0]",2.0,1.0,0.0,0.0,"[0,1,1,1,0,0]"
img1045.jpg,"[1,1,0,0,1,0,0,0]",2.0,1.0,0.0,0.0,"[0,1,1,1,0,0]"
img1115.jpg,"[1,0,1,0,0,0,0,0]",1.0,0.0,0.0,0.0,"[0,1,1,1,0,0]"
img1142.jpg,"[1,0,0,0,1,0,0,0]",2.0,0.0,0.0,0.0,"[0,1,1,1,0,0]"
img1169.jpg,"[1,1,0,1,0,0,0,0]",2.0,1.0,0.0,0.0,"[0,1,1,0,0,0]"
img1237.jpg,"[1,0,1,0,0,0,0,0]",1.0,0.0,1.0,0.0,"[0,1,1,0,0,0]"
img1283.jpg,"[1,0,0,0,0,1,0,0]",2.0,2.0,1.0,0.0,"[0,1,0,0,0,0]"
img1362.jpg,"[1,0,0,0,0,0,0,0]",1.0,0.0,0.0,0.0,"[0,1,1,1,0,0]"
img1384.jpg,"[0,0,0,0,0,1,0,0]",0.0,1.0,1.0,0.0,"[0,1,1,1,0,0]"
img173.jpg,"[1,0,1,0,0,0,0,0]",2.0,1.0,2.0,0.0,"[0,1,0,0,0,0]"
img2006.jpg,"[1,0,0,1,0,0,0,0]",2.0,1.0,2.0,0.0,"[0,1,1,0,0,0]"
img2037.jpg,"[1,0,1,0,0,0,0,0]",2.0,1.0,2.0,1.0,"[0,1,0,0,0,0]"
img2089.jpg,"[1,0,0,1,0,0,0,0]",2.0,2.0,1.0,0.0,"[1,0,0,0,0,0]"
img2329.jpg,"[1,1,0,0,1,0,0,0]",2.0,1.0,0.0,0.0,"[0,1,1,1,0,0]"
img2363.jpg,"[1,0,1,0,0,0,0,0]",2.0,0.0,0.0,0.0,"[0,1,1,0,0,0]"
img2430.jpg,"[0,0,0,0,0,0,0,0]",0.0,0.0,0.0,0.0,"[0,1,1,1,0,0]"
img2800.jpg,"[0,0,0,0,1,0,0,0]",0.0,1.0,0.0,0.0,"[0,1,1,1,1,0]"
img2825.jpg,"[1,0,0,0,1,0,0,0]",2.0,0.0,0.0,0.0,"[0,1,1,1,0,0]"
img2892.jpg,"[1,0,0,0,0,0,0,0]",2.0,0.0,0.0,0.0,"[0,1,1,1,0,0]"
img291.jpg,"[1,0,0,0,0,0,0,0]",2.0,0.0,0.0,0.0,"[0,1,1,0,0,0]"
img2911.jpg,"[0,0,0,0,1,0,0,0]",0.0,1.0,0.0,0.0,"[0,1,1,0,0,0]"
img2920.jpg,"[1,1,0,0,1,0,0,0]",2.0,1.0,0.0,0.0,"[0,1,1,0,0,0]"
img2951.jpg,"[1,0,0,0,0,0,0,0]",1.0,0.0,0.0,1.0,"[0,1,1,0,0,0]"
img2954.jpg,"[1,0,0,0,0,0,0,0]",1.0,0.0,0.0,0.0,"[0,1,1,0,0,0]"
img3066.jpg,"[1,1,0,0,0,0,0,0]",1.0,1.0,2.0,0.0,"[0,1,1,0,0,0]"
img3095.jpg,"[1,1,0,0,0,1,0,0]",2.0,1.0,1.0,0.0,"[0,1,1,0,0,0]"
img3199.jpg,"[1,0,0,0,0,1,0,0]",1.0,1.0,1.0,0.0,"[0,1,1,1,0,0]"
img3396.jpg,"[0,0,1,0,0,0,0,0]",0.0,0.0,1.0,0.0,"[0,1,1,0,0,0]"
img3410.jpg,"[0,0,1,0,0,0,0,0]",0.0,0.0,1.0,0.0,"[0,1,1,0,0,0]"
img3438.jpg,"[0,0,1,0,0,0,0,0]",0.0,0.0,0.0,0.0,"[0,1,1,1,1,0]"
img3464.jpg,"[0,0,1,0,0,0,0,0]",0.0,0.0,0.0,0.0,"[0,1,1,1,1,0]"
img3616.jpg,"[1,0,1,0,0,0,0,0]",1.0,0.0,1.0,0.0,"[0,1,1,0,0,0]"
img3622.jpg,"[1,0,0,0,0,0,0,0]",2.0,0.0,0.0,0.0,"[0,1,1,1,0,0]"
img365.jpg,"[0,0,0,0,0,0,0,0]",0.0,0.0,0.0,0.0,"[0,1,1,1,1,1]"
img3718.jpg,"[1,1,1,0,0,0,0,0]",2.0,0.0,1.0,0.0,"[0,1,1,1,0,0]"
img3819.jpg,"[0,0,0,0,1,0,0,0]",0.0,0.0,0.0,0.0,"[0,1,1,1,0,0]"
img4193.jpg,"[0,0,0,0,0,0,0,0]",0.0,0.0,0.0,0.0,"[0,1,1,1,1,1]"
img4418.jpg,"[0,0,0,0,0,0,0,0]",0.0,0.0,0.0,0.0,"[0,1,1,1,1,0]"
img4613.jpg,"[1,0,0,0,0,0,0,0]",2.0,0.0,0.0,0.0,"[0,1,1,1,0,0]"
img4621.jpg,"[0,0,0,0,0,0,0,0]",0.0,0.0,0.0,0.0,"[0,1,1,1,0,0]"
img4656.jpg,"[1,0,0,0,0,0,0,0]",1.0,0.0,0.0,0.0,"[0,1,1,1,0,0]"
img4671.jpg,"[1,0,0,0,0,0,0,0]",2.0,0.0,0.0,0.0,"[0,1,1,1,0,0]"
img47.jpg,"[1,1,0,1,0,0,0,0]",1.0,1.0,0.0,0.0,"[0,1,0,0,0,0]"
img4790.jpg,"[0,0,0,0,1,0,0,0]",0.0,1.0,0.0,0.0,"[0,1,1,1,0,0]"
img49.jpg,"[1,0,0,0,0,0,1,0]",1.0,1.0,0.0,0.0,"[0,1,0,0,0,0]"
img4909.jpg,"[0,0,1,0,0,0,0,0]",0.0,0.0,0.0,0.0,"[0,1,1,1,1,0]"
img525.jpg,"[0,0,0,0,0,0,0,0]",0.0,0.0,0.0,0.0,"[0,1,1,1,1,1]"
img711.jpg,"[1,0,0,0,0,0,0,0]",2.0,0.0,0.0,0.0,"[0,1,1,1,0,0]"
img758.jpg,"[0,0,1,0,0,0,0,0]",0.0,0.0,1.0,0.0,"[0,1,1,0,0,0]"
img901.jpg,"[0,0,1,0,0,0,0,0]",0.0,0.0,0.0,0.0,"[0,1,1,1,1,0]"
img1014.jpg,"[1,1,0,0,1,0,0,0]",2.0,1.0,0.0,0.0,"[0,1,1,1,0,0]"
img1130.jpg,"[1,0,1,0,1,0,0,0]",1.0,0.0,0.0,0.0,"[0,1,1,1,0,0]"
img1175.jpg,"[0,0,0,0,0,0,0,0]",0.0,0.0,0.0,0.0,"[0,1,1,1,1,0]"
img1331.jpg,"[0,0,0,0,0,0,0,0]",0.0,0.0,0.0,0.0,"[0,1,1,1,0,0]"
img1396.jpg,"[1,1,0,0,0,1,0,0]",2.0,1.0,1.0,0.0,"[0,1,1,1,0,0]"
img1474.jpg,"[1,0,0,0,1,0,0,0]",2.0,0.0,0.0,0.0,"[0,1,1,1,0,0]"
img1482.jpg,"[1,0,0,0,0,0,0,0]",2.0,0.0,0.0,0.0,"[0,1,1,0,0,0]"
img1527.jpg,"[0,0,1,0,0,0,0,0]",0.0,1.0,2.0,0.0,"[0,1,0,0,0,0]"
img1647.jpg,"[1,0,0,0,0,0,0,0]",1.0,1.0,2.0,0.0,"[0,1,1,0,0,0]"
img1800.jpg,"[0,0,1,0,0,0,0,0]",0.0,0.0,0.0,0.0,"[0,1,1,0,0,0]"
img1841.jpg,"[0,0,0,0,0,0,0,0]",0.0,0.0,0.0,0.0,"[0,1,1,1,1,1]"
img20.jpg,"[1,0,0,0,1,0,0,0]",0.0,1.0,1.0,0.0,"[0,1,1,0,0,0]"
img2039.jpg,"[1,0,1,0,0,0,0,0]",2.0,1.0,1.0,0.0,"[0,1,0,0,0,0]"
img2088.jpg,"[1,0,0,1,0,0,0,0]",2.0,2.0,1.0,0.0,"[0,1,0,0,0,0]"
img2227.jpg,"[1,0,0,0,0,1,0,0]",2.0,1.0,1.0,0.0,"[0,1,1,0,0,0]"
img25.jpg,"[0,0,0,0,0,0,1,0]",0.0,2.0,2.0,0.0,"[1,0,0,0,0,0]"
img2507.jpg,"[1,0,0,1,0,0,0,0]",2.0,2.0,1.0,0.0,"[0,1,1,0,0,0]"
img2553.jpg,"[1,0,0,0,0,0,0,0]",2.0,0.0,0.0,0.0,"[0,1,1,1,0,0]"
img2818.jpg,"[1,0,0,0,1,0,0,0]",1.0,0.0,0.0,0.0,"[0,1,1,0,0,0]"
img2823.jpg,"[1,0,0,0,1,0,0,0]",1.0,0.0,0.0,0.0,"[0,1,1,0,0,0]"
img2997.jpg,"[1,0,0,0,0,0,0,0]",2.0,0.0,0.0,0.0,"[0,1,1,0,0,0]"
img3038.jpg,"[0,0,0,0,0,0,0,0]",0.0,1.0,2.0,0.0,"[0,1,1,0,0,0]"
img3047.jpg,"[0,0,1,0,0,0,0,0]",0.0,0.0,2.0,0.0,"[0,1,1,0,0,0]"
img3100.jpg,"[1,1,0,0,0,1,0,0]",2.0,1.0,1.0,0.0,"[0,1,1,0,0,0]"
img3276.jpg,"[1,0,0,0,0,0,0,0]",2.0,0.0,0.0,0.0,"[0,1,1,1,0,0]"
img3338.jpg,"[1,0,0,0,0,0,0,0]",2.0,0.0,0.0,1.0,"[0,1,1,0,0,0]"
img3411.jpg,"[0,0,1,0,0,0,0,0]",0.0,0.0,1.0,0.0,"[0,1,1,0,0,0]"
img3434.jpg,"[0,0,1,0,0,0,0,0]",0.0,0.0,1.0,0.0,"[0,1,1,0,0,0]"
img3483.jpg,"[1,0,0,0,0,0,0,0]",2.0,1.0,2.0,1.0,"[0,1,0,0,0,0]"
img3534.jpg,"[0,0,1,0,0,0,0,0]",0.0,0.0,1.0,0.0,"[0,1,1,0,0,0]"
img3624.jpg,"[1,0,1,0,0,0,0,0]",1.0,0.0,1.0,0.0,"[0,1,1,0,0,0]"
img3648.jpg,"[1,1,1,0,0,0,0,0]",2.0,0.0,0.0,0.0,"[0,1,1,1,0,0]"
img3796.jpg,"[1,1,0,0,0,0,0,0]",1.0,0.0,0.0,0.0,"[0,1,1,1,0,0]"
img3833.jpg,"[0,0,1,0,0,0,0,0]",0.0,0.0,1.0,0.0,"[0,1,1,0,0,0]"
img3909.jpg,"[1,0,0,0,1,0,0,0]",2.0,1.0,0.0,0.0,"[0,1,1,1,0,0]"
img4044.jpg,"[0,0,1,0,0,0,1,0]",0.0,2.0,1.0,0.0,"[0,1,0,0,0,0]"
img4082.jpg,"[1,0,0,0,0,0,0,0]",1.0,0.0,0.0,0.0,"[1,0,0,0,0,0]"
img4117.jpg,"[1,0,0,1,0,0,0,0]",2.0,2.0,1.0,0.0,"[1,0,0,0,0,0]"
img4323.jpg,"[0,0,1,0,0,0,0,0]",0.0,0.0,0.0,0.0,"[0,1,1,1,1,1]"
img4337.jpg,"[1,0,0,1,0,0,0,0]",1.0,1.0,0.0,0.0,"[0,1,1,0,0,0]"
img4362.jpg,"[1,0,0,1,0,0,0,0]",1.0,1.0,0.0,0.0,"[0,1,1,0,0,0]"
img4415.jpg,"[1,1,0,0,0,0,0,0]",2.0,0.0,1.0,0.0,"[0,1,1,0,0,0]"
img4456.jpg,"[0,0,0,0,0,0,0,0]",0.0,0.0,0.0,0.0,"[0,1,1,1,0,0]"
img4765.jpg,"[1,0,0,0,0,0,0,0]",2.0,0.0,0.0,1.0,"[0,1,1,0,0,0]"
img4888.jpg,"[0,0,0,0,1,0,0,0]",0.0,0.0,0.0,0.0,"[0,1,1,1,1,0]"
img4919.jpg,"[0,0,0,0,0,0,0,0]",0.0,0.0,0.0,0.0,"[0,1,1,1,1,1]"
img4970.jpg,"[1,0,0,0,0,0,0,0]",1.0,0.0,0.0,0.0,"[0,1,1,1,0,0]"
img561.jpg,"[0,0,0,0,0,0,0,0]",0.0,0.0,0.0,0.0,"[0,1,1,1,1,1]"
img589.jpg,"[1,0,0,0,0,0,0,0]",2.0,0.0,0.0,0.0,"[0,1,1,1,0,0]"
img879.jpg,"[1,1,0,0,0,0,0,0]",1.0,0.0,1.0,0.0,"[0,1,1,0,0,0]"
img106.jpg,"[1,0,0,0,1,0,0,0]",1.0,0.0,0.0,0.0,"[0,1,1,1,0,0]"
img1268.jpg,"[1,0,0,0,0,1,0,0]",1.0,2.0,1.0,0.0,"[0,1,0,0,0,0]"
img133.jpg,"[0,0,0,0,1,0,0,0]",0.0,0.0,0.0,0.0,"[0,1,1,1,1,0]"
img1454.jpg,"[1,0,1,0,0,0,0,0]",1.0,0.0,0.0,1.0,"[0,1,1,1,0,0]"
img1641.jpg,"[1,0,0,0,0,0,0,0]",2.0,1.0,1.0,0.0,"[0,1,1,0,0,0]"
img1758.jpg,"[1,0,0,0,0,0,0,0]",1.0,0.0,0.0,0.0,"[0,1,1,1,0,0]"
img1863.jpg,"[0,0,0,0,1,0,0,0]",0.0,0.0,0.0,0.0,"[0,1,1,1,1,0]"
img1871.jpg,"[0,0,1,0,0,0,0,0]",0.0,0.0,0.0,0.0,"[0,1,1,1,1,0]"
img2284.jpg,"[1,0,0,1,0,0,0,0]",2.0,2.0,1.0,,"[1,0,0,0,0,0]"
img2618.jpg,"[1,1,0,0,0,0,0,0]",2.0,0.0,0.0,0.0,"[0,1,1,1,0,0]"
img262.jpg,"[1,1,0,0,0,0,0,0]",2.0,0.0,0.0,0.0,"[0,1,1,1,0,0]"
img2850.jpg,"[1,0,0,0,1,0,0,0]",1.0,0.0,0.0,0.0,"[0,1,1,0,0,0]"
img2935.jpg,"[0,0,0,0,0,1,0,0]",0.0,0.0,1.0,0.0,"[0,1,1,1,1,0]"
img2962.jpg,"[1,0,0,0,0,0,0,0]",1.0,0.0,0.0,0.0,"[0,1,1,0,0,0]"
img2967.jpg,"[1,0,0,0,0,0,0,0]",1.0,0.0,0.0,1.0,"[0,1,1,0,0,0]"
img2971.jpg,"[1,0,0,0,0,0,0,0]",1.0,0.0,0.0,0.0,"[0,1,1,0,0,0]"
img3090.jpg,"[1,0,1,0,0,1,0,0]",1.0,1.0,1.0,0.0,"[0,1,1,0,0,0]"
img3117.jpg,"[1,1,0,0,0,1,0,0]",2.0,1.0,0.0,0.0,"[0,1,1,0,0,0]"
img3167.jpg,"[1,0,0,0,0,1,0,0]",1.0,1.0,0.0,0.0,"[0,1,1,1,0,0]"
img3178.jpg,"[1,0,0,0,0,1,0,0]",2.0,1.0,0.0,0.0,"[0,1,1,0,0,0]"
img3242.jpg,"[1,0,1,0,0,0,0,0]",1.0,0.0,0.0,0.0,"[0,1,1,0,0,0]"
img3295.jpg,"[1,0,1,0,0,0,0,0]",2.0,0.0,0.0,0.0,"[0,1,1,1,0,0]"
img346.jpg,"[0,0,0,0,0,0,0,0]",0.0,0.0,0.0,0.0,"[0,1,1,0,0,0]"
img3486.jpg,"[0,0,0,0,0,0,0,0]",0.0,0.0,2.0,0.0,"[0,1,1,0,0,0]"
img3499.jpg,"[1,0,1,0,0,0,0,0]",2.0,1.0,2.0,1.0,"[0,1,0,0,0,0]"
img3694.jpg,"[0,0,1,0,0,0,0,0]",1.0,0.0,0.0,1.0,"[0,1,1,1,0,0]"
img3707.jpg,"[1,0,0,0,0,0,0,0]",2.0,0.0,1.0,0.0,"[0,1,1,0,0,0]"
img3772.jpg,"[1,0,0,0,1,0,0,0]",1.0,0.0,0.0,0.0,"[0,1,1,1,0,0]"
img379.jpg,"[0,0,1,0,0,0,0,0]",0.0,0.0,0.0,0.0,"[0,1,1,1,1,0]"
img3952.jpg,"[1,0,0,1,0,0,0,0]",2.0,1.0,1.0,0.0,"[0,1,0,0,0,0]"
img3965.jpg,"[1,0,0,0,0,1,0,0]",1.0,1.0,1.0,0.0,"[0,1,1,0,0,0]"
img4180.jpg,"[1,0,0,0,0,0,0,0]",2.0,0.0,0.0,0.0,"[0,1,1,1,0,0]"
img4200.jpg,"[1,0,0,0,0,0,0,0]",2.0,0.0,0.0,0.0,"[0,1,1,1,0,0]"
img4205.jpg,"[1,0,0,0,0,0,0,0]",2.0,0.0,0.0,0.0,"[0,1,1,1,0,0]"
img4254.jpg,"[1,0,0,0,0,0,0,0]",2.0,0.0,0.0,0.0,"[0,1,1,1,0,0]"
img4255.jpg,"[1,0,0,0,0,0,0,0]",1.0,0.0,0.0,0.0,"[0,1,1,1,0,0]"
img4276.jpg,"[1,1,0,0,1,1,0,0]",2.0,1.0,1.0,0.0,"[0,1,1,1,0,0]"
img4295.jpg,"[0,0,0,0,0,0,0,0]",0.0,0.0,0.0,0.0,"[0,1,1,1,1,0]"
img4354.jpg,"[1,0,0,1,0,0,0,0]",1.0,1.0,0.0,0.0,"[0,1,1,0,0,0]"
img4520.jpg,"[0,0,0,0,0,1,0,0]",0.0,1.0,1.0,0.0,"[0,1,1,1,0,0]"
img4736.jpg,"[1,0,0,1,0,0,0,0]",1.0,1.0,0.0,0.0,"[0,1,1,0,0,0]"
img4829.jpg,"[1,0,0,0,0,1,0,0]",2.0,1.0,1.0,0.0,"[0,1,1,0,0,0]"
img4884.jpg,"[0,0,0,0,0,0,0,0]",0.0,0.0,0.0,0.0,"[0,1,1,1,1,0]"
img544.jpg,"[0,0,0,0,0,0,0,0]",0.0,0.0,0.0,0.0,"[0,1,1,1,1,1]"
img552.jpg,"[0,0,0,0,0,0,0,0]",0.0,0.0,0.0,0.0,"[0,1,1,1,0,0]"
img573.jpg,"[1,0,0,0,0,0,0,0]",1.0,0.0,0.0,0.0,"[0,1,1,1,0,0]"
img669.jpg,"[1,0,0,0,0,0,1,0]",2.0,2.0,1.0,0.0,"[0,1,0,0,0,0]"
img820.jpg,"[1,0,0,0,1,0,0,0]",2.0,1.0,1.0,0.0,"[0,1,1,0,0,0]"
img824.jpg,"[1,0,0,0,1,0,0,0]",1.0,0.0,0.0,0.0,"[0,1,1,1,1,0]"
img914.jpg,"[1,0,1,0,0,0,0,0]",1.0,0.0,0.0,0.0,"[0,1,1,1,0,0]"
img1050.jpg,"[0,0,1,0,0,0,0,0]",0.0,0.0,1.0,0.0,"[0,1,1,1,0,0]"
img111.jpg,"[1,0,1,1,0,0,0,0]",1.0,1.0,1.0,0.0,"[0,1,0,0,0,0]"
img1146.jpg,"[1,0,0,0,0,0,0,0]",1.0,0.0,0.0,0.0,"[0,1,1,1,0,0]"
img12.jpg,"[1,0,0,0,1,0,0,0]",1.0,1.0,1.0,0.0,"[0,1,1,0,0,0]"
img1299.jpg,"[0,0,0,0,0,0,0,0]",0.0,0.0,0.0,0.0,"[0,1,1,1,1,1]"
img1368.jpg,"[1,1,0,0,0,1,0,0]",2.0,1.0,1.0,0.0,"[0,1,1,1,0,0]"
img1497.jpg,"[0,0,1,0,0,0,0,0]",0.0,0.0,2.0,0.0,"[0,1,1,1,1,0]"
img1519.jpg,"[0,0,1,0,0,0,0,0]",0.0,0.0,2.0,0.0,"[0,1,1,1,0,0]"
img1536.jpg,"[0,0,0,0,0,1,0,0]",0.0,2.0,1.0,0.0,"[0,1,0,0,0,0]"
img161.jpg,"[0,0,0,0,1,0,0,0]",0.0,0.0,0.0,0.0,"[0,1,1,1,1,0]"
img1734.jpg,"[0,0,0,0,1,0,0,0]",0.0,0.0,0.0,0.0,"[0,1,1,1,1,0]"
img1790.jpg,"[1,1,0,0,0,0,0,0]",2.0,0.0,0.0,0.0,"[0,1,1,1,0,0]"
img1877.jpg,"[0,0,0,0,0,0,0,0]",0.0,0.0,0.0,0.0,"[0,1,1,1,1,1]"
img1977.jpg,"[0,0,0,0,0,1,0,0]",0.0,1.0,1.0,0.0,"[0,1,1,1,0,0]"
img2085.jpg,"[1,0,0,0,0,0,0,0]",2.0,0.0,1.0,0.0,"[0,1,1,0,0,0]"
img2455.jpg,"[0,0,0,0,0,0,0,0]",0.0,0.0,0.0,0.0,"[0,1,1,1,1,0]"
img2713.jpg,"[0,0,0,0,0,0,0,0]",0.0,0.0,0.0,0.0,"[0,1,1,1,1,1]"
img274.jpg,"[1,0,0,0,0,1,0,0]",2.0,1.0,0.0,0.0,"[0,1,1,1,0,0]"
img2846.jpg,"[1,1,0,0,1,0,0,0]",2.0,0.0,0.0,0.0,"[0,1,1,1,0,0]"
img29.jpg,"[0,0,0,0,1,0,0,0]",0.0,1.0,1.0,0.0,"[0,1,0,0,0,0]"
img2914.jpg,"[0,0,0,0,1,0,0,0]",0.0,1.0,0.0,0.0,"[0,1,1,1,0,0]"
img3011.jpg,"[0,0,0,0,0,0,0,0]",0.0,0.0,0.0,1.0,"[0,1,1,1,1,0]"
img3019.jpg,"[1,0,0,0,0,0,0,0]",2.0,0.0,0.0,0.0,"[0,1,1,0,0,0]"
img3048.jpg,"[1,0,0,0,0,0,0,0]",1.0,1.0,2.0,0.0,"[0,1,1,0,0,0]"
img3201.jpg,"[0,0,0,0,0,1,0,0]",0.0,1.0,1.0,0.0,"[0,1,1,0,0,0]"
img3277.jpg,"[1,1,1,0,0,0,0,0]",2.0,0.0,0.0,0.0,"[0,1,1,1,0,0]"
img3289.jpg,"[1,0,1,0,0,0,0,0]",2.0,0.0,0.0,0.0,"[0,1,1,1,0,0]"
img3384.jpg,"[1,1,1,0,0,0,0,0]",2.0,0.0,1.0,0.0,"[0,1,1,1,0,0]"
img3829.jpg,"[1,0,0,0,1,0,0,0]",2.0,0.0,0.0,0.0,"[0,1,1,1,0,0]"
img3834.jpg,"[1,0,0,0,0,0,0,0]",1.0,0.0,0.0,1.0,"[0,1,1,0,0,0]"
img3864.jpg,"[1,0,0,0,0,0,0,0]",2.0,0.0,0.0,0.0,"[0,1,1,1,0,0]"
img3925.jpg,"[1,0,0,1,1,0,0,0]",2.0,1.0,0.0,0.0,"[0,1,0,0,0,0]"
img3951.jpg,"[1,0,0,1,0,0,0,0]",2.0,1.0,0.0,0.0,"[0,1,1,0,0,0]"
img4003.jpg,"[1,0,0,0,0,1,0,0]",1.0,1.0,1.0,0.0,"[0,1,1,0,0,0]"
img4035.jpg,"[1,1,0,1,0,0,0,0]",2.0,2.0,1.0,0.0,"[1,0,0,0,0,0]"
img4053.jpg,"[1,0,0,0,1,0,0,0]",2.0,0.0,0.0,0.0,"[0,1,1,1,0,0]"
img4093.jpg,"[1,0,0,0,0,0,0,0]",1.0,0.0,0.0,0.0,"[1,0,0,0,0,0]"
img42.jpg,"[1,1,0,1,0,0,0,0]",1.0,1.0,1.0,0.0,"[1,0,0,0,0,0]"
img4246.jpg,"[0,0,0,0,0,0,0,0]",0.0,0.0,0.0,0.0,"[0,1,1,1,1,0]"
img4374.jpg,"[1,0,0,1,1,0,0,0]",1.0,1.0,1.0,0.0,"[0,1,0,0,0,0]"
img4439.jpg,"[0,0,1,0,0,0,0,0]",0.0,0.0,0.0,1.0,"[0,1,1,1,0,0]"
img4471.jpg,"[1,0,0,0,0,0,0,0]",2.0,0.0,0.0,0.0,"[0,1,1,1,0,0]"
img4642.jpg,"[1,0,0,0,1,0,0,0]",1.0,0.0,0.0,0.0,"[0,1,1,1,0,0]"
img469.jpg,"[0,0,0,0,0,0,0,0]",0.0,0.0,0.0,0.0,"[0,1,1,1,1,1]"
img4780.jpg,"[1,0,0,1,0,0,0,0]",1.0,2.0,0.0,0.0,"[0,1,0,0,0,0]"
img4813.jpg,"[1,0,0,0,1,0,0,0]",1.0,1.0,0.0,0.0,"[0,1,1,1,0,0]"
img4835.jpg,"[1,0,0,0,0,1,0,0]",,0.0,1.0,0.0,"[0,1,1,1,0,0]"
img663.jpg,"[0,0,0,0,0,0,0,0]",0.0,0.0,0.0,0.0,"[0,1,1,1,0,0]"
img727.jpg,"[0,0,1,0,0,0,0,0]",0.0,0.0,0.0,0.0,"[0,1,1,1,0,0]"
img733.jpg,"[0,0,1,0,0,0,0,0]",0.0,0.0,0.0,0.0,"[0,1,1,1,0,0]"
img1.jpg,"[1,0,1,0,1,0,0,0]",2.0,1.0,1.0,0.0,"[0,1,1,0,0,0]"
img1100.jpg,"[1,0,1,0,1,0,0,0]",2.0,0.0,0.0,0.0,"[0,1,1,1,0,0]"
img1104.jpg,"[1,0,0,0,1,0,0,0]",1.0,0.0,0.0,0.0,"[0,1,1,1,0,0]"
img1129.jpg,"[1,0,0,0,1,0,0,0]",1.0,0.0,0.0,0.0,"[0,1,1,1,0,0]"
img127.jpg,"[0,0,0,0,1,0,0,0]",0.0,0.0,0.0,0.0,"[0,1,1,1,1,0]"
img1303.jpg,"[1,1,0,0,0,0,0,0]",1.0,0.0,0.0,0.0,"[0,1,1,1,0,0]"
img1329.jpg,"[1,0,0,0,0,0,0,0]",2.0,0.0,0.0,0.0,"[0,1,1,1,0,0]"
img1522.jpg,"[1,0,1,0,0,0,0,0]",1.0,1.0,2.0,0.0,"[0,1,1,0,0,0]"
img1585.jpg,"[0,0,1,0,0,0,0,0]",0.0,0.0,0.0,0.0,"[0,1,1,1,0,0]"
img1753.jpg,"[0,0,0,0,1,0,0,0]",0.0,0.0,0.0,0.0,"[0,1,1,1,1,0]"
img1837.jpg,"[0,0,0,0,1,0,0,0]",0.0,0.0,0.0,0.0,"[0,1,1,1,1,0]"
img1880.jpg,"[0,0,0,0,1,0,0,0]",0.0,0.0,0.0,0.0,"[0,1,1,1,1,0]"
img2015.jpg,"[1,0,0,1,0,0,0,0]",1.0,1.0,2.0,0.0,"[0,1,1,0,0,0]"
img207.jpg,"[0,0,0,0,1,0,0,0]",0.0,1.0,1.0,0.0,"[0,1,1,0,0,0]"
img2073.jpg,"[1,0,0,1,0,0,0,0]",1.0,2.0,1.0,0.0,"[1,0,0,0,0,0]"
img2078.jpg,"[1,0,0,1,0,0,0,0]",1.0,2.0,1.0,0.0,"[1,0,0,0,0,0]"
img241.jpg,"[1,1,0,0,0,0,0,0]",2.0,0.0,0.0,0.0,"[0,1,1,1,0,0]"
img2756.jpg,"[0,0,0,0,0,0,0,0]",0.0,0.0,0.0,0.0,"[0,1,1,1,1,1]"
img295.jpg,"[1,0,0,0,0,0,1,0]",1.0,0.0,2.0,0.0,"[0,1,1,0,0,0]"
img3000.jpg,"[1,0,0,0,0,0,0,0]",2.0,0.0,0.0,0.0,"[0,1,1,0,0,0]"
img3072.jpg,"[0,0,0,0,0,1,0,0]",0.0,1.0,1.0,0.0,"[0,1,1,1,1,0]"
img311.jpg,"[1,0,0,0,0,0,1,0]",1.0,2.0,1.0,0.0,"[0,1,0,0,0,0]"
img3211.jpg,"[0,0,1,0,0,1,0,0]",0.0,0.0,1.0,0.0,"[0,1,1,1,1,0]"
img3231.jpg,"[1,0,0,0,0,1,0,0]",2.0,1.0,1.0,0.0,"[0,1,1,0,0,0]"
img3285.jpg,"[1,0,0,0,0,0,0,0]",2.0,0.0,0.0,0.0,"[0,1,1,1,0,0]"
img3324.jpg,"[1,1,0,0,0,0,0,0]",2.0,0.0,0.0,0.0,"[0,1,1,1,0,0]"
img3345.jpg,"[1,1,0,0,0,0,0,0]",2.0,0.0,0.0,0.0,"[0,1,0,0,0,0]"
img3374.jpg,"[1,1,1,0,0,0,0,0]",2.0,0.0,0.0,0.0,"[0,1,1,1,0,0]"
img3419.jpg,"[0,0,1,0,0,0,0,0]",0.0,0.0,1.0,0.0,"[0,1,1,0,0,0]"
img3498.jpg,"[1,0,1,0,0,0,0,0]",1.0,0.0,2.0,0.0,"[0,1,1,0,0,0]"
img3684.jpg,"[1,0,1,0,0,0,0,0]",1.0,0.0,0.0,0.0,"[0,1,1,0,0,0]"
img3732.jpg,"[1,1,1,0,0,0,0,0]",1.0,0.0,1.0,0.0,"[0,1,1,0,0,0]"
img4094.jpg,"[1,0,0,0,0,0,0,0]",1.0,0.0,0.0,0.0,"[1,0,0,0,0,0]"
img4133.jpg,"[1,0,0,0,0,1,0,0]",2.0,1.0,0.0,0.0,"[0,1,1,0,0,0]"
img4201.jpg,"[1,0,0,0,0,0,0,0]",1.0,0.0,0.0,0.0,"[0,1,1,1,0,0]"
img4213.jpg,"[1,0,0,0,0,0,0,0]",1.0,0.0,0.0,0.0,"[0,1,1,1,0,0]"
img4328.jpg,"[1,0,0,1,0,0,0,0]",1.0,1.0,0.0,0.0,"[0,1,1,0,0,0]"
img4343.jpg,"[1,0,0,1,0,0,0,0]",1.0,1.0,0.0,0.0,"[0,1,1,0,0,0]"
img4395.jpg,"[0,0,0,0,0,0,0,0]",0.0,0.0,0.0,0.0,"[0,1,1,1,1,0]"
img4556.jpg,"[1,0,0,0,0,0,0,0]",1.0,0.0,0.0,0.0,"[0,1,1,1,0,0]"
img4589.jpg,"[1,0,0,0,0,0,0,0]",2.0,0.0,1.0,0.0,"[0,1,1,1,0,0]"
img4592.jpg,"[0,0,0,0,0,1,0,0]",0.0,1.0,1.0,0.0,"[0,1,1,1,1,0]"
img4706.jpg,"[1,1,0,0,0,0,0,0]",1.0,0.0,0.0,0.0,"[0,1,1,1,0,0]"
img4709.jpg,"[1,1,0,0,0,0,0,0]",2.0,0.0,0.0,0.0,"[0,1,1,1,0,0]"
img4715.jpg,"[0,0,0,0,0,0,0,0]",0.0,0.0,0.0,0.0,"[0,1,1,1,1,1]"
img4985.jpg,"[1,0,0,0,0,0,0,0]",2.0,0.0,0.0,0.0,"[0,1,1,1,0,0]"
img555.jpg,"[1,0,0,0,0,0,0,0]",1.0,0.0,0.0,0.0,"[0,1,1,1,0,0]"
img603.jpg,"[1,0,1,0,0,0,0,0]",2.0,0.0,0.0,0.0,"[0,1,1,1,0,0]"
img616.jpg,"[1,0,0,0,0,0,0,0]",2.0,0.0,0.0,0.0,"[0,1,1,1,0,0]"
img977.jpg,"[0,0,1,0,0,0,0,0]",0.0,0.0,1.0,0.0,"[0,1,1,0,0,0]"
img1041.jpg,"[1,1,1,0,0,0,0,0]",2.0,0.0,0.0,0.0,"[0,1,1,1,0,0]"
img1210.jpg,"[1,0,0,0,0,0,0,0]",2.0,0.0,0.0,1.0,"[0,1,1,0,0,0]"
img1468.jpg,"[1,0,0,0,1,0,0,0]",1.0,0.0,0.0,0.0,"[0,1,1,1,0,0]"
img158.jpg,"[0,0,0,0,1,0,0,0]",0.0,0.0,0.0,0.0,"[0,1,1,1,1,0]"
img1759.jpg,"[0,0,0,0,1,0,0,0]",0.0,0.0,0.0,0.0,"[0,1,1,1,1,0]"
img1848.jpg,"[0,0,0,0,1,0,0,0]",0.0,0.0,0.0,0.0,"[0,1,1,1,1,0]"
img1872.jpg,"[1,0,0,0,1,0,0,0]",1.0,0.0,0.0,0.0,"[0,1,1,1,0,0]"
img2051.jpg,"[1,0,0,1,0,0,0,0]",1.0,2.0,1.0,0.0,"[1,0,0,0,0,0]"
img2064.jpg,"[1,0,0,1,0,0,0,0]",2.0,2.0,1.0,0.0,"[1,0,0,0,0,0]"
img2069.jpg,"[1,0,0,1,0,0,0,0]",2.0,2.0,1.0,0.0,"[1,0,0,0,0,0]"
img21.jpg,"[1,1,0,0,1,0,0,0]",2.0,1.0,1.0,0.0,"[0,1,1,0,0,0]"
img2129.jpg,"[0,0,1,0,1,0,0,0]",0.0,0.0,2.0,0.0,"[0,1,0,0,0,0]"
img2266.jpg,"[1,0,0,0,0,0,0,0]",1.0,0.0,0.0,0.0,"[0,1,1,0,0,0]"
img2389.jpg,"[0,0,0,1,0,0,0,0]",0.0,0.0,0.0,0.0,"[0,1,1,0,0,0]"
img2415.jpg,"[0,0,1,0,0,0,0,0]",0.0,0.0,2.0,0.0,"[0,1,1,0,0,0]"
img2617.jpg,"[0,0,0,0,0,0,0,0]",0.0,0.0,0.0,0.0,"[0,1,1,0,0,0]"
img2688.jpg,"[0,0,0,0,0,0,0,0]",0.0,0.0,0.0,0.0,"[0,1,1,1,1,1]"
img278.jpg,"[1,1,0,0,0,0,0,0]",2.0,0.0,1.0,0.0,"[0,1,1,1,0,0]"
img2835.jpg,"[0,0,0,0,1,0,0,0]",0.0,0.0,0.0,0.0,"[0,1,1,1,0,0]"
img3003.jpg,"[1,0,0,0,0,0,0,0]",2.0,0.0,0.0,0.0,"[0,1,1,1,0,0]"
img305.jpg,"[1,0,0,0,0,0,0,0]",2.0,0.0,0.0,0.0,"[0,1,1,1,0,0]"
img3149.jpg,"[1,1,0,0,0,1,0,0]",2.0,1.0,1.0,0.0,"[0,1,1,1,0,0]"
img319.jpg,"[1,0,0,0,0,0,1,0]",1.0,2.0,1.0,0.0,"[0,1,1,0,0,0]"
img3314.jpg,"[1,0,1,0,0,0,0,0]",2.0,0.0,0.0,0.0,"[0,1,1,1,0,0]"
img34.jpg,"[0,0,0,0,0,0,1,0]",0.0,2.0,2.0,0.0,"[0,1,0,0,0,0]"
img3436.jpg,"[0,0,1,0,0,0,0,0]",0.0,0.0,1.0,0.0,"[0,1,1,0,0,0]"
img3456.jpg,"[1,0,0,0,0,0,0,0]",1.0,0.0,0.0,0.0,"[0,1,1,1,0,0]"
img3494.jpg,"[1,0,0,0,0,0,0,0]",2.0,0.0,0.0,1.0,"[0,1,0,0,0,0]"
img3496.jpg,"[1,0,1,0,0,0,0,0]",0.0,0.0,0.0,0.0,"[0,1,0,0,0,0]"
img3510.jpg,"[0,0,1,0,0,0,0,0]",0.0,0.0,1.0,0.0,"[0,1,1,0,0,0]"
img3575.jpg,"[1,0,1,0,0,0,0,0]",1.0,0.0,1.0,0.0,"[0,1,1,0,0,0]"
img3587.jpg,"[0,0,0,0,0,0,0,0]",0.0,0.0,0.0,0.0,"[0,1,1,1,1,1]"
img3675.jpg,"[1,1,1,0,0,0,0,0]",2.0,0.0,0.0,0.0,"[0,1,1,1,0,0]"
img3799.jpg,"[0,0,1,0,0,0,0,0]",0.0,0.0,0.0,0.0,"[0,1,1,1,1,0]"
img380.jpg,"[0,0,1,0,0,0,0,0]",0.0,0.0,0.0,0.0,"[0,1,1,1,1,1]"
img384.jpg,"[1,0,0,0,1,0,0,0]",1.0,0.0,0.0,0.0,"[0,1,1,1,0,0]"
img4161.jpg,"[1,1,0,0,0,0,0,0]",2.0,0.0,1.0,0.0,"[0,1,1,1,0,0]"
img4349.jpg,"[1,0,0,1,0,0,0,0]",1.0,1.0,0.0,0.0,"[0,1,0,0,0,0]"
img4413.jpg,"[1,0,0,0,0,0,0,0]",1.0,0.0,1.0,0.0,"[0,1,1,0,0,0]"
img4421.jpg,"[1,0,1,0,0,0,0,0]",2.0,0.0,0.0,1.0,"[0,1,1,0,0,0]"
img4433.jpg,"[1,0,1,0,0,0,0,0]",2.0,0.0,0.0,0.0,"[0,1,1,0,0,0]"
img4577.jpg,"[1,0,0,0,0,0,0,0]",1.0,0.0,0.0,0.0,"[0,1,1,1,0,0]"
img4610.jpg,"[1,0,0,0,0,0,0,0]",1.0,0.0,0.0,0.0,"[0,1,1,1,0,0]"
img4669.jpg,"[1,0,0,0,0,0,0,0]",2.0,0.0,0.0,0.0,"[0,1,1,1,0,0]"
img64.jpg,"[1,0,0,0,0,0,0,0]",1.0,0.0,0.0,0.0,"[0,1,1,1,0,0]"
img643.jpg,"[0,0,0,0,0,1,0,0]",1.0,1.0,1.0,0.0,"[0,1,1,0,0,0]"
img670.jpg,"[1,1,0,0,0,0,0,0]",1.0,0.0,0.0,0.0,"[0,1,1,0,0,0]"
img903.jpg,"[0,0,1,0,0,0,0,0]",0.0,0.0,0.0,0.0,"[0,1,1,1,1,0]"
img927.jpg,"[0,0,1,0,0,0,0,0]",0.0,0.0,0.0,0.0,"[0,1,1,1,1,0]"
img942.jpg,"[0,0,0,0,0,0,0,0]",0.0,0.0,0.0,0.0,"[0,1,1,1,1,0]"
img1307.jpg,"[1,0,1,0,0,0,0,0]",2.0,0.0,0.0,0.0,"[0,1,1,1,0,0]"
img1312.jpg,"[1,0,0,0,0,0,0,0]",1.0,0.0,0.0,0.0,"[0,1,1,1,0,0]"
img1529.jpg,"[0,0,0,0,0,1,0,0]",0.0,1.0,0.0,0.0,"[0,1,1,1,0,0]"
img1742.jpg,"[0,0,0,0,0,0,0,0]",0.0,0.0,0.0,0.0,"[0,1,1,1,1,0]"
img1769.jpg,"[0,0,0,0,0,0,0,0]",0.0,0.0,0.0,0.0,"[0,1,1,1,1,0]"
img1849.jpg,"[1,0,0,0,0,0,0,0]",2.0,0.0,0.0,0.0,"[0,1,1,1,0,0]"
img1855.jpg,"[0,0,0,0,1,0,0,0]",0.0,0.0,0.0,0.0,"[0,1,1,1,1,0]"
img2180.jpg,"[1,0,0,0,0,0,0,0]",2.0,0.0,0.0,0.0,"[0,1,1,0,0,0]"
img2185.jpg,"[1,0,0,0,0,0,0,0]",2.0,0.0,0.0,0.0,"[0,1,1,0,0,0]"
img2187.jpg,"[1,0,0,0,0,0,0,0]",2.0,0.0,0.0,0.0,"[0,1,1,0,0,0]"
img2241.jpg,"[0,0,0,0,0,1,0,0]",0.0,1.0,1.0,0.0,"[0,1,1,1,1,0]"
img227.jpg,"[1,1,0,0,0,0,0,0]",2.0,0.0,0.0,0.0,"[0,1,1,1,0,0]"
img2275.jpg,"[1,0,0,0,0,0,0,0]",2.0,0.0,0.0,,"[0,1,0,0,0,0]"
img2339.jpg,"[1,0,0,0,1,0,0,0]",1.0,0.0,0.0,0.0,"[0,1,1,1,0,0]"
img248.jpg,"[1,1,0,0,0,0,0,0]",2.0,0.0,0.0,0.0,"[0,1,1,1,0,0]"
img2827.jpg,"[1,0,0,0,1,0,0,0]",1.0,0.0,0.0,0.0,"[0,1,1,1,0,0]"
img2949.jpg,"[1,0,0,0,0,0,0,0]",1.0,0.0,0.0,0.0,"[0,1,1,0,0,0]"
img3031.jpg,"[0,0,0,0,0,1,0,0]",0.0,1.0,2.0,0.0,"[0,1,1,0,0,0]"
img3045.jpg,"[1,0,0,0,0,0,0,0]",0.0,1.0,2.0,0.0,"[0,1,1,0,0,0]"
img313.jpg,"[1,0,0,0,0,1,0,0]",1.0,2.0,1.0,0.0,"[0,1,0,0,0,0]"
img3140.jpg,"[1,0,0,0,0,1,0,0]",1.0,1.0,0.0,0.0,"[0,1,1,0,0,0]"
img3184.jpg,"[1,0,0,0,0,1,0,0]",1.0,1.0,0.0,0.0,"[0,1,1,0,0,0]"
img3309.jpg,"[1,0,1,0,0,0,0,0]",2.0,0.0,0.0,0.0,"[0,1,1,1,0,0]"
img3402.jpg,"[0,0,1,0,0,0,0,0]",0.0,0.0,1.0,0.0,"[0,1,1,0,0,0]"
img3512.jpg,"[1,0,1,0,0,0,0,0]",2.0,0.0,2.0,0.0,"[0,1,0,0,0,0]"
img3546.jpg,"[0,0,1,0,0,0,0,0]",0.0,0.0,1.0,0.0,"[0,1,1,0,0,0]"
img3568.jpg,"[1,0,0,0,0,1,0,0]",1.0,1.0,1.0,0.0,"[0,1,1,1,0,0]"
img3731.jpg,"[1,1,0,0,0,0,0,0]",1.0,0.0,0.0,0.0,"[0,1,1,1,0,0]"
img3791.jpg,"[0,0,0,0,1,0,0,0]",0.0,0.0,0.0,0.0,"[0,1,1,1,1,0]"
img3798.jpg,"[1,0,1,0,0,0,0,0]",2.0,0.0,0.0,0.0,"[0,1,1,1,0,0]"
img3824.jpg,"[1,0,0,0,0,0,0,0]",2.0,0.0,0.0,0.0,"[0,1,1,0,0,0]"
img3857.jpg,"[1,0,0,1,0,0,0,0]",1.0,1.0,0.0,0.0,"[0,1,1,0,0,0]"
img3866.jpg,"[0,0,0,0,1,0,0,0]",0.0,0.0,0.0,0.0,"[0,1,1,0,0,0]"
img3948.jpg,"[1,0,0,1,0,0,0,0]",2.0,1.0,1.0,0.0,"[0,1,0,0,0,0]"
img3986.jpg,"[0,0,0,0,0,1,0,0]",0.0,1.0,0.0,0.0,"[0,1,1,0,0,0]"
img401.jpg,"[0,0,0,0,0,0,0,0]",0.0,0.0,0.0,0.0,"[0,1,1,1,1,1]"
img4047.jpg,"[0,0,0,0,0,0,1,0]",0.0,2.0,1.0,0.0,"[0,1,0,0,0,0]"
img4287.jpg,"[0,0,0,0,0,0,0,0]",0.0,0.0,0.0,0.0,"[0,1,1,1,1,0]"
img4342.jpg,"[1,0,0,1,0,0,0,0]",1.0,1.0,0.0,0.0,"[0,1,1,0,0,0]"
img4377.jpg,"[1,0,0,1,0,0,0,0]",1.0,1.0,0.0,0.0,"[1,0,0,0,0,0]"
img44.jpg,"[1,0,0,1,0,1,0,0]",1.0,1.0,0.0,0.0,"[0,1,0,0,0,0]"
img4645.jpg,"[1,0,0,0,0,0,0,0]",1.0,0.0,0.0,0.0,"[0,1,1,0,0,0]"
img4679.jpg,"[1,1,0,0,0,0,0,0]",2.0,0.0,0.0,0.0,"[0,1,1,0,0,0]"
img4817.jpg,"[0,0,0,0,1,0,0,0]",0.0,1.0,0.0,0.0,"[0,1,1,1,0,0]"
img483.jpg,"[1,0,0,0,1,0,0,0]",1.0,0.0,0.0,0.0,"[0,1,1,1,0,0]"
img628.jpg,"[1,1,0,0,0,1,0,0]",2.0,1.0,1.0,0.0,"[0,1,1,0,0,0]"
img631.jpg,"[1,0,0,0,0,1,0,0]",1.0,1.0,0.0,0.0,"[0,1,1,0,0,0]"
img700.jpg,"[1,0,0,0,0,0,0,0]",2.0,0.0,0.0,0.0,"[0,1,1,0,0,0]"
img827.jpg,"[1,0,0,0,1,0,0,0]",1.0,0.0,0.0,0.0,"[0,1,1,1,1,0]"
img918.jpg,"[0,0,1,0,0,0,0,0]",0.0,0.0,0.0,0.0,"[0,1,1,1,1,0]"
img1072.jpg,"[1,0,0,0,0,1,0,0]",2.0,1.0,0.0,0.0,"[0,1,1,0,0,0]"
img1374.jpg,"[1,1,0,0,0,1,0,0]",2.0,1.0,1.0,0.0,"[0,1,1,0,0,0]"
img1478.jpg,"[1,0,0,0,1,0,0,0]",2.0,0.0,0.0,0.0,"[0,1,1,1,0,0]"
img1649.jpg,"[1,1,1,0,0,0,0,0]",2.0,1.0,2.0,0.0,"[0,1,1,0,0,0]"
img1810.jpg,"[0,0,1,0,0,0,0,0]",0.0,0.0,0.0,0.0,"[0,1,1,1,1,1]"
img1875.jpg,"[1,0,0,0,0,0,0,0]",1.0,0.0,0.0,0.0,"[0,1,1,1,0,0]"
img2026.jpg,"[1,0,0,1,0,0,0,0]",1.0,1.0,2.0,0.0,"[0,1,1,0,0,0]"
img2093.jpg,"[1,0,1,0,0,0,0,0]",0.0,1.0,2.0,0.0,"[0,1,1,0,0,0]"
img2099.jpg,"[1,0,1,0,0,0,0,0]",2.0,1.0,2.0,0.0,"[0,1,1,0,0,0]"
img2105.jpg,"[1,0,0,1,0,0,0,0]",2.0,1.0,2.0,0.0,"[0,1,1,0,0,0]"
img2225.jpg,"[0,0,0,0,0,1,0,0]",0.0,1.0,1.0,0.0,"[0,1,1,1,0,0]"
img2245.jpg,"[0,0,0,0,0,1,0,0]",0.0,1.0,1.0,0.0,"[0,1,1,1,0,0]"
img2346.jpg,"[0,0,0,0,1,0,0,0]",0.0,0.0,0.0,0.0,"[0,1,1,1,1,0]"
img2374.jpg,"[1,0,0,1,0,0,0,0]",1.0,2.0,0.0,0.0,"[0,1,0,0,0,0]"
img2521.jpg,"[1,0,0,1,0,0,0,0]",1.0,1.0,1.0,0.0,"[0,1,0,0,0,0]"
img2576.jpg,"[1,0,0,0,0,0,0,0]",1.0,0.0,0.0,0.0,"[0,1,1,0,0,0]"
img2666.jpg,"[0,0,0,0,0,0,0,0]",0.0,0.0,0.0,0.0,"[0,1,1,1,1,0]"
img2746.jpg,"[0,0,0,0,1,0,0,0]",0.0,1.0,0.0,0.0,"[0,1,1,1,1,0]"
img2926.jpg,"[1,0,0,0,1,0,0,0]",2.0,1.0,0.0,0.0,"[0,1,1,1,0,0]"
img2934.jpg,"[0,0,0,0,0,1,0,0]",0.0,0.0,1.0,0.0,"[0,1,1,1,0,0]"
img3046.jpg,"[1,1,0,0,0,0,0,0]",2.0,1.0,2.0,0.0,"[0,1,1,0,0,0]"
img3088.jpg,"[1,0,0,0,0,0,1,0]",1.0,2.0,1.0,0.0,"[0,1,0,0,0,0]"
img3171.jpg,"[1,1,0,0,0,1,0,0]",2.0,1.0,1.0,0.0,"[0,1,1,1,0,0]"
img3219.jpg,"[0,0,0,0,0,1,0,0]",0.0,0.0,1.0,0.0,"[0,1,1,1,0,0]"
img3260.jpg,"[0,0,1,0,0,0,0,0]",0.0,0.0,0.0,0.0,"[0,1,1,1,1,0]"
img3272.jpg,"[1,0,1,0,0,0,0,0]",1.0,0.0,0.0,0.0,"[0,1,1,1,0,0]"
img3406.jpg,"[0,0,1,0,0,0,0,0]",0.0,0.0,1.0,0.0,"[0,1,1,0,0,0]"
img3459.jpg,"[0,0,0,0,0,0,0,0]",0.0,0.0,0.0,0.0,"[0,1,1,1,1,0]"
img3472.jpg,"[1,0,0,0,0,0,0,0]",2.0,0.0,0.0,0.0,"[0,1,1,1,0,0]"
img3634.jpg,"[1,0,1,0,0,0,0,0]",2.0,0.0,1.0,0.0,"[0,1,1,1,0,0]"
img3645.jpg,"[1,0,1,0,0,0,0,0]",1.0,0.0,1.0,0.0,"[0,1,1,0,0,0]"
img3741.jpg,"[1,0,0,0,0,0,0,0]",2.0,0.0,0.0,0.0,"[0,1,1,1,0,0]"
img3771.jpg,"[1,0,0,0,1,0,0,0]",2.0,0.0,0.0,0.0,"[0,1,1,1,0,0]"
img3807.jpg,"[1,0,0,0,0,0,0,0]",2.0,0.0,0.0,0.0,"[0,1,1,1,0,0]"
img3942.jpg,"[1,0,0,0,1,0,0,0]",2.0,0.0,0.0,0.0,"[0,1,1,1,0,0]"
img4105.jpg,"[1,0,0,0,0,0,0,0]",1.0,0.0,0.0,0.0,"[1,0,0,0,0,0]"
img4265.jpg,"[1,1,0,0,0,1,0,0]",1.0,1.0,1.0,0.0,"[0,1,1,0,0,0]"
img4344.jpg,"[1,0,0,1,0,0,0,0]",1.0,1.0,0.0,0.0,"[0,1,0,0,0,0]"
img4392.jpg,"[0,0,0,0,0,0,0,0]",0.0,0.0,0.0,0.0,"[0,1,1,1,0,0]"
img4432.jpg,"[1,0,1,0,0,0,0,0]",2.0,0.0,0.0,1.0,"[0,1,1,0,0,0]"
img4443.jpg,"[1,0,0,0,0,0,0,0]",1.0,0.0,0.0,0.0,"[0,1,1,1,0,0]"
img4560.jpg,"[0,0,0,0,0,0,0,0]",0.0,0.0,0.0,0.0,"[0,1,1,1,0,0]"
img4783.jpg,"[1,0,0,1,0,0,0,0]",1.0,1.0,0.0,0.0,"[0,1,1,0,0,0]"
img4898.jpg,"[0,0,0,0,0,0,0,0]",0.0,0.0,0.0,0.0,"[0,1,1,1,1,0]"
img4950.jpg,"[1,0,1,0,1,0,0,0]",1.0,0.0,0.0,0.0,"[0,1,1,1,0,0]"
img4975.jpg,"[0,0,0,0,0,0,0,0]",0.0,0.0,0.0,0.0,"[0,1,1,1,1,1]"
img546.jpg,"[1,0,0,0,0,0,0,0]",1.0,0.0,0.0,0.0,"[0,1,1,1,0,0]"
img636.jpg,"[1,0,0,0,0,1,0,0]",2.0,1.0,1.0,0.0,"[0,1,1,0,0,0]"
img915.jpg,"[1,0,1,0,0,0,0,0]",2.0,0.0,0.0,0.0,"[0,1,1,1,0,0]"
img921.jpg,"[0,0,1,0,0,0,0,0]",0.0,0.0,0.0,0.0,"[0,1,1,1,1,0]"
img1007.jpg,"[1,0,1,0,0,0,0,0]",1.0,0.0,0.0,0.0,"[0,1,1,1,0,0]"
img1020.jpg,"[1,1,0,0,1,0,0,0]",2.0,1.0,0.0,0.0,"[0,1,1,1,0,0]"
img120.jpg,"[0,0,0,0,1,0,0,0]",0.0,0.0,0.0,0.0,"[0,1,1,1,1,0]"
img1204.jpg,"[1,0,0,0,0,0,0,0]",2.0,0.0,0.0,1.0,"[0,1,1,0,0,0]"
img1321.jpg,"[0,0,0,0,0,0,0,0]",0.0,0.0,0.0,0.0,"[0,1,1,1,1,1]"
img1330.jpg,"[1,0,0,0,0,0,0,0]",1.0,0.0,0.0,0.0,"[0,1,1,1,0,0]"
img1469.jpg,"[1,0,0,0,1,0,0,0]",2.0,0.0,0.0,0.0,"[0,1,1,1,0,0]"
img1539.jpg,"[0,0,0,0,0,1,0,0]",0.0,1.0,1.0,0.0,"[0,1,1,1,0,0]"
img1540.jpg,"[0,0,0,0,0,1,0,0]",0.0,1.0,1.0,0.0,"[0,1,1,1,0,0]"
img1584.jpg,"[1,0,1,0,0,0,0,0]",2.0,0.0,0.0,0.0,"[0,1,1,1,0,0]"
img1604.jpg,"[1,0,1,0,0,0,0,0]",2.0,0.0,0.0,0.0,"[0,1,1,1,0,0]"
img1767.jpg,"[1,0,0,0,0,0,0,0]",1.0,0.0,0.0,0.0,"[0,1,1,1,0,0]"
img1859.jpg,"[0,0,0,0,1,0,0,0]",0.0,0.0,0.0,0.0,"[0,1,1,1,1,0]"
img1966.jpg,"[1,0,0,0,0,1,0,0]",1.0,1.0,1.0,0.0,"[0,1,1,0,0,0]"
img2082.jpg,"[1,0,0,1,0,0,0,0]",1.0,2.0,1.0,0.0,"[1,0,0,0,0,0]"
img2087.jpg,"[1,0,0,1,0,0,0,0]",1.0,2.0,1.0,0.0,"[1,0,0,0,0,0]"
img2169.jpg,"[1,0,0,0,0,0,0,0]",1.0,0.0,0.0,0.0,"[0,1,1,0,0,0]"
img2262.jpg,"[1,0,0,0,0,0,0,0]",2.0,0.0,0.0,0.0,"[0,1,1,0,0,0]"
img2285.jpg,"[1,1,1,0,0,0,0,0]",2.0,2.0,2.0,0.0,"[1,0,0,0,0,0]"
img23.jpg,"[1,0,0,0,0,0,1,0]",2.0,2.0,2.0,0.0,"[0,1,0,0,0,0]"
img2308.jpg,"[1,0,0,1,0,0,0,0]",2.0,2.0,1.0,0.0,"[1,0,0,0,0,0]"
img2694.jpg,"[0,0,0,0,0,0,0,0]",0.0,0.0,0.0,0.0,"[0,1,1,1,1,1]"
img2944.jpg,"[1,0,0,0,0,0,0,0]",2.0,0.0,0.0,0.0,"[0,1,1,0,0,0]"
img2946.jpg,"[1,0,0,0,0,0,0,0]",1.0,0.0,0.0,0.0,"[0,1,1,0,0,0]"
img3050.jpg,"[1,0,0,0,0,0,0,0]",1.0,1.0,2.0,0.0,"[0,1,1,0,0,0]"
img3145.jpg,"[1,0,0,0,0,1,0,0]",2.0,1.0,1.0,0.0,"[0,1,1,0,0,0]"
img3180.jpg,"[1,0,0,0,0,1,0,0]",2.0,1.0,1.0,0.0,"[0,1,1,0,0,0]"
img3253.jpg,"[0,0,1,0,0,0,0,0]",0.0,0.0,0.0,0.0,"[0,1,1,1,1,1]"
img3282.jpg,"[1,0,1,0,0,0,0,0]",2.0,0.0,0.0,0.0,"[0,1,1,1,0,0]"
img3347.jpg,"[1,0,0,0,0,0,0,0]",1.0,0.0,0.0,0.0,"[0,1,1,1,0,0]"
img3408.jpg,"[0,0,1,0,0,0,0,0]",0.0,0.0,1.0,0.0,"[0,1,1,0,0,0]"
img3488.jpg,"[1,0,0,0,0,0,0,0]",2.0,1.0,2.0,1.0,"[0,1,0,0,0,0]"
img3514.jpg,"[0,0,1,0,0,0,0,0]",0.0,0.0,1.0,0.0,"[0,1,1,0,0,0]"
img3590.jpg,"[0,0,0,0,0,0,0,0]",0.0,0.0,0.0,0.0,"[0,1,1,1,1,0]"
img3709.jpg,"[1,1,0,0,0,0,0,0]",1.0,0.0,1.0,0.0,"[0,1,1,1,0,0]"
img3845.jpg,"[0,0,0,0,1,0,0,0]",0.0,0.0,0.0,0.0,"[0,1,1,1,0,0]"
img3870.jpg,"[0,0,0,0,0,0,0,0]",0.0,0.0,0.0,0.0,"[0,1,1,1,1,0]"
img3968.jpg,"[1,0,0,0,0,1,0,0]",1.0,1.0,1.0,0.0,"[0,1,1,0,0,0]"
img4359.jpg,"[1,0,0,1,0,0,0,0]",1.0,2.0,0.0,0.0,"[0,1,1,0,0,0]"
img4378.jpg,"[1,0,0,1,0,0,0,0]",1.0,1.0,0.0,0.0,"[0,1,1,0,0,0]"
img4450.jpg,"[1,1,0,0,0,0,0,0]",1.0,0.0,0.0,1.0,"[0,1,1,0,0,0]"
img4488.jpg,"[0,0,1,0,0,0,0,0]",0.0,0.0,0.0,0.0,"[0,1,1,1,1,0]"
img4655.jpg,"[1,0,0,0,0,0,0,0]",2.0,0.0,0.0,0.0,"[0,1,1,1,0,0]"
img4811.jpg,"[1,0,0,0,1,0,0,0]",2.0,1.0,0.0,0.0,"[0,1,1,1,0,0]"
img4979.jpg,"[0,0,0,0,0,0,0,0]",0.0,0.0,0.0,0.0,"[0,1,1,1,0,0]"
img57.jpg,"[1,0,0,0,0,1,0,0]",1.0,2.0,1.0,0.0,"[0,1,1,0,0,0]"
img580.jpg,"[0,0,0,0,0,0,0,0]",0.0,0.0,0.0,0.0,"[0,1,1,1,1,1]"
img642.jpg,"[1,1,0,0,0,1,0,0]",2.0,1.0,1.0,0.0,"[0,1,1,0,0,0]"
img828.jpg,"[1,0,0,0,1,0,0,0]",1.0,1.0,0.0,0.0,"[0,1,1,1,1,0]"
img890.jpg,"[0,0,1,0,0,0,0,0]",0.0,0.0,0.0,0.0,"[0,1,1,1,1,0]"
img1012.jpg,"[1,1,1,0,0,0,0,0]",2.0,0.0,0.0,0.0,"[0,1,1,1,0,0]"
img1290.jpg,"[0,0,0,0,0,1,0,0]",0.0,2.0,1.0,0.0,"[0,1,0,0,0,0]"
img1306.jpg,"[0,0,0,0,0,0,0,0]",0.0,0.0,0.0,0.0,"[0,1,1,1,1,1]"
img1333.jpg,"[0,0,0,0,0,0,0,0]",0.0,0.0,0.0,0.0,"[0,1,1,1,1,1]"
img1458.jpg,"[1,1,0,0,1,0,0,0]",2.0,0.0,0.0,0.0,"[0,1,1,1,0,0]"
img1531.jpg,"[0,0,0,0,0,1,0,0]",0.0,1.0,0.0,0.0,"[0,1,1,1,0,0]"
img1537.jpg,"[1,0,0,0,1,1,0,0]",1.0,1.0,0.0,0.0,"[0,1,1,0,0,0]"
img1554.jpg,"[1,0,1,0,0,0,0,0]",1.0,0.0,0.0,0.0,"[0,1,1,1,0,0]"
img1614.jpg,"[1,0,0,0,0,0,0,0]",2.0,0.0,0.0,0.0,"[0,1,1,0,0,0]"
img1710.jpg,"[1,0,0,0,0,0,0,0]",0.0,0.0,0.0,0.0,"[0,1,1,1,0,0]"
img1713.jpg,"[1,1,0,0,0,0,0,0]",1.0,0.0,0.0,0.0,"[0,1,1,1,0,0]"
img1745.jpg,"[0,0,0,0,0,0,0,0]",0.0,0.0,0.0,0.0,"[0,1,1,1,1,1]"
img1762.jpg,"[0,0,0,0,0,0,0,0]",0.0,0.0,0.0,0.0,"[0,1,1,1,1,1]"
img189.jpg,"[1,1,1,0,0,0,0,0]",1.0,1.0,2.0,0.0,"[0,1,1,0,0,0]"
img1894.jpg,"[1,0,0,1,0,0,0,0]",1.0,2.0,0.0,0.0,"[1,0,0,0,0,0]"
img1946.jpg,"[0,0,0,0,0,0,0,0]",1.0,0.0,0.0,0.0,"[0,1,1,1,0,0]"
img2053.jpg,"[1,0,0,1,0,0,0,0]",2.0,2.0,0.0,0.0,"[1,0,0,0,0,0]"
img2075.jpg,"[1,0,0,1,0,0,0,0]",1.0,2.0,0.0,0.0,"[1,0,0,0,0,0]"
img2205.jpg,"[1,0,0,0,0,1,0,0]",1.0,1.0,1.0,0.0,"[0,1,1,0,0,0]"
img2408.jpg,"[0,0,1,0,0,0,0,0]",0.0,1.0,2.0,0.0,"[0,1,1,0,0,0]"
img2529.jpg,"[1,0,0,1,0,0,0,0]",2.0,2.0,1.0,0.0,"[1,0,0,0,0,0]"
img2616.jpg,"[1,0,0,0,0,0,0,0]",1.0,0.0,0.0,0.0,"[0,1,1,1,0,0]"
img2621.jpg,"[0,0,0,0,0,0,0,0]",0.0,0.0,0.0,0.0,"[0,1,1,1,1,1]"
img2804.jpg,"[0,0,0,0,0,0,0,0]",0.0,0.0,0.0,0.0,"[0,1,1,1,1,1]"
img2862.jpg,"[1,1,1,0,0,0,0,0]",2.0,0.0,1.0,0.0,"[0,1,1,1,0,0]"
img2939.jpg,"[0,0,0,0,0,1,0,0]",0.0,0.0,1.0,0.0,"[0,1,1,1,1,1]"
img3096.jpg,"[1,0,0,0,0,1,0,0]",2.0,1.0,0.0,0.0,"[0,1,1,1,0,0]"
img3240.jpg,"[0,0,0,0,0,0,0,0]",0.0,0.0,0.0,0.0,"[0,1,1,1,1,1]"
img3278.jpg,"[1,0,1,0,0,0,0,0]",2.0,0.0,0.0,0.0,"[0,1,1,1,0,0]"
img3480.jpg,"[1,0,1,0,0,0,0,0]",1.0,0.0,2.0,0.0,"[0,1,1,0,0,0]"
img3814.jpg,"[0,0,0,0,0,0,0,0]",0.0,0.0,0.0,0.0,"[0,1,1,1,1,1]"
img3862.jpg,"[0,0,0,0,0,0,0,0]",0.0,0.0,0.0,0.0,"[0,1,1,1,1,0]"
img3977.jpg,"[1,0,0,0,0,1,0,0]",1.0,1.0,1.0,0.0,"[0,1,1,0,0,0]"
img4040.jpg,"[0,0,0,0,0,0,1,0]",0.0,2.0,1.0,0.0,"[0,1,0,0,0,0]"
img4046.jpg,"[0,0,0,0,0,0,1,0]",0.0,2.0,1.0,0.0,"[0,1,0,0,0,0]"
img4072.jpg,"[1,0,0,0,1,0,0,0]",1.0,0.0,0.0,0.0,"[0,1,1,1,0,0]"
img4126.jpg,"[1,1,0,0,1,0,0,0]",2.0,1.0,0.0,0.0,"[0,1,1,0,0,0]"
img4230.jpg,"[1,0,0,0,0,0,0,0]",1.0,0.0,0.0,0.0,"[0,1,1,1,0,0]"
img4457.jpg,"[1,1,0,0,0,0,0,0]",2.0,0.0,0.0,0.0,"[0,1,1,1,0,0]"
img453.jpg,"[0,0,0,0,0,0,0,0]",0.0,0.0,0.0,0.0,"[0,1,1,1,0,0]"
img4563.jpg,"[0,0,0,0,0,0,0,0]",0.0,0.0,0.0,0.0,"[0,1,1,1,1,0]"
img4630.jpg,"[1,1,1,0,1,0,0,0]",2.0,1.0,0.0,0.0,"[0,1,1,1,0,0]"
img4840.jpg,"[1,0,0,0,0,1,0,0]",2.0,1.0,1.0,0.0,"[0,1,1,0,0,0]"
img578.jpg,"[0,0,0,0,1,0,0,0]",0.0,0.0,0.0,0.0,"[0,1,1,1,1,0]"
img59.jpg,"[0,0,0,0,0,0,1,0]",0.0,2.0,1.0,0.0,"[0,1,0,0,0,0]"
img592.jpg,"[1,1,0,0,0,0,0,0]",2.0,0.0,0.0,0.0,"[0,1,1,1,0,0]"
img678.jpg,"[1,0,1,0,0,0,0,0]",1.0,0.0,1.0,0.0,"[0,1,1,1,0,0]"
img7.jpg,"[0,0,0,0,1,0,0,0]",0.0,1.0,1.0,0.0,"[0,1,1,0,0,0]"
img739.jpg,"[0,0,1,0,0,0,0,0]",0.0,0.0,0.0,0.0,"[0,1,1,1,0,0]"
img861.jpg,"[1,0,1,0,0,0,0,0]",1.0,1.0,1.0,0.0,"[0,1,1,0,0,0]"
img1019.jpg,"[1,1,0,0,0,0,0,0]",2.0,0.0,0.0,0.0,"[0,1,1,1,0,0]"
img11.jpg,"[0,0,0,0,1,0,0,0]",0.0,1.0,1.0,0.0,"[0,1,1,1,0,0]"
img1150.jpg,"[1,0,0,0,1,0,0,0]",1.0,0.0,0.0,0.0,"[0,1,1,1,0,0]"
img1164.jpg,"[1,0,0,0,1,0,0,0]",1.0,0.0,0.0,0.0,"[0,1,1,1,0,0]"
img1436.jpg,"[0,0,0,1,0,0,0,0]",0.0,1.0,0.0,0.0,"[0,1,1,0,0,0]"
img1680.jpg,"[1,1,0,0,0,0,0,0]",1.0,1.0,0.0,0.0,"[0,1,1,0,0,0]"
img170.jpg,"[0,0,0,0,1,0,0,0]",0.0,0.0,0.0,0.0,"[0,1,1,1,1,0]"
img1702.jpg,"[1,1,0,0,0,0,0,0]",1.0,0.0,0.0,0.0,"[0,1,1,0,0,0]"
img1811.jpg,"[0,0,0,0,0,0,0,0]",0.0,0.0,0.0,0.0,"[0,1,1,1,1,1]"
img217.jpg,"[0,0,0,0,1,0,0,0]",0.0,1.0,0.0,0.0,"[0,1,1,1,0,0]"
img2176.jpg,"[1,0,0,0,1,0,0,0]",1.0,0.0,0.0,0.0,"[0,1,1,1,0,0]"
img2236.jpg,"[1,0,0,0,0,0,0,0]",2.0,0.0,0.0,0.0,"[0,1,0,0,0,0]"
img2238.jpg,"[0,0,1,0,0,1,0,0]",0.0,1.0,1.0,0.0,"[0,1,1,1,1,0]"
img2286.jpg,"[1,0,0,1,0,0,0,0]",1.0,0.0,0.0,0.0,"[0,1,1,0,0,0]"
img2330.jpg,"[1,0,0,0,1,0,0,0]",2.0,1.0,0.0,0.0,"[0,1,1,0,0,0]"
img2473.jpg,"[1,0,0,0,0,0,0,0]",2.0,0.0,0.0,0.0,"[0,1,1,1,0,0]"
img2561.jpg,"[1,0,0,0,0,0,0,0]",2.0,0.0,0.0,0.0,"[0,1,1,1,0,0]"
img2661.jpg,"[1,0,0,0,1,0,0,0]",1.0,0.0,0.0,0.0,"[0,1,1,1,0,0]"
img2774.jpg,"[0,0,0,0,0,0,0,0]",0.0,0.0,0.0,0.0,"[0,1,1,1,1,1]"
img2807.jpg,"[0,0,0,0,0,0,0,0]",0.0,0.0,0.0,0.0,"[0,1,1,1,1,1]"
img2812.jpg,"[1,0,0,0,1,0,0,0]",1.0,0.0,0.0,0.0,"[0,1,1,1,0,0]"
img2983.jpg,"[1,0,0,0,0,0,0,0]",2.0,0.0,0.0,0.0,"[0,1,1,0,0,0]"
img30.jpg,"[1,0,0,0,0,0,1,0]",1.0,2.0,2.0,0.0,"[0,1,0,0,0,0]"
img3085.jpg,"[1,0,0,0,0,1,0,0]",1.0,1.0,1.0,0.0,"[0,1,1,0,0,0]"
img3263.jpg,"[0,0,1,0,0,0,0,0]",0.0,0.0,0.0,0.0,"[0,1,1,1,1,1]"
img3398.jpg,"[0,0,1,0,0,0,0,0]",0.0,0.0,1.0,0.0,"[0,1,1,0,0,0]"
img358.jpg,"[0,0,0,0,0,0,0,0]",0.0,0.0,0.0,0.0,"[0,1,1,1,1,0]"
img3614.jpg,"[1,1,1,0,0,0,0,0]",2.0,0.0,1.0,0.0,"[0,1,1,1,0,0]"
img366.jpg,"[0,0,1,0,0,0,0,0]",0.0,0.0,0.0,0.0,"[0,1,1,1,1,0]"
img3717.jpg,"[0,0,0,0,0,0,0,0]",0.0,0.0,0.0,0.0,"[0,1,1,1,1,1]"
img3846.jpg,"[1,0,0,0,1,0,0,0]",1.0,0.0,0.0,0.0,"[0,1,1,1,0,0]"
img4013.jpg,"[1,0,0,0,0,1,0,0]",1.0,1.0,1.0,0.0,"[0,1,1,0,0,0]"
img4051.jpg,"[1,0,0,0,1,0,0,0]",2.0,0.0,0.0,0.0,"[0,1,1,1,0,0]"
img4095.jpg,"[1,0,0,0,0,0,0,0]",1.0,0.0,0.0,0.0,"[1,0,0,0,0,0]"
img4390.jpg,"[0,0,0,0,1,0,0,0]",0.0,0.0,0.0,0.0,"[0,1,1,1,1,0]"
img465.jpg,"[0,0,0,0,0,0,0,0]",0.0,0.0,0.0,0.0,"[0,1,1,1,1,1]"
img4680.jpg,"[1,1,0,0,0,0,0,0]",2.0,0.0,0.0,0.0,"[0,1,1,1,0,0]"
img4681.jpg,"[1,0,0,0,0,0,0,0]",2.0,0.0,0.0,0.0,"[0,1,1,1,0,0]"
img4762.jpg,"[1,0,1,1,0,0,0,0]",1.0,1.0,2.0,0.0,"[0,1,0,0,0,0]"
img4942.jpg,"[0,0,0,0,0,0,0,0]",0.0,0.0,1.0,0.0,"[0,1,1,0,0,0]"
img4986.jpg,"[1,0,0,0,1,0,0,0]",1.0,0.0,0.0,0.0,"[0,1,1,1,0,0]"
img565.jpg,"[0,0,0,0,0,0,0,0]",0.0,0.0,0.0,0.0,"[0,1,1,1,1,0]"
img671.jpg,"[1,0,0,0,0,0,0,0]",1.0,0.0,0.0,0.0,"[0,1,1,1,0,0]"
img681.jpg,"[1,0,0,0,0,0,0,0]",1.0,1.0,0.0,0.0,"[0,1,1,0,0,0]"
img706.jpg,"[1,0,0,0,0,0,0,0]",1.0,0.0,0.0,1.0,"[0,1,1,0,0,0]"
img737.jpg,"[0,0,1,0,0,0,0,0]",0.0,0.0,0.0,0.0,"[0,1,1,1,0,0]"
img844.jpg,"[1,0,0,0,1,0,0,0]",1.0,0.0,0.0,0.0,"[0,1,1,1,1,0]"
img897.jpg,"[0,0,1,0,0,0,0,0]",0.0,0.0,0.0,0.0,"[0,1,1,1,1,0]"
img907.jpg,"[0,0,1,0,0,0,0,0]",0.0,0.0,0.0,0.0,"[0,1,1,1,1,0]"
img940.jpg,"[0,0,0,0,1,0,0,0]",0.0,1.0,1.0,0.0,"[0,1,1,0,0,0]"
