image_path,information_type,identifiability_gold,location_gold,activity_gold,blur_presence,sharing_gold,high_level_category,subcategory
img1,"[1,0,1,0,1,0,0,0]",2.0,1.0,1.0,0.0,"[0,1,1,0,0,0]",Location information,Public facilities
img10,"[1,0,0,0,1,0,0,0]",1.0,1.0,1.0,0.0,"[0,1,1,0,0,0]",Location information,Public facilities
img100,"[1,0,0,1,1,0,0,0]",1.0,1.0,0.0,1.0,"[0,1,0,0,0,0]",Body and appearance,Body exposure and sexual implication
img1000,"[0,0,0,0,1,0,0,0]",0.0,0.0,0.0,0.0,"[0,1,1,1,1,0]",Personal preferences,Hobbies/Leisure/Style
img1001,"[0,0,0,0,1,0,0,0]",0.0,0.0,0.0,0.0,"[0,1,1,1,1,0]",Personal preferences,Hobbies/Leisure/Style
img1002,"[0,0,0,0,1,0,0,0]",0.0,0.0,0.0,0.0,"[0,1,1,1,0,0]",Personal preferences,Hobbies/Leisure/Style
img1003,"[1,0,0,0,1,0,0,0]",2.0,0.0,0.0,0.0,"[0,1,1,1,0,0]",Personal preferences,Hobbies/Leisure/Style
img1004,"[0,0,0,0,1,0,0,0]",0.0,0.0,0.0,0.0,"[0,1,1,1,1,0]",Personal preferences,Hobbies/Leisure/Style
img1005,"[0,0,0,0,1,0,0,0]",0.0,0.0,0.0,0.0,"[0,1,1,1,1,0]",Personal preferences,Hobbies/Leisure/Style
img1006,"[0,1,1,0,0,0,0,0]",0.0,0.0,0.0,0.0,"[0,1,1,1,0,0]",Personal identity and sensitive information,Workplace/School
img1007,"[1,0,1,0,0,0,0,0]",1.0,0.0,0.0,0.0,"[0,1,1,1,0,0]",Personal identity and sensitive information,Workplace/School
img1008,"[1,1,0,0,1,0,0,0]",2.0,0.0,1.0,0.0,"[0,1,1,1,0,0]",Personal identity and sensitive information,Workplace/School
img1009,"[0,1,1,0,0,0,0,0]",0.0,,0.0,0.0,"[0,1,1,1,0,0]",Personal identity and sensitive information,Workplace/School
img101,"[1,0,0,1,0,0,0,0]",2.0,2.0,2.0,0.0,"[1,0,0,0,0,0]",Body and appearance,Body exposure and sexual implication
img1010,"[1,1,0,0,0,0,0,0]",2.0,0.0,0.0,0.0,"[0,1,1,1,0,0]",Personal identity and sensitive information,Workplace/School
img1011,"[1,1,0,0,0,0,0,0]",2.0,0.0,0.0,0.0,"[0,1,1,1,0,0]",Personal identity and sensitive information,Workplace/School
img1012,"[1,1,1,0,0,0,0,0]",2.0,0.0,0.0,0.0,"[0,1,1,1,0,0]",Personal identity and sensitive information,Workplace/School
img1013,"[1,1,1,0,0,0,0,0]",2.0,0.0,0.0,0.0,"[0,1,1,1,0,0]",Personal identity and sensitive information,Workplace/School
img1014,"[1,1,0,0,1,0,0,0]",2.0,0.0,1.0,0.0,"[0,1,1,1,0,0]",Personal identity and sensitive information,Workplace/School
img1015,"[1,1,0,0,1,0,0,0]",2.0,0.0,1.0,0.0,"[0,1,1,1,0,0]",Personal identity and sensitive information,Workplace/School
img1016,"[1,1,0,0,1,0,0,0]",2.0,0.0,1.0,,"[0,1,1,1,0,0]",Personal identity and sensitive information,Workplace/School
img1017,"[1,1,0,0,0,0,0,0]",2.0,0.0,0.0,0.0,"[0,1,1,1,0,0]",Personal identity and sensitive information,Workplace/School
img1018,"[1,1,0,0,1,0,0,0]",2.0,0.0,1.0,0.0,"[0,1,1,1,0,0]",Personal identity and sensitive information,Workplace/School
img1019,"[1,1,0,0,0,0,0,0]",2.0,0.0,0.0,0.0,"[0,1,1,1,0,0]",Personal identity and sensitive information,Workplace/School
img102,"[1,0,0,1,1,0,0,0]",1.0,0.0,1.0,0.0,"[0,1,0,0,0,0]",Body and appearance,Body exposure and sexual implication
img1020,"[1,1,0,0,1,0,0,0]",2.0,0.0,1.0,0.0,"[0,1,1,1,0,0]",Personal identity and sensitive information,Workplace/School
img1021,"[1,1,0,0,1,0,0,0]",2.0,0.0,1.0,0.0,"[0,1,1,1,0,0]",Personal identity and sensitive information,Workplace/School
img1022,"[1,1,0,0,1,0,0,0]",2.0,0.0,1.0,0.0,"[0,1,1,1,0,0]",Personal identity and sensitive information,Workplace/School
img1023,"[1,1,1,0,0,0,0,0]",2.0,0.0,0.0,0.0,"[0,1,1,1,0,0]",Personal identity and sensitive information,Workplace/School
img1024,"[1,1,1,0,0,0,0,0]",2.0,0.0,0.0,0.0,"[0,1,1,1,0,0]",Personal identity and sensitive information,Workplace/School
img1025,"[1,0,0,0,0,0,0,0]",2.0,0.0,0.0,1.0,"[0,1,1,1,0,0]",Personal identity and sensitive information,Workplace/School
img1026,"[1,1,0,0,1,0,0,0]",2.0,0.0,1.0,0.0,"[0,1,1,1,0,0]",Personal identity and sensitive information,Workplace/School
img1027,"[1,1,0,0,1,0,0,0]",2.0,0.0,1.0,0.0,"[0,1,1,0,0,0]",Personal identity and sensitive information,Workplace/School
img1028,"[1,1,0,0,1,0,0,0]",2.0,0.0,0.0,0.0,"[0,1,1,1,0,0]",Personal identity and sensitive information,Workplace/School
img1029,"[1,1,0,0,1,0,0,0]",2.0,0.0,1.0,0.0,"[0,1,1,1,0,0]",Personal identity and sensitive information,Workplace/School
img103,"[1,0,0,1,1,0,0,0]",2.0,0.0,1.0,0.0,"[0,1,0,0,0,0]",Body and appearance,Body exposure and sexual implication
img1030,"[1,1,0,0,0,0,0,0]",2.0,0.0,0.0,0.0,"[0,1,1,1,0,0]",Personal identity and sensitive information,Workplace/School
img1031,"[1,1,0,0,1,0,0,0]",2.0,0.0,1.0,0.0,"[0,1,1,1,0,0]",Personal identity and sensitive information,Workplace/School
img1032,"[1,1,1,0,1,0,0,0]",2.0,0.0,1.0,0.0,"[0,1,1,1,0,0]",Personal identity and sensitive information,Workplace/School
img1033,"[1,1,0,0,1,0,0,0]",2.0,1.0,1.0,0.0,"[0,1,1,1,0,0]",Personal identity and sensitive information,Workplace/School
img1034,"[1,1,1,0,0,0,0,0]",2.0,0.0,0.0,0.0,"[0,1,1,1,0,0]",Personal identity and sensitive information,Workplace/School
img1035,"[1,1,0,0,1,0,0,0]",2.0,0.0,1.0,0.0,"[0,1,1,0,0,0]",Personal identity and sensitive information,Workplace/School
img1036,"[1,1,0,0,0,0,0,0]",2.0,0.0,0.0,0.0,"[0,1,1,1,0,0]",Personal identity and sensitive information,Workplace/School
img1037,"[1,1,0,0,0,0,0,0]",2.0,0.0,0.0,0.0,"[0,1,1,1,0,0]",Personal identity and sensitive information,Workplace/School
img1038,"[1,1,0,0,1,0,0,0]",2.0,0.0,0.0,0.0,"[0,1,1,1,0,0]",Personal identity and sensitive information,Workplace/School
img1039,"[1,1,1,0,1,0,0,0]",2.0,0.0,1.0,0.0,"[0,1,1,1,0,0]",Personal identity and sensitive information,Workplace/School
img104,"[1,0,0,1,0,0,0,0]",2.0,2.0,1.0,0.0,"[0,1,0,0,0,0]",Body and appearance,Body exposure and sexual implication
img1040,"[1,1,0,0,0,0,0,0]",2.0,0.0,0.0,0.0,"[0,1,1,0,0,0]",Personal identity and sensitive information,Workplace/School
img1041,"[1,1,1,0,0,0,0,0]",2.0,0.0,0.0,0.0,"[0,1,1,1,0,0]",Personal identity and sensitive information,Workplace/School
img1042,"[1,1,0,0,1,0,0,0]",2.0,0.0,1.0,0.0,"[0,1,1,1,0,0]",Personal identity and sensitive information,Workplace/School
img1043,"[1,1,0,0,1,0,0,0]",2.0,0.0,1.0,0.0,"[0,1,1,1,0,0]",Personal identity and sensitive information,Workplace/School
img1044,"[1,1,0,0,1,0,0,0]",2.0,0.0,1.0,0.0,"[0,1,1,1,0,0]",Personal identity and sensitive information,Workplace/School
img1045,"[1,1,0,0,1,0,0,0]",2.0,0.0,1.0,0.0,"[0,1,1,1,0,0]",Personal identity and sensitive information,Workplace/School
img1046,"[1,1,0,0,0,0,0,0]",2.0,0.0,0.0,0.0,"[0,1,1,1,0,0]",Personal identity and sensitive information,Workplace/School
img1047,"[1,1,0,0,0,0,0,0]",2.0,0.0,0.0,0.0,"[0,1,1,1,0,0]",Personal identity and sensitive information,Workplace/School
img1048,"[1,1,0,0,0,0,0,0]",2.0,0.0,0.0,0.0,"[0,1,1,1,0,0]",Personal identity and sensitive information,Workplace/School
img1049,"[1,1,0,0,0,0,0,0]",2.0,0.0,0.0,0.0,"[0,1,1,1,0,0]",Personal identity and sensitive information,Workplace/School
img105,"[1,0,0,1,1,0,0,0]",2.0,0.0,1.0,0.0,"[0,1,1,0,0,0]",Body and appearance,Body exposure and sexual implication
img1050,"[0,0,1,0,0,0,0,0]",0.0,1.0,0.0,0.0,"[0,1,1,1,0,0]",Personal identity and sensitive information,Workplace/School
img1051,"[1,1,1,0,0,0,0,0]",2.0,0.0,0.0,0.0,"[0,1,1,1,0,0]",Personal identity and sensitive information,Workplace/School
img1052,"[1,1,0,0,1,0,0,0]",2.0,0.0,1.0,0.0,"[0,1,1,1,0,0]",Personal identity and sensitive information,Workplace/School
img1053,"[1,1,0,0,0,0,0,0]",2.0,0.0,0.0,0.0,"[0,1,1,1,0,0]",Personal identity and sensitive information,Workplace/School
img1054,"[1,1,0,0,1,0,0,0]",2.0,0.0,1.0,0.0,"[0,1,1,1,0,0]",Personal identity and sensitive information,Workplace/School
img1055,"[1,1,1,0,0,0,0,0]",2.0,0.0,0.0,0.0,"[0,1,1,1,0,0]",Personal identity and sensitive information,Workplace/School
img1056,"[0,1,1,0,0,0,0,0]",0.0,0.0,0.0,0.0,"[0,1,1,0,0,0]",Personal identity and sensitive information,Workplace/School
img1057,"[0,1,1,0,0,0,0,0]",0.0,0.0,0.0,0.0,"[0,1,1,1,0,0]",Personal identity and sensitive information,Workplace/School
img1058,"[1,1,0,0,1,0,0,0]",2.0,0.0,1.0,0.0,"[0,1,1,1,0,0]",Personal identity and sensitive information,Workplace/School
img1059,"[1,1,0,0,1,0,0,0]",2.0,0.0,0.0,0.0,"[0,1,1,1,0,0]",Personal identity and sensitive information,Workplace/School
img106,"[1,0,0,0,1,0,0,0]",1.0,0.0,0.0,0.0,"[0,1,1,1,0,0]",Body and appearance,Body exposure and sexual implication
img1060,"[1,1,1,0,0,0,0,0]",2.0,0.0,0.0,0.0,"[0,1,1,1,0,0]",Personal identity and sensitive information,Workplace/School
img1061,"[1,1,0,0,1,0,0,0]",2.0,0.0,1.0,0.0,"[0,1,1,1,0,0]",Personal identity and sensitive information,Workplace/School
img1062,"[1,1,0,0,0,0,0,0]",2.0,0.0,0.0,0.0,"[0,1,1,1,0,0]",Personal identity and sensitive information,Workplace/School
img1063,"[1,1,0,0,1,0,0,0]",2.0,0.0,1.0,0.0,"[0,1,1,0,0,0]",Personal identity and sensitive information,Workplace/School
img1064,"[1,1,0,0,1,0,0,0]",2.0,0.0,1.0,0.0,"[0,1,1,0,0,0]",Personal identity and sensitive information,Workplace/School
img1065,"[1,1,0,0,0,0,0,0]",2.0,0.0,0.0,0.0,"[0,1,1,1,0,0]",Personal identity and sensitive information,Workplace/School
img1066,"[1,1,0,1,1,1,0,0]",2.0,1.0,1.0,0.0,"[0,1,0,0,0,0]",Socio-cultural sensitive information,Gender identity
img1067,"[1,0,0,0,1,1,0,0]",2.0,0.0,1.0,0.0,"[0,0,0,0,0,0]",Socio-cultural sensitive information,Gender identity
img1068,"[1,0,0,1,0,0,0,0]",2.0,1.0,1.0,0.0,"[0,1,0,0,0,0]",Socio-cultural sensitive information,Gender identity
img1069,"[1,0,0,1,0,1,0,0]",2.0,0.0,1.0,0.0,"[0,1,0,0,0,0]",Socio-cultural sensitive information,Gender identity
img107,"[1,0,0,1,0,0,0,0]",2.0,0.0,2.0,0.0,"[0,1,0,0,0,0]",Body and appearance,Body exposure and sexual implication
img1070,"[1,0,1,1,1,1,0,0]",2.0,1.0,1.0,0.0,"[0,0,0,0,0,0]",Socio-cultural sensitive information,Gender identity
img1071,"[1,0,0,1,1,0,0,0]",2.0,0.0,1.0,0.0,"[0,0,0,0,0,0]",Socio-cultural sensitive information,Gender identity
img1072,"[1,0,0,0,1,1,0,0]",2.0,0.0,1.0,0.0,"[0,0,0,0,0,0]",Socio-cultural sensitive information,Gender identity
img1073,"[1,0,0,1,1,0,0,0]",2.0,0.0,1.0,0.0,"[0,1,0,0,0,0]",Socio-cultural sensitive information,Gender identity
img1074,"[1,0,1,0,1,0,0,0]",2.0,1.0,1.0,0.0,"[0,1,0,0,0,0]",Socio-cultural sensitive information,Gender identity
img1075,"[1,0,1,1,0,1,0,0]",2.0,2.0,1.0,0.0,"[0,0,0,0,0,0]",Socio-cultural sensitive information,Gender identity
img1076,"[1,0,0,0,1,0,0,0]",2.0,0.0,1.0,0.0,"[0,1,0,0,0,0]",Socio-cultural sensitive information,Gender identity
img1077,"[1,0,0,1,1,0,0,0]",2.0,0.0,1.0,0.0,"[0,0,0,0,0,0]",Socio-cultural sensitive information,Gender identity
img1078,"[1,0,0,0,1,0,0,0]",2.0,1.0,1.0,0.0,"[0,1,0,0,0,0]",Socio-cultural sensitive information,Gender identity
img1079,"[1,1,0,0,1,0,0,0]",2.0,0.0,0.0,0.0,"[0,1,1,1,0,0]",Socio-cultural sensitive information,Gender identity
img108,"[1,0,1,1,0,0,0,0]",2.0,2.0,2.0,0.0,"[0,0,0,0,0,0]",Body and appearance,Body exposure and sexual implication
img1080,"[1,0,0,1,0,1,0,0]",2.0,0.0,2.0,0.0,"[0,0,0,0,0,0]",Socio-cultural sensitive information,Gender identity
img1081,"[1,0,0,1,0,0,0,0]",2.0,1.0,1.0,0.0,"[0,0,0,0,0,0]",Socio-cultural sensitive information,Gender identity
img1082,"[1,1,0,1,1,0,0,0]",2.0,1.0,1.0,0.0,"[0,0,0,0,0,0]",Socio-cultural sensitive information,Gender identity
img1083,"[1,0,0,1,1,0,0,0]",2.0,1.0,1.0,1.0,"[0,0,0,0,0,0]",Socio-cultural sensitive information,Gender identity
img1084,"[1,1,0,1,0,1,0,0]",2.0,1.0,1.0,0.0,"[0,0,0,0,0,0]",Socio-cultural sensitive information,Gender identity
img1085,"[1,0,0,1,1,0,0,0]",1.0,1.0,1.0,0.0,"[0,0,0,0,0,0]",Socio-cultural sensitive information,Gender identity
img1086,"[1,0,0,1,1,0,0,0]",2.0,0.0,1.0,0.0,"[0,1,0,0,0,0]",Socio-cultural sensitive information,Gender identity
img1087,"[1,0,0,0,1,0,0,0]",2.0,0.0,1.0,0.0,"[0,1,1,1,0,0]",Socio-cultural sensitive information,Gender identity
img1088,"[1,0,0,1,0,1,0,0]",2.0,0.0,2.0,0.0,"[0,0,0,0,0,0]",Socio-cultural sensitive information,Gender identity
img1089,"[1,0,0,1,1,0,0,0]",2.0,0.0,1.0,0.0,"[0,1,1,1,0,0]",Socio-cultural sensitive information,Gender identity
img109,"[1,0,1,1,0,0,0,0]",2.0,2.0,2.0,0.0,"[0,0,0,0,0,0]",Body and appearance,Body exposure and sexual implication
img1090,"[1,0,0,1,1,1,0,0]",2.0,1.0,1.0,0.0,"[0,0,0,0,0,0]",Socio-cultural sensitive information,Gender identity
img1091,"[1,0,0,1,1,0,0,0]",2.0,0.0,1.0,0.0,"[0,1,0,0,0,0]",Socio-cultural sensitive information,Gender identity
img1092,"[1,0,0,0,1,1,0,0]",2.0,0.0,1.0,0.0,"[0,1,0,0,0,0]",Socio-cultural sensitive information,Gender identity
img1093,"[1,0,0,0,1,1,0,0]",2.0,1.0,1.0,0.0,"[0,0,0,0,0,0]",Socio-cultural sensitive information,Gender identity
img1094,"[1,1,0,1,0,1,0,0]",2.0,0.0,1.0,0.0,"[0,1,0,0,0,0]",Socio-cultural sensitive information,Gender identity
img1095,"[1,0,1,0,1,0,0,0]",2.0,0.0,0.0,0.0,"[0,1,1,1,0,0]",Personal preferences,Hobbies/Leisure/Style
img1096,"[1,0,1,1,1,0,0,0]",2.0,0.0,1.0,0.0,"[0,1,0,0,0,0]",Personal preferences,Hobbies/Leisure/Style
img1097,"[1,0,0,0,1,0,0,0]",2.0,0.0,0.0,0.0,"[0,1,1,1,0,0]",Personal preferences,Hobbies/Leisure/Style
img1098,"[1,0,1,1,1,0,0,0]",2.0,0.0,1.0,0.0,"[0,1,1,1,0,0]",Personal preferences,Hobbies/Leisure/Style
img1099,"[1,0,0,0,1,0,0,0]",2.0,0.0,0.0,0.0,"[0,1,1,1,0,0]",Personal preferences,Hobbies/Leisure/Style
img11,"[0,0,0,0,1,0,0,0]",0.0,1.0,1.0,0.0,"[0,1,1,1,0,0]",Location information,Public facilities
img110,"[1,0,0,0,1,0,0,0]",2.0,0.0,0.0,0.0,"[0,1,1,1,0,0]",Body and appearance,Body exposure and sexual implication
img1100,"[1,0,1,1,1,0,0,0]",2.0,0.0,1.0,0.0,"[0,1,1,0,0,0]",Personal preferences,Hobbies/Leisure/Style
img1101,"[1,0,0,0,1,0,0,0]",1.0,0.0,0.0,0.0,"[0,1,1,1,0,0]",Personal preferences,Hobbies/Leisure/Style
img1102,"[1,0,0,1,1,0,0,0]",2.0,0.0,1.0,0.0,"[0,1,1,0,0,0]",Personal preferences,Hobbies/Leisure/Style
img1103,"[1,0,0,0,1,0,0,0]",2.0,0.0,0.0,0.0,"[0,1,1,1,0,0]",Personal preferences,Hobbies/Leisure/Style
img1104,"[1,0,0,0,1,0,0,0]",1.0,0.0,0.0,0.0,"[0,1,1,1,0,0]",Personal preferences,Hobbies/Leisure/Style
img1105,"[1,0,0,0,1,0,0,0]",2.0,0.0,0.0,0.0,"[0,1,1,1,0,0]",Personal preferences,Hobbies/Leisure/Style
img1106,"[1,1,1,0,1,0,0,0]",2.0,0.0,0.0,0.0,"[0,1,1,1,0,0]",Personal preferences,Hobbies/Leisure/Style
img1107,"[1,0,0,0,1,0,0,0]",2.0,0.0,0.0,0.0,"[0,1,1,1,0,0]",Personal preferences,Hobbies/Leisure/Style
img1108,"[1,0,1,0,1,0,0,0]",2.0,0.0,0.0,0.0,"[0,1,1,1,0,0]",Personal preferences,Hobbies/Leisure/Style
img1109,"[1,0,0,0,0,0,0,0]",1.0,0.0,0.0,0.0,"[0,1,1,1,0,0]",Personal preferences,Hobbies/Leisure/Style
img111,"[1,0,1,1,0,0,0,0]",1.0,1.0,2.0,0.0,"[0,1,0,0,0,0]",Body and appearance,Body exposure and sexual implication
img1110,"[1,0,0,0,1,0,0,0]",2.0,0.0,0.0,0.0,"[0,1,1,1,0,0]",Personal preferences,Hobbies/Leisure/Style
img1111,"[1,0,1,0,1,0,0,0]",2.0,0.0,0.0,0.0,"[0,1,1,1,0,0]",Personal preferences,Hobbies/Leisure/Style
img1112,"[1,0,0,0,1,0,0,0]",2.0,0.0,0.0,1.0,"[0,1,1,1,0,0]",Personal preferences,Hobbies/Leisure/Style
img1113,"[1,0,0,0,0,0,0,0]",2.0,0.0,0.0,0.0,"[0,1,1,1,0,0]",Personal preferences,Hobbies/Leisure/Style
img1114,"[1,0,0,0,1,0,0,0]",2.0,0.0,0.0,0.0,"[0,1,1,1,0,0]",Personal preferences,Hobbies/Leisure/Style
img1115,"[1,0,1,0,1,0,0,0]",2.0,0.0,0.0,0.0,"[0,1,1,1,0,0]",Personal preferences,Hobbies/Leisure/Style
img1116,"[1,0,0,1,1,0,0,0]",2.0,0.0,1.0,0.0,"[0,1,0,0,0,0]",Personal preferences,Hobbies/Leisure/Style
img1117,"[0,0,0,0,0,0,0,1]",0.0,0.0,0.0,0.0,"[0,1,1,1,1,0]",Personal preferences,Hobbies/Leisure/Style
img1118,"[1,0,0,0,1,0,0,0]",2.0,0.0,0.0,0.0,"[0,1,1,1,0,0]",Personal preferences,Hobbies/Leisure/Style
img1119,"[1,0,0,0,1,0,0,0]",2.0,0.0,0.0,0.0,"[0,1,1,1,0,0]",Personal preferences,Hobbies/Leisure/Style
img112,"[1,0,0,1,1,0,0,0]",2.0,1.0,0.0,0.0,"[0,1,1,0,0,0]",Body and appearance,Body exposure and sexual implication
img1120,"[1,0,0,0,0,0,0,0]",2.0,0.0,0.0,0.0,"[0,1,1,1,0,0]",Personal preferences,Hobbies/Leisure/Style
img1121,"[1,0,1,0,1,0,0,0]",2.0,0.0,0.0,0.0,"[0,1,1,1,0,0]",Personal preferences,Hobbies/Leisure/Style
img1122,"[1,0,0,0,1,0,0,0]",1.0,0.0,0.0,0.0,"[0,1,1,1,0,0]",Personal preferences,Hobbies/Leisure/Style
img1123,"[1,0,0,0,1,0,0,0]",1.0,0.0,0.0,0.0,"[0,1,1,1,0,0]",Personal preferences,Hobbies/Leisure/Style
img1124,"[1,0,1,0,1,0,0,0]",2.0,0.0,0.0,0.0,"[0,1,1,0,0,0]",Personal preferences,Hobbies/Leisure/Style
img1125,"[1,0,0,0,1,0,0,0]",2.0,0.0,0.0,0.0,"[0,1,1,1,0,0]",Personal preferences,Hobbies/Leisure/Style
img1126,"[1,0,0,0,1,0,0,1]",0.0,0.0,0.0,0.0,"[0,1,1,1,0,0]",Personal preferences,Hobbies/Leisure/Style
img1127,"[1,0,0,0,1,0,0,0]",2.0,0.0,0.0,0.0,"[0,1,1,1,0,0]",Personal preferences,Hobbies/Leisure/Style
img1128,"[0,0,0,0,1,0,0,0]",0.0,0.0,0.0,0.0,"[0,1,1,1,0,0]",Personal preferences,Hobbies/Leisure/Style
img1129,"[1,0,0,0,1,0,0,1]",1.0,0.0,0.0,0.0,"[0,1,1,1,0,0]",Personal preferences,Hobbies/Leisure/Style
img113,"[0,0,0,0,1,0,0,0]",0.0,0.0,0.0,0.0,"[0,1,1,1,1,0]",Personal preferences,Hobbies/Leisure/Style
img1130,"[1,0,1,0,1,0,0,0]",1.0,0.0,0.0,0.0,"[0,1,1,1,0,0]",Personal preferences,Hobbies/Leisure/Style
img1131,"[1,0,1,1,1,0,0,0]",2.0,0.0,1.0,0.0,"[0,1,1,1,0,0]",Personal preferences,Hobbies/Leisure/Style
img1132,"[1,0,1,0,0,0,0,0]",2.0,0.0,0.0,0.0,"[0,1,1,1,0,0]",Personal preferences,Hobbies/Leisure/Style
img1133,"[1,0,0,1,0,0,0,0]",2.0,0.0,1.0,0.0,"[0,1,0,0,0,0]",Personal preferences,Hobbies/Leisure/Style
img1134,"[1,0,0,0,1,0,0,0]",1.0,0.0,0.0,0.0,"[0,1,1,1,0,0]",Personal preferences,Hobbies/Leisure/Style
img1135,"[1,1,0,0,1,0,0,0]",2.0,0.0,0.0,0.0,"[0,1,1,1,0,0]",Personal preferences,Hobbies/Leisure/Style
img1136,"[1,0,0,0,1,0,0,0]",1.0,0.0,0.0,0.0,"[0,1,1,1,0,0]",Personal preferences,Hobbies/Leisure/Style
img1137,"[1,0,0,1,1,0,0,0]",2.0,0.0,1.0,0.0,"[0,1,1,0,0,0]",Personal preferences,Hobbies/Leisure/Style
img1138,"[1,0,1,0,1,0,0,0]",2.0,0.0,0.0,0.0,"[0,1,1,1,0,0]",Personal preferences,Hobbies/Leisure/Style
img1139,"[1,0,0,0,0,0,0,0]",1.0,0.0,0.0,0.0,"[0,1,1,1,0,0]",Personal preferences,Hobbies/Leisure/Style
img114,"[0,0,0,0,1,0,0,0]",0.0,0.0,0.0,0.0,"[0,1,1,1,1,0]",Personal preferences,Hobbies/Leisure/Style
img1140,"[1,0,0,1,1,0,0,0]",1.0,0.0,1.0,0.0,"[0,1,1,0,0,0]",Personal preferences,Hobbies/Leisure/Style
img1141,"[1,0,0,0,1,0,0,0]",2.0,0.0,0.0,0.0,"[0,1,1,1,0,0]",Personal preferences,Hobbies/Leisure/Style
img1142,"[1,0,0,0,1,0,0,0]",2.0,0.0,0.0,0.0,"[0,1,1,1,0,0]",Personal preferences,Hobbies/Leisure/Style
img1143,"[1,0,0,0,0,0,0,0]",1.0,0.0,0.0,0.0,"[0,1,1,1,0,0]",Personal preferences,Hobbies/Leisure/Style
img1144,"[1,0,1,1,0,0,0,0]",2.0,0.0,1.0,0.0,"[0,1,1,0,0,0]",Personal preferences,Hobbies/Leisure/Style
img1145,"[1,0,0,0,0,0,0,0]",2.0,0.0,0.0,0.0,"[0,1,1,0,0,0]",Personal preferences,Hobbies/Leisure/Style
img1146,"[1,0,0,1,0,0,0,0]",2.0,0.0,1.0,0.0,"[0,1,1,1,0,0]",Personal preferences,Hobbies/Leisure/Style
img1147,"[1,0,0,0,0,0,0,0]",2.0,0.0,0.0,0.0,"[0,1,1,1,0,0]",Personal preferences,Hobbies/Leisure/Style
img1148,"[1,0,0,1,1,0,0,0]",2.0,0.0,1.0,0.0,"[0,1,1,0,0,0]",Personal preferences,Hobbies/Leisure/Style
img1149,"[1,0,0,1,1,0,0,0]",1.0,0.0,1.0,0.0,"[0,0,0,0,0,0]",Personal preferences,Hobbies/Leisure/Style
img115,"[0,0,0,0,1,0,0,0]",0.0,0.0,0.0,0.0,"[0,1,1,1,1,0]",Personal preferences,Hobbies/Leisure/Style
img1150,"[1,0,0,0,1,0,0,0]",2.0,0.0,0.0,0.0,"[0,1,1,1,0,0]",Personal preferences,Hobbies/Leisure/Style
img1151,"[1,0,0,0,1,0,0,0]",2.0,0.0,0.0,0.0,"[0,1,1,1,0,0]",Personal preferences,Hobbies/Leisure/Style
img1152,"[1,0,0,0,1,0,0,0]",2.0,0.0,0.0,0.0,"[0,1,1,1,0,0]",Personal preferences,Hobbies/Leisure/Style
img1153,"[1,1,0,0,0,0,0,0]",1.0,0.0,,0.0,"[0,1,1,0,0,0]",Personal preferences,Hobbies/Leisure/Style
img1154,"[1,0,1,1,1,0,0,0]",2.0,0.0,1.0,0.0,"[0,1,1,0,0,0]",Personal preferences,Hobbies/Leisure/Style
img1155,"[1,0,0,1,1,0,0,0]",1.0,0.0,1.0,0.0,"[0,1,0,0,0,0]",Personal preferences,Hobbies/Leisure/Style
img1156,"[1,0,0,1,0,0,0,0]",2.0,0.0,1.0,0.0,"[0,1,1,1,0,0]",Personal preferences,Hobbies/Leisure/Style
img1157,"[1,0,0,1,1,0,0,1]",1.0,0.0,1.0,0.0,"[0,1,1,0,0,0]",Personal preferences,Hobbies/Leisure/Style
img1158,"[1,0,0,0,1,0,0,0]",2.0,0.0,0.0,0.0,"[0,1,1,1,0,0]",Personal preferences,Hobbies/Leisure/Style
img1159,"[1,0,0,0,1,0,0,0]",2.0,0.0,0.0,0.0,"[0,1,1,1,0,0]",Personal preferences,Hobbies/Leisure/Style
img116,"[1,0,0,0,1,0,0,0]",2.0,0.0,0.0,0.0,"[0,1,1,1,0,0]",Personal preferences,Hobbies/Leisure/Style
img1160,"[1,0,0,0,1,0,0,0]",1.0,0.0,0.0,0.0,"[0,1,1,1,0,0]",Personal preferences,Hobbies/Leisure/Style
img1161,"[1,0,0,1,1,0,0,0]",2.0,0.0,1.0,0.0,"[0,1,1,0,0,0]",Personal preferences,Hobbies/Leisure/Style
img1162,"[1,0,0,0,1,0,0,0]",0.0,0.0,0.0,0.0,"[0,1,1,1,0,0]",Personal preferences,Hobbies/Leisure/Style
img1163,"[1,0,0,0,1,0,0,0]",2.0,0.0,0.0,0.0,"[0,1,1,1,0,0]",Personal preferences,Hobbies/Leisure/Style
img1164,"[1,0,0,1,1,0,0,0]",1.0,0.0,1.0,0.0,"[0,1,1,0,0,0]",Personal preferences,Hobbies/Leisure/Style
img1165,"[1,1,0,0,1,0,0,0]",2.0,0.0,0.0,0.0,"[0,1,1,0,0,0]",Personal preferences,Hobbies/Leisure/Style
img1166,"[1,0,0,0,0,0,0,0]",1.0,0.0,0.0,0.0,"[0,1,1,1,0,0]",Personal preferences,Hobbies/Leisure/Style
img1167,"[1,0,0,0,1,0,0,0]",2.0,0.0,0.0,0.0,"[0,1,1,1,0,0]",Personal preferences,Hobbies/Leisure/Style
img1168,"[1,0,0,0,1,0,0,0]",2.0,0.0,0.0,0.0,"[0,1,1,1,0,0]",Personal preferences,Hobbies/Leisure/Style
img1169,"[1,1,0,1,0,1,0,0]",2.0,0.0,1.0,0.0,"[0,0,0,0,0,0]",Socio-cultural sensitive information,Gender identity
img117,"[0,0,0,0,1,0,0,0]",0.0,0.0,0.0,0.0,"[0,1,1,1,0,0]",Personal preferences,Hobbies/Leisure/Style
img1170,"[1,1,0,0,0,0,0,0]",2.0,0.0,0.0,0.0,"[0,1,1,1,0,0]",Socio-cultural sensitive information,Gender identity
img1171,"[1,1,0,1,0,0,0,0]",2.0,0.0,1.0,0.0,"[0,1,0,0,0,0]",Socio-cultural sensitive information,Gender identity
img1172,"[1,0,0,0,0,0,0,0]",2.0,0.0,0.0,1.0,"[0,1,1,1,0,0]",Personal identity and sensitive information,Personal information
img1173,"[1,0,1,0,0,0,0,0]",2.0,0.0,0.0,0.0,"[0,1,1,1,0,0]",Personal identity and sensitive information,Personal information
img1174,"[1,0,1,0,0,0,0,0]",2.0,0.0,0.0,0.0,"[0,1,0,0,0,0]",Personal identity and sensitive information,Personal information
img1175,"[0,0,0,0,0,0,0,1]",0.0,0.0,0.0,0.0,"[0,1,1,1,0,0]",Personal identity and sensitive information,Personal information
img1176,"[1,1,1,0,0,0,0,0]",2.0,0.0,0.0,0.0,"[0,0,0,0,0,0]",Personal identity and sensitive information,Personal information
img1177,"[1,0,1,0,0,0,0,0]",2.0,0.0,0.0,1.0,"[0,1,0,0,0,0]",Personal identity and sensitive information,Personal information
img1178,"[1,0,0,0,0,0,0,0]",2.0,0.0,0.0,0.0,"[0,1,1,1,0,0]",Personal identity and sensitive information,Personal information
img1179,"[1,0,0,0,0,0,0,1]",2.0,0.0,0.0,0.0,"[0,1,1,0,0,0]",Personal identity and sensitive information,Personal information
img118,"[0,0,0,0,1,0,0,0]",0.0,0.0,0.0,0.0,"[0,1,1,1,1,0]",Personal preferences,Hobbies/Leisure/Style
img1180,"[1,0,1,0,0,0,0,0]",2.0,0.0,0.0,0.0,"[0,1,0,0,0,0]",Personal identity and sensitive information,Personal information
img1181,"[1,0,1,0,0,0,0,0]",2.0,0.0,0.0,1.0,"[0,1,0,0,0,0]",Personal identity and sensitive information,Personal information
img1182,"[0,0,1,0,0,0,0,0]",0.0,0.0,0.0,0.0,"[0,1,1,1,0,0]",Personal identity and sensitive information,Personal information
img1183,"[1,0,1,0,0,0,0,0]",2.0,0.0,0.0,0.0,"[0,1,0,0,0,0]",Personal identity and sensitive information,Personal information
img1184,"[1,0,1,0,0,0,0,0]",2.0,0.0,0.0,1.0,"[0,1,1,0,0,0]",Personal identity and sensitive information,Personal information
img1185,"[1,0,1,0,0,0,0,0]",2.0,0.0,0.0,0.0,"[0,1,1,0,0,0]",Personal identity and sensitive information,Personal information
img1186,"[1,0,1,0,0,0,0,0]",2.0,0.0,0.0,1.0,"[0,1,0,0,0,0]",Personal identity and sensitive information,Personal information
img1187,"[1,0,1,0,0,0,0,0]",2.0,0.0,1.0,0.0,"[0,1,0,0,0,0]",Personal identity and sensitive information,Personal information
img1188,"[1,0,1,0,0,0,0,0]",2.0,0.0,0.0,0.0,"[0,1,1,0,0,0]",Personal identity and sensitive information,Personal information
img1189,"[1,0,1,0,0,0,0,0]",2.0,0.0,1.0,0.0,"[0,1,0,0,0,0]",Personal identity and sensitive information,Personal information
img119,"[0,0,0,0,1,0,0,0]",0.0,0.0,0.0,0.0,"[0,1,1,1,1,0]",Personal preferences,Hobbies/Leisure/Style
img1190,"[1,0,1,0,0,0,0,0]",2.0,0.0,1.0,1.0,"[0,1,0,0,0,0]",Personal identity and sensitive information,Personal information
img1191,"[1,0,1,0,0,0,0,0]",2.0,0.0,0.0,1.0,"[0,1,0,0,0,0]",Personal identity and sensitive information,Personal information
img1192,"[1,0,0,0,0,0,0,0]",2.0,0.0,0.0,0.0,"[0,1,1,1,0,0]",Personal identity and sensitive information,Personal information
img1193,"[1,0,1,0,0,0,0,0]",2.0,0.0,0.0,1.0,"[0,1,1,0,0,0]",Personal identity and sensitive information,Personal information
img1194,"[1,0,1,0,0,0,0,0]",2.0,0.0,0.0,1.0,"[0,1,0,0,0,0]",Personal identity and sensitive information,Personal information
img1195,"[1,0,0,0,0,0,0,0]",0.0,0.0,0.0,,"[0,1,0,0,0,0]",Personal identity and sensitive information,Personal information
img1196,"[1,0,0,0,0,0,0,0]",2.0,0.0,0.0,1.0,"[0,1,0,0,0,0]",Personal identity and sensitive information,Personal information
img1197,"[1,0,1,0,0,0,0,0]",0.0,0.0,0.0,0.0,"[0,1,1,1,0,0]",Personal identity and sensitive information,Personal information
img1198,"[1,0,0,0,0,0,0,0]",2.0,0.0,0.0,0.0,"[0,1,1,0,0,0]",Personal identity and sensitive information,Personal information
img1199,"[1,0,0,0,0,0,0,0]",2.0,0.0,0.0,1.0,"[0,0,0,0,0,0]",Personal identity and sensitive information,Personal information
img12,"[1,0,0,0,1,0,0,0]",1.0,1.0,1.0,0.0,"[0,1,1,0,0,0]",Location information,Public facilities
img120,"[0,0,0,0,1,0,0,0]",0.0,0.0,0.0,0.0,"[0,1,1,1,1,0]",Personal preferences,Hobbies/Leisure/Style
img1200,"[1,0,1,0,0,0,0,0]",2.0,0.0,0.0,1.0,"[0,1,0,0,0,0]",Personal identity and sensitive information,Personal information
img1201,"[1,0,0,0,0,0,0,0]",2.0,0.0,0.0,0.0,"[0,1,1,1,0,0]",Personal identity and sensitive information,Personal information
img1202,"[1,0,1,0,0,0,0,0]",2.0,0.0,0.0,1.0,"[0,0,0,0,0,0]",Personal identity and sensitive information,Personal information
img1203,"[0,0,0,0,0,0,0,1]",0.0,0.0,0.0,0.0,"[0,1,1,1,0,0]",Personal identity and sensitive information,Personal information
img1204,"[1,0,1,0,0,0,0,0]",2.0,0.0,0.0,1.0,"[0,1,1,0,0,0]",Personal identity and sensitive information,Personal information
img1205,"[1,0,1,0,0,0,0,0]",2.0,0.0,0.0,1.0,"[0,1,0,0,0,0]",Personal identity and sensitive information,Personal information
img1206,"[1,0,0,0,0,0,0,0]",1.0,0.0,0.0,0.0,"[0,1,1,0,0,0]",Personal identity and sensitive information,Personal information
img1207,"[1,0,1,0,0,0,0,0]",1.0,0.0,0.0,1.0,"[0,1,1,0,0,0]",Personal identity and sensitive information,Personal information
img1208,"[1,0,1,0,0,0,0,0]",2.0,0.0,0.0,0.0,"[0,1,1,1,0,0]",Personal identity and sensitive information,Personal information
img1209,"[1,0,0,0,0,0,0,0]",2.0,0.0,0.0,0.0,"[0,1,1,0,0,0]",Personal identity and sensitive information,Personal information
img121,"[1,0,0,0,1,0,0,0]",2.0,0.0,0.0,0.0,"[0,1,1,1,0,0]",Personal preferences,Hobbies/Leisure/Style
img1210,"[1,0,1,0,0,0,0,0]",2.0,0.0,0.0,1.0,"[0,1,1,0,0,0]",Personal identity and sensitive information,Personal information
img1211,"[1,0,1,0,0,0,0,0]",2.0,0.0,0.0,1.0,"[0,1,1,0,0,0]",Personal identity and sensitive information,Personal information
img1212,"[1,0,1,0,0,0,0,0]",2.0,0.0,0.0,1.0,"[0,1,1,0,0,0]",Personal identity and sensitive information,Personal information
img1213,"[1,0,0,0,0,0,0,0]",2.0,0.0,0.0,1.0,"[0,1,1,0,0,0]",Personal identity and sensitive information,Personal information
img1214,"[1,0,1,0,0,0,0,0]",2.0,0.0,0.0,1.0,"[0,1,1,0,0,0]",Personal identity and sensitive information,Personal information
img1215,"[1,0,1,0,0,0,0,0]",2.0,0.0,0.0,1.0,"[0,1,1,0,0,0]",Personal identity and sensitive information,Personal information
img1216,"[1,0,1,0,0,0,0,0]",2.0,0.0,0.0,0.0,"[0,1,1,0,0,0]",Personal identity and sensitive information,Personal information
img1217,"[1,1,0,0,0,0,0,0]",2.0,0.0,0.0,0.0,"[0,1,1,1,0,0]",Location information,Public facilities
img1218,"[0,0,1,0,0,0,0,0]",0.0,0.0,0.0,0.0,"[0,1,1,1,0,0]",Location information,Public facilities
img1219,"[0,0,1,0,0,0,0,0]",0.0,0.0,0.0,0.0,"[0,1,1,1,0,0]",Location information,Public facilities
img122,"[1,0,0,0,1,0,0,0]",2.0,0.0,0.0,0.0,"[0,1,1,1,0,0]",Personal preferences,Hobbies/Leisure/Style
img1220,"[1,1,0,1,1,0,0,0]",2.0,2.0,2.0,0.0,"[1,0,0,0,0,0]",Location information,Public facilities
img1221,"[1,0,0,0,1,0,0,0]",2.0,0.0,0.0,0.0,"[0,1,1,1,0,0]",Location information,Public facilities
img1222,"[0,0,1,0,0,0,0,0]",0.0,1.0,0.0,0.0,"[0,1,1,0,0,0]",Location information,Public facilities
img1223,"[0,0,1,0,0,0,0,0]",0.0,1.0,0.0,0.0,"[0,1,1,0,0,0]",Location information,Public facilities
img1224,"[0,0,1,0,1,0,0,0]",0.0,2.0,1.0,,"[0,0,0,0,0,0]",Location information,Public facilities
img1225,"[1,0,1,0,1,0,0,0]",1.0,1.0,0.0,0.0,"[0,1,1,0,0,0]",Location information,Public facilities
img1226,"[0,0,1,0,0,0,0,1]",0.0,1.0,0.0,0.0,"[0,1,1,0,0,0]",Location information,Public facilities
img1227,"[0,0,1,0,0,0,0,1]",0.0,2.0,0.0,0.0,"[0,1,0,0,0,0]",Location information,Public facilities
img1228,"[0,0,1,1,1,0,0,0]",0.0,2.0,2.0,0.0,"[0,0,0,0,0,0]",Location information,Public facilities
img1229,"[0,0,1,0,0,0,0,0]",0.0,1.0,0.0,0.0,"[0,1,1,0,0,0]",Location information,Public facilities
img123,"[0,0,0,0,1,0,0,0]",0.0,0.0,0.0,0.0,"[0,1,1,1,1,0]",Personal preferences,Hobbies/Leisure/Style
img1230,"[1,0,1,0,0,0,0,0]",2.0,1.0,0.0,0.0,"[0,1,1,0,0,0]",Location information,Public facilities
img1231,"[0,0,1,0,0,0,0,0]",0.0,0.0,0.0,0.0,"[0,1,1,1,1,0]",Location information,Public facilities
img1232,"[1,0,1,1,0,0,0,0]",2.0,2.0,2.0,0.0,"[1,0,0,0,0,0]",Location information,Public facilities
img1233,"[1,0,1,0,0,0,0,0]",2.0,0.0,0.0,0.0,"[0,1,1,0,0,0]",Location information,Public facilities
img1234,"[1,0,1,0,1,0,0,0]",2.0,1.0,0.0,0.0,"[0,1,1,1,0,0]",Location information,Public facilities
img1235,"[1,1,0,0,0,0,0,0]",1.0,0.0,0.0,0.0,"[0,1,1,0,0,0]",Location information,Public facilities
img1236,"[1,1,1,0,1,0,0,0]",2.0,0.0,0.0,0.0,"[0,1,1,0,0,0]",Location information,Public facilities
img1237,"[1,0,1,0,1,0,0,0]",1.0,1.0,0.0,0.0,"[0,1,1,0,0,0]",Location information,Public facilities
img1238,"[1,0,1,0,1,0,0,0]",2.0,1.0,0.0,0.0,"[0,1,1,0,0,0]",Location information,Public facilities
img1239,"[0,0,1,0,0,0,0,0]",0.0,2.0,1.0,0.0,"[0,1,0,0,0,0]",Location information,Public facilities
img124,"[0,0,0,0,1,0,0,0]",0.0,0.0,0.0,1.0,"[0,1,1,1,1,0]",Personal preferences,Hobbies/Leisure/Style
img1240,"[0,0,0,0,1,0,0,0]",0.0,0.0,0.0,0.0,"[0,1,1,1,0,0]",Location information,Public facilities
img1241,"[0,0,1,0,0,0,0,0]",0.0,0.0,0.0,0.0,"[0,1,1,1,0,0]",Location information,Public facilities
img1242,"[0,0,1,0,0,0,0,1]",0.0,2.0,0.0,0.0,"[0,1,0,0,0,0]",Location information,Public facilities
img1243,"[0,0,1,0,0,0,0,0]",0.0,2.0,0.0,0.0,"[0,1,0,0,0,0]",Location information,Public facilities
img1244,"[1,1,1,0,1,0,0,0]",2.0,0.0,0.0,0.0,"[0,1,0,0,0,0]",Location information,Public facilities
img1245,"[1,1,1,0,1,0,0,0]",2.0,1.0,0.0,0.0,"[0,1,1,1,0,0]",Location information,Public facilities
img1246,"[0,0,1,0,0,0,0,0]",0.0,2.0,0.0,0.0,"[0,1,0,0,0,0]",Location information,Public facilities
img1247,"[1,1,1,0,0,0,0,0]",2.0,0.0,0.0,0.0,"[0,1,1,1,0,0]",Location information,Public facilities
img1248,"[0,0,1,0,0,0,0,1]",0.0,2.0,0.0,0.0,"[0,1,0,0,0,0]",Location information,Public facilities
img1249,"[1,0,1,0,0,0,0,0]",2.0,1.0,0.0,0.0,"[0,1,1,0,0,0]",Location information,Public facilities
img125,"[0,0,0,0,1,0,0,0]",0.0,0.0,0.0,0.0,"[0,1,1,1,1,1]",Personal preferences,Hobbies/Leisure/Style
img1250,"[1,0,0,0,1,0,0,0]",2.0,0.0,0.0,0.0,"[0,1,1,1,0,0]",Location information,Public facilities
img1251,"[1,0,0,0,1,0,0,0]",2.0,0.0,0.0,0.0,"[0,1,1,0,0,0]",Location information,Public facilities
img1252,"[1,0,0,0,0,0,0,0]",2.0,0.0,0.0,0.0,"[0,1,1,1,0,0]",Location information,Public facilities
img1253,"[1,0,1,0,1,0,0,0]",2.0,1.0,0.0,0.0,"[0,1,1,1,0,0]",Location information,Public facilities
img1254,"[1,0,1,1,0,0,0,0]",1.0,2.0,2.0,0.0,"[1,0,0,0,0,0]",Location information,Public facilities
img1255,"[1,0,0,1,0,0,0,0]",2.0,2.0,2.0,0.0,"[1,0,0,0,0,0]",Location information,Public facilities
img1256,"[1,0,1,0,0,0,0,0]",0.0,2.0,0.0,0.0,"[0,1,1,0,0,0]",Location information,Public facilities
img1257,"[0,0,1,0,0,0,0,0]",0.0,0.0,0.0,0.0,"[0,1,1,1,1,0]",Location information,Public facilities
img1258,"[1,0,1,0,1,0,0,0]",2.0,2.0,1.0,0.0,"[0,1,0,0,0,0]",Location information,Public facilities
img1259,"[1,0,0,0,0,1,1,0]",1.0,1.0,2.0,0.0,"[0,1,0,0,0,0]",Risk and crime-related information,Violence/Threat
img126,"[0,0,0,0,1,0,0,0]",0.0,0.0,0.0,0.0,"[0,1,1,1,1,0]",Personal preferences,Hobbies/Leisure/Style
img1260,"[0,0,0,0,1,0,1,1]",0.0,0.0,0.0,0.0,"[0,1,1,0,0,0]",Risk and crime-related information,Violence/Threat
img1261,"[0,0,0,0,0,0,1,0]",0.0,0.0,2.0,0.0,"[0,0,0,0,0,0]",Risk and crime-related information,Violence/Threat
img1262,"[0,0,0,0,0,0,1,0]",0.0,0.0,2.0,0.0,"[0,0,0,0,0,0]",Risk and crime-related information,Violence/Threat
img1263,"[1,0,0,0,0,1,0,0]",2.0,1.0,2.0,0.0,"[0,1,0,0,0,0]",Socio-cultural sensitive information,Religion/Culture
img1264,"[1,0,0,0,0,1,0,0]",2.0,2.0,2.0,0.0,"[0,1,1,0,0,0]",Socio-cultural sensitive information,Religion/Culture
img1265,"[0,0,0,0,0,1,0,0]",0.0,1.0,1.0,0.0,"[0,1,0,0,0,0]",Socio-cultural sensitive information,Religion/Culture
img1266,"[1,1,0,0,0,1,0,0]",2.0,1.0,2.0,0.0,"[0,1,0,0,0,0]",Socio-cultural sensitive information,Religion/Culture
img1267,"[1,0,0,0,0,1,0,0]",1.0,1.0,2.0,,"[0,1,0,0,0,0]",Socio-cultural sensitive information,Religion/Culture
img1268,"[1,0,0,0,0,1,0,0]",2.0,2.0,2.0,0.0,"[0,1,0,0,0,0]",Socio-cultural sensitive information,Religion/Culture
img1269,"[1,0,0,0,0,1,0,0]",2.0,1.0,1.0,,"[0,1,0,0,0,0]",Socio-cultural sensitive information,Religion/Culture
img127,"[0,0,0,0,1,0,0,0]",0.0,0.0,0.0,0.0,"[0,1,1,1,1,0]",Personal preferences,Hobbies/Leisure/Style
img1270,"[1,0,0,0,0,1,0,0]",2.0,1.0,2.0,1.0,"[0,0,0,0,0,0]",Socio-cultural sensitive information,Religion/Culture
img1271,"[1,0,0,0,0,1,0,0]",1.0,1.0,2.0,0.0,"[0,0,0,0,0,0]",Socio-cultural sensitive information,Religion/Culture
img1272,"[1,0,0,0,0,1,0,1]",1.0,1.0,2.0,0.0,"[0,1,0,0,0,0]",Socio-cultural sensitive information,Religion/Culture
img1273,"[1,0,0,0,0,1,0,0]",2.0,1.0,2.0,0.0,"[0,1,0,0,0,0]",Socio-cultural sensitive information,Religion/Culture
img1274,"[1,0,0,0,0,1,0,0]",2.0,1.0,1.0,0.0,"[0,1,1,0,0,0]",Socio-cultural sensitive information,Religion/Culture
img1275,"[1,0,0,0,0,1,0,0]",,1.0,2.0,0.0,"[0,1,0,0,0,0]",Socio-cultural sensitive information,Religion/Culture
img1276,"[1,0,0,0,0,1,0,0]",1.0,1.0,2.0,0.0,"[1,0,0,0,0,0]",Socio-cultural sensitive information,Religion/Culture
img1277,"[0,0,0,0,0,1,0,0]",0.0,1.0,0.0,0.0,"[0,1,1,0,0,0]",Socio-cultural sensitive information,Religion/Culture
img1278,"[1,0,1,0,0,1,0,0]",1.0,0.0,2.0,0.0,"[0,1,0,0,0,0]",Socio-cultural sensitive information,Religion/Culture
img1279,"[1,0,0,0,0,1,0,0]",0.0,1.0,2.0,0.0,"[0,1,0,0,0,0]",Socio-cultural sensitive information,Religion/Culture
img128,"[0,0,0,0,1,0,0,0]",0.0,0.0,0.0,0.0,"[0,1,1,1,0,0]",Personal preferences,Hobbies/Leisure/Style
img1280,"[0,0,0,0,0,1,0,0]",0.0,1.0,2.0,0.0,"[0,1,0,0,0,0]",Socio-cultural sensitive information,Religion/Culture
img1281,"[1,0,0,0,0,1,0,0]",2.0,1.0,2.0,0.0,"[1,0,0,0,0,0]",Socio-cultural sensitive information,Religion/Culture
img1282,"[0,0,0,0,0,1,0,0]",0.0,1.0,1.0,0.0,"[0,1,0,0,0,0]",Socio-cultural sensitive information,Religion/Culture
img1283,"[1,0,0,0,0,1,0,0]",2.0,1.0,2.0,0.0,"[0,1,0,0,0,0]",Socio-cultural sensitive information,Religion/Culture
img1284,"[1,0,0,0,0,1,0,0]",2.0,1.0,2.0,0.0,"[0,1,0,0,0,0]",Socio-cultural sensitive information,Religion/Culture
img1285,"[1,0,0,0,0,1,0,0]",2.0,1.0,2.0,0.0,"[0,1,0,0,0,0]",Socio-cultural sensitive information,Religion/Culture
img1286,"[1,0,0,0,0,1,0,0]",1.0,1.0,2.0,0.0,"[0,1,0,0,0,0]",Socio-cultural sensitive information,Religion/Culture
img1287,"[1,0,0,0,0,1,0,0]",2.0,1.0,1.0,0.0,"[0,1,0,0,0,0]",Socio-cultural sensitive information,Religion/Culture
img1288,"[1,0,0,0,0,1,0,0]",1.0,1.0,2.0,0.0,"[0,1,0,0,0,0]",Socio-cultural sensitive information,Religion/Culture
img1289,"[0,0,0,0,0,1,0,0]",0.0,1.0,2.0,0.0,"[0,1,0,0,0,0]",Socio-cultural sensitive information,Religion/Culture
img129,"[0,0,0,0,1,0,0,0]",0.0,0.0,0.0,0.0,"[0,1,1,1,1,0]",Personal preferences,Hobbies/Leisure/Style
img1290,"[0,0,0,0,0,1,0,0]",0.0,1.0,2.0,0.0,"[0,1,0,0,0,0]",Socio-cultural sensitive information,Religion/Culture
img1291,"[0,0,0,0,0,1,0,0]",0.0,1.0,2.0,0.0,"[0,1,0,0,0,0]",Socio-cultural sensitive information,Religion/Culture
img1292,"[1,0,0,0,0,1,0,0]",2.0,2.0,2.0,0.0,"[0,1,0,0,0,0]",Socio-cultural sensitive information,Religion/Culture
img1293,"[1,0,0,0,0,1,0,0]",2.0,1.0,2.0,0.0,"[0,1,0,0,0,0]",Socio-cultural sensitive information,Religion/Culture
img1294,"[1,0,0,0,0,1,0,0]",1.0,1.0,2.0,0.0,"[0,1,0,0,0,0]",Socio-cultural sensitive information,Religion/Culture
img1295,"[1,0,0,0,0,1,0,0]",1.0,1.0,2.0,0.0,"[1,0,0,0,0,0]",Socio-cultural sensitive information,Religion/Culture
img1296,"[1,0,0,0,0,1,0,0]",2.0,1.0,2.0,0.0,"[0,0,0,0,0,0]",Socio-cultural sensitive information,Religion/Culture
img1297,"[1,0,0,0,1,0,0,0]",2.0,0.0,0.0,0.0,"[0,1,1,1,0,0]",Public,Public
img1298,"[0,0,0,0,1,0,0,0]",0.0,0.0,0.0,0.0,"[0,1,1,1,0,0]",Public,Public
img1299,"[0,0,0,0,0,0,0,0]",0.0,0.0,0.0,0.0,"[0,1,1,1,0,0]",Public,Public
img13,"[1,0,0,0,1,0,0,0]",2.0,1.0,1.0,0.0,"[0,1,1,0,0,0]",Location information,Public facilities
img130,"[0,0,0,0,1,0,0,0]",0.0,0.0,0.0,0.0,"[0,1,1,1,1,0]",Personal preferences,Hobbies/Leisure/Style
img1300,"[1,1,1,0,0,0,0,0]",2.0,0.0,0.0,0.0,"[0,1,1,1,0,0]",Public,Public
img1301,"[0,0,0,0,1,0,0,0]",0.0,0.0,0.0,0.0,"[0,1,1,1,1,0]",Public,Public
img1302,"[1,0,0,0,1,0,0,0]",2.0,0.0,0.0,0.0,"[0,1,1,1,0,0]",Public,Public
img1303,"[1,1,0,0,0,0,0,0]",2.0,0.0,0.0,0.0,"[0,1,1,1,0,0]",Public,Public
img1304,"[0,0,0,0,0,0,0,0]",0.0,0.0,0.0,0.0,"[0,1,1,1,0,0]",Public,Public
img1305,"[1,0,0,0,0,0,0,1]",0.0,0.0,0.0,0.0,"[0,1,1,1,0,0]",Public,Public
img1306,"[0,0,0,0,0,0,0,0]",0.0,0.0,0.0,0.0,"[0,1,1,1,1,0]",Public,Public
img1307,"[1,0,1,0,1,0,0,0]",2.0,0.0,0.0,0.0,"[0,1,1,1,0,0]",Public,Public
img1308,"[0,0,0,0,0,0,0,1]",0.0,0.0,0.0,0.0,"[0,1,1,1,1,0]",Public,Public
img1309,"[1,0,1,0,1,0,0,0]",2.0,0.0,0.0,0.0,"[0,1,1,1,0,0]",Public,Public
img131,"[0,0,1,0,1,0,0,0]",0.0,1.0,0.0,0.0,"[0,1,1,1,1,0]",Personal preferences,Hobbies/Leisure/Style
img1310,"[1,0,0,0,0,0,0,1]",0.0,0.0,0.0,0.0,"[0,1,1,1,0,0]",Public,Public
img1311,"[0,0,0,0,1,0,0,0]",0.0,0.0,0.0,0.0,"[0,1,1,1,0,0]",Public,Public
img1312,"[1,0,0,0,1,0,0,0]",2.0,0.0,0.0,0.0,"[0,1,1,1,0,0]",Public,Public
img1313,"[0,0,0,0,1,0,0,0]",0.0,0.0,0.0,0.0,"[0,1,1,1,1,0]",Public,Public
img1314,"[1,0,0,0,1,0,0,0]",2.0,0.0,0.0,1.0,"[0,1,1,1,0,0]",Public,Public
img1315,"[1,0,0,0,0,0,0,0]",2.0,0.0,0.0,0.0,"[0,1,1,1,0,0]",Public,Public
img1316,"[0,0,1,0,0,0,0,0]",0.0,0.0,0.0,0.0,"[0,1,1,1,1,0]",Public,Public
img1317,"[0,0,0,0,1,0,0,0]",0.0,0.0,0.0,0.0,"[0,1,1,1,1,0]",Public,Public
img1318,"[0,0,0,0,0,0,0,1]",0.0,0.0,0.0,0.0,"[0,1,1,1,1,0]",Public,Public
img1319,"[0,0,0,0,0,0,0,0]",0.0,0.0,0.0,0.0,"[0,1,1,1,1,0]",Public,Public
img132,"[0,0,0,0,1,0,0,0]",0.0,0.0,0.0,0.0,"[0,1,1,1,1,0]",Personal preferences,Hobbies/Leisure/Style
img1320,"[0,0,0,0,0,1,0,0]",0.0,1.0,1.0,0.0,"[0,1,1,0,0,0]",Public,Public
img1321,"[0,0,0,0,0,0,0,0]",0.0,0.0,0.0,0.0,"[0,1,1,1,1,1]",Public,Public
img1322,"[0,0,1,0,1,0,0,0]",0.0,0.0,0.0,,"[0,1,1,1,0,0]",Public,Public
img1323,"[1,1,0,0,0,0,0,0]",2.0,0.0,0.0,0.0,"[0,1,1,1,0,0]",Public,Public
img1324,"[0,0,1,0,0,0,0,0]",0.0,0.0,0.0,0.0,"[0,1,1,1,1,1]",Public,Public
img1325,"[0,0,0,0,0,0,0,1]",0.0,0.0,0.0,0.0,"[0,1,1,1,0,0]",Public,Public
img1326,"[1,1,0,0,0,0,0,0]",2.0,0.0,0.0,0.0,"[0,1,1,1,0,0]",Public,Public
img1327,"[0,0,0,0,1,0,0,1]",0.0,0.0,0.0,0.0,"[0,1,1,1,0,0]",Public,Public
img1328,"[0,0,0,0,0,0,0,0]",0.0,0.0,0.0,0.0,"[0,1,1,1,0,0]",Public,Public
img1329,"[1,0,0,0,1,0,0,0]",2.0,0.0,0.0,0.0,"[0,1,1,1,0,0]",Public,Public
img133,"[0,0,0,0,1,0,0,0]",0.0,0.0,0.0,0.0,"[0,1,1,1,1,0]",Personal preferences,Hobbies/Leisure/Style
img1330,"[1,0,0,0,1,0,0,0]",2.0,0.0,0.0,0.0,"[0,1,1,1,0,0]",Public,Public
img1331,"[0,0,0,0,1,0,0,1]",0.0,0.0,0.0,0.0,"[0,1,1,1,0,0]",Public,Public
img1332,"[1,0,0,0,1,0,0,0]",1.0,0.0,0.0,0.0,"[0,1,1,1,0,0]",Public,Public
img1333,"[0,0,0,0,0,0,0,0]",0.0,0.0,0.0,0.0,"[0,1,1,1,1,0]",Public,Public
img1334,"[1,0,0,0,1,0,0,0]",2.0,0.0,0.0,0.0,"[0,1,1,1,0,0]",Public,Public
img1335,"[1,0,0,0,1,0,0,0]",1.0,0.0,0.0,0.0,"[0,1,1,1,0,0]",Public,Public
img1336,"[0,0,0,0,0,0,0,1]",0.0,0.0,0.0,0.0,"[0,1,1,1,0,0]",Public,Public
img1337,"[0,0,0,0,1,0,0,0]",0.0,0.0,0.0,0.0,"[0,1,1,1,0,0]",Public,Public
img1338,"[1,1,0,0,1,0,0,0]",2.0,0.0,0.0,0.0,"[0,1,1,1,0,0]",Public,Public
img1339,"[0,0,0,0,0,0,0,0]",0.0,0.0,0.0,0.0,"[0,1,1,1,1,0]",Public,Public
img134,"[0,0,0,0,1,0,0,0]",0.0,0.0,0.0,0.0,"[0,1,1,1,1,0]",Personal preferences,Hobbies/Leisure/Style
img1340,"[0,0,0,0,0,0,0,0]",0.0,0.0,0.0,0.0,"[0,1,1,1,1,0]",Public,Public
img1341,"[0,0,0,0,1,0,0,0]",0.0,0.0,0.0,0.0,"[0,1,1,1,1,0]",Public,Public
img1342,"[1,0,0,0,0,0,0,0]",2.0,0.0,0.0,0.0,"[0,1,1,1,0,0]",Public,Public
img1343,"[0,0,0,0,0,0,0,0]",0.0,0.0,0.0,0.0,"[0,1,1,1,1,0]",Public,Public
img1344,"[1,0,0,0,0,0,0,1]",2.0,0.0,0.0,0.0,"[0,1,1,1,0,0]",Public,Public
img1345,"[0,0,0,0,0,0,0,0]",0.0,0.0,0.0,0.0,"[0,1,1,1,1,1]",Public,Public
img1346,"[0,0,0,0,0,0,0,1]",0.0,0.0,0.0,0.0,"[0,1,1,1,0,0]",Public,Public
img1347,"[0,0,0,0,0,0,0,0]",0.0,0.0,0.0,0.0,"[0,1,1,1,1,0]",Public,Public
img1348,"[0,0,0,0,0,0,0,0]",0.0,0.0,0.0,0.0,"[0,1,1,1,0,0]",Public,Public
img1349,"[0,0,0,0,0,0,0,0]",0.0,0.0,0.0,0.0,"[0,1,1,0,0,0]",Public,Public
img135,"[0,0,0,0,1,0,0,0]",0.0,0.0,0.0,0.0,"[0,1,1,1,1,0]",Personal preferences,Hobbies/Leisure/Style
img1350,"[0,0,0,0,1,0,0,0]",0.0,0.0,0.0,0.0,"[0,1,1,1,0,0]",Public,Public
img1351,"[1,0,0,0,1,0,0,0]",2.0,0.0,0.0,0.0,"[0,1,1,1,0,0]",Public,Public
img1352,"[0,0,0,0,0,0,0,1]",0.0,0.0,0.0,0.0,"[0,1,1,1,0,0]",Public,Public
img1353,"[1,0,0,0,0,0,0,0]",2.0,0.0,0.0,0.0,"[0,1,1,1,0,0]",Public,Public
img1354,"[1,0,0,0,0,0,0,0]",2.0,0.0,0.0,0.0,"[0,1,1,1,0,0]",Public,Public
img1355,"[1,0,1,0,1,0,0,0]",2.0,0.0,1.0,0.0,"[0,1,1,1,0,0]",Public,Public
img1356,"[0,0,0,0,0,0,0,0]",0.0,0.0,0.0,0.0,"[0,1,1,1,1,0]",Public,Public
img1357,"[0,0,0,0,0,0,0,0]",0.0,0.0,0.0,0.0,"[0,1,1,1,1,0]",Public,Public
img1358,"[0,0,0,0,0,0,0,0]",0.0,0.0,0.0,0.0,"[0,1,1,1,1,0]",Public,Public
img1359,"[0,0,0,0,0,0,0,0]",0.0,0.0,0.0,0.0,"[0,1,1,1,1,0]",Public,Public
img136,"[0,0,0,0,1,0,0,0]",0.0,0.0,0.0,0.0,"[0,1,1,1,1,0]",Personal preferences,Hobbies/Leisure/Style
img1360,"[0,0,0,0,1,0,0,1]",0.0,0.0,0.0,0.0,"[0,1,1,0,0,0]",Public,Public
img1361,"[0,0,0,0,0,0,0,0]",0.0,0.0,0.0,0.0,"[0,1,1,1,0,0]",Public,Public
img1362,"[1,0,0,0,1,0,0,1]",1.0,0.0,0.0,0.0,"[0,1,1,1,0,0]",Public,Public
img1363,"[0,0,0,0,1,0,0,0]",0.0,0.0,0.0,0.0,"[0,1,1,0,0,0]",Public,Public
img1364,"[1,0,0,0,0,1,0,0]",2.0,0.0,2.0,0.0,"[1,0,0,0,0,0]",Socio-cultural sensitive information,Politics/Social position
img1365,"[1,1,0,0,0,1,0,0]",2.0,1.0,1.0,0.0,"[0,1,0,0,0,0]",Socio-cultural sensitive information,Politics/Social position
img1366,"[1,0,0,0,0,1,0,0]",2.0,1.0,1.0,0.0,"[0,1,0,0,0,0]",Socio-cultural sensitive information,Politics/Social position
img1367,"[1,0,0,0,0,1,0,0]",2.0,1.0,1.0,0.0,"[0,1,0,0,0,0]",Socio-cultural sensitive information,Politics/Social position
img1368,"[1,1,0,0,0,1,0,0]",2.0,1.0,1.0,0.0,"[0,1,0,0,0,0]",Socio-cultural sensitive information,Politics/Social position
img1369,"[1,1,0,0,0,1,0,0]",2.0,1.0,1.0,0.0,"[0,1,0,0,0,0]",Socio-cultural sensitive information,Politics/Social position
img137,"[0,0,0,0,1,0,0,0]",0.0,1.0,0.0,0.0,"[0,1,1,1,0,0]",Personal preferences,Hobbies/Leisure/Style
img1370,"[1,0,0,0,0,1,0,0]",2.0,1.0,1.0,0.0,"[0,1,1,0,0,0]",Socio-cultural sensitive information,Politics/Social position
img1371,"[1,1,1,0,0,1,0,0]",2.0,1.0,1.0,0.0,"[0,1,0,0,0,0]",Socio-cultural sensitive information,Politics/Social position
img1372,"[1,1,0,0,0,1,0,0]",2.0,1.0,1.0,0.0,"[0,1,0,0,0,0]",Socio-cultural sensitive information,Politics/Social position
img1373,"[1,0,1,0,0,1,0,0]",2.0,1.0,1.0,0.0,"[0,1,0,0,0,0]",Socio-cultural sensitive information,Politics/Social position
img1374,"[1,1,0,0,0,1,0,0]",2.0,1.0,1.0,0.0,"[0,1,0,0,0,0]",Socio-cultural sensitive information,Politics/Social position
img1375,"[1,1,0,0,0,1,0,0]",2.0,1.0,1.0,0.0,"[0,1,0,0,0,0]",Socio-cultural sensitive information,Politics/Social position
img1376,"[1,1,1,0,0,1,0,0]",2.0,1.0,1.0,0.0,"[0,0,0,0,0,0]",Socio-cultural sensitive information,Politics/Social position
img1377,"[1,0,0,0,0,1,0,0]",2.0,0.0,1.0,0.0,"[0,1,0,0,0,0]",Socio-cultural sensitive information,Politics/Social position
img1378,"[1,0,1,0,0,1,0,0]",2.0,1.0,1.0,0.0,"[0,1,0,0,0,0]",Socio-cultural sensitive information,Politics/Social position
img1379,"[1,1,0,0,0,1,0,0]",2.0,0.0,1.0,0.0,"[0,1,0,0,0,0]",Socio-cultural sensitive information,Politics/Social position
img138,"[0,0,0,0,1,0,0,0]",0.0,0.0,0.0,0.0,"[0,1,1,1,0,0]",Personal preferences,Hobbies/Leisure/Style
img1380,"[1,1,0,0,0,1,0,0]",2.0,,1.0,0.0,"[0,1,0,0,0,0]",Socio-cultural sensitive information,Politics/Social position
img1381,"[1,1,0,0,0,1,0,0]",2.0,1.0,1.0,0.0,"[0,1,0,0,0,0]",Socio-cultural sensitive information,Politics/Social position
img1382,"[1,0,1,0,0,1,0,0]",2.0,1.0,1.0,0.0,"[0,1,0,0,0,0]",Socio-cultural sensitive information,Politics/Social position
img1383,"[1,0,0,0,0,1,0,0]",2.0,1.0,1.0,0.0,"[0,1,0,0,0,0]",Socio-cultural sensitive information,Politics/Social position
img1384,"[1,0,0,0,0,1,0,0]",1.0,1.0,1.0,0.0,"[0,1,0,0,0,0]",Socio-cultural sensitive information,Politics/Social position
img1385,"[1,1,1,0,0,1,0,0]",2.0,1.0,1.0,0.0,"[0,1,0,0,0,0]",Socio-cultural sensitive information,Politics/Social position
img1386,"[1,0,0,0,0,1,0,0]",0.0,1.0,1.0,0.0,"[0,0,0,0,0,0]",Socio-cultural sensitive information,Politics/Social position
img1387,"[1,0,0,0,0,1,0,0]",2.0,1.0,1.0,0.0,"[0,1,0,0,0,0]",Socio-cultural sensitive information,Politics/Social position
img1388,"[1,0,0,0,0,1,0,0]",2.0,1.0,1.0,0.0,"[0,1,0,0,0,0]",Socio-cultural sensitive information,Politics/Social position
img1389,"[1,1,1,0,0,1,0,0]",2.0,1.0,1.0,0.0,"[0,1,0,0,0,0]",Socio-cultural sensitive information,Politics/Social position
img139,"[1,1,0,0,1,0,0,0]",2.0,0.0,0.0,0.0,"[0,1,1,1,0,0]",Personal preferences,Hobbies/Leisure/Style
img1390,"[1,0,0,0,0,1,0,0]",2.0,1.0,1.0,0.0,"[0,1,0,0,0,0]",Socio-cultural sensitive information,Politics/Social position
img1391,"[1,0,0,0,0,1,0,0]",2.0,1.0,1.0,0.0,"[0,1,0,0,0,0]",Socio-cultural sensitive information,Politics/Social position
img1392,"[1,0,0,0,0,1,0,0]",2.0,0.0,1.0,0.0,"[0,0,0,0,0,0]",Socio-cultural sensitive information,Politics/Social position
img1393,"[1,1,1,0,0,1,0,0]",2.0,1.0,1.0,0.0,"[0,1,0,0,0,0]",Socio-cultural sensitive information,Politics/Social position
img1394,"[1,0,0,0,0,1,0,0]",2.0,1.0,1.0,0.0,"[0,1,0,0,0,0]",Socio-cultural sensitive information,Politics/Social position
img1395,"[1,1,1,0,0,1,0,0]",2.0,1.0,1.0,0.0,"[0,1,0,0,0,0]",Socio-cultural sensitive information,Politics/Social position
img1396,"[1,1,0,0,0,1,0,0]",2.0,1.0,1.0,0.0,"[0,1,0,0,0,0]",Socio-cultural sensitive information,Politics/Social position
img1397,"[1,0,1,0,0,1,0,0]",2.0,1.0,1.0,0.0,"[0,1,0,0,0,0]",Socio-cultural sensitive information,Politics/Social position
img1398,"[1,0,1,0,0,1,0,0]",2.0,1.0,1.0,0.0,"[0,1,0,0,0,0]",Socio-cultural sensitive information,Politics/Social position
img1399,"[1,1,0,0,0,1,0,0]",2.0,1.0,1.0,0.0,"[0,1,0,0,0,0]",Socio-cultural sensitive information,Politics/Social position
img14,"[0,0,1,0,1,0,0,0]",0.0,1.0,1.0,0.0,"[0,1,1,0,0,0]",Location information,Public facilities
img140,"[0,0,0,0,1,0,0,0]",0.0,0.0,0.0,0.0,"[0,1,1,1,1,0]",Personal preferences,Hobbies/Leisure/Style
img1400,"[1,0,0,1,0,0,0,0]",2.0,0.0,0.0,0.0,"[0,1,1,1,0,0]",Body and appearance,Body exposure and sexual implication
img1401,"[1,0,0,1,0,0,0,1]",1.0,0.0,0.0,0.0,"[0,1,1,0,0,0]",Body and appearance,Body exposure and sexual implication
img1402,"[1,0,0,1,0,0,0,0]",0.0,0.0,1.0,0.0,"[0,0,0,0,0,0]",Body and appearance,Body exposure and sexual implication
img1403,"[0,0,0,1,0,0,0,0]",0.0,0.0,2.0,0.0,"[0,0,0,0,0,0]",Body and appearance,Body exposure and sexual implication
img1404,"[1,0,0,1,1,0,0,0]",2.0,0.0,1.0,0.0,"[0,1,1,0,0,0]",Body and appearance,Body exposure and sexual implication
img1405,"[1,0,0,1,0,0,0,0]",2.0,0.0,1.0,0.0,"[0,1,0,0,0,0]",Body and appearance,Body exposure and sexual implication
img1406,"[1,0,0,1,0,0,0,0]",1.0,0.0,1.0,0.0,"[0,1,0,0,0,0]",Body and appearance,Body exposure and sexual implication
img1407,"[1,1,0,1,1,0,0,0]",2.0,0.0,2.0,0.0,"[0,0,0,0,0,0]",Body and appearance,Body exposure and sexual implication
img1408,"[1,0,1,1,0,0,0,0]",2.0,0.0,1.0,0.0,"[0,1,0,0,0,0]",Body and appearance,Body exposure and sexual implication
img1409,"[1,0,1,1,1,0,0,0]",1.0,0.0,2.0,0.0,"[0,0,0,0,0,0]",Body and appearance,Body exposure and sexual implication
img141,"[0,0,0,0,1,0,0,0]",0.0,0.0,0.0,0.0,"[0,1,1,1,1,0]",Personal preferences,Hobbies/Leisure/Style
img1410,"[1,0,0,1,0,0,0,0]",1.0,1.0,1.0,0.0,"[0,1,0,0,0,0]",Body and appearance,Body exposure and sexual implication
img1411,"[1,1,1,1,1,0,0,0]",2.0,0.0,1.0,0.0,"[0,1,0,0,0,0]",Body and appearance,Body exposure and sexual implication
img1412,"[1,0,0,1,0,0,0,0]",2.0,0.0,2.0,0.0,"[0,0,0,0,0,0]",Body and appearance,Body exposure and sexual implication
img1413,"[0,0,0,1,1,0,0,0]",0.0,0.0,2.0,0.0,"[0,0,0,0,0,0]",Body and appearance,Body exposure and sexual implication
img1414,"[0,0,0,1,1,0,0,0]",0.0,0.0,2.0,0.0,"[0,0,0,0,0,0]",Body and appearance,Body exposure and sexual implication
img1415,"[0,0,0,1,1,0,0,0]",0.0,0.0,2.0,0.0,"[0,0,0,0,0,0]",Body and appearance,Body exposure and sexual implication
img1416,"[0,0,0,1,1,0,0,0]",1.0,0.0,1.0,0.0,"[0,1,0,0,0,0]",Body and appearance,Body exposure and sexual implication
img1417,"[1,0,0,1,1,1,0,0]",2.0,0.0,2.0,,"[0,0,0,0,0,0]",Body and appearance,Body exposure and sexual implication
img1418,"[0,0,0,1,0,0,0,0]",0.0,0.0,2.0,0.0,"[0,0,0,0,0,0]",Body and appearance,Body exposure and sexual implication
img1419,"[0,0,0,1,0,0,0,0]",0.0,0.0,1.0,0.0,"[0,1,0,0,0,0]",Body and appearance,Body exposure and sexual implication
img142,"[0,0,0,0,1,0,0,0]",0.0,0.0,0.0,0.0,"[0,1,1,1,1,0]",Personal preferences,Hobbies/Leisure/Style
img1420,"[0,0,0,1,0,0,0,0]",0.0,0.0,1.0,0.0,"[0,1,1,0,0,0]",Body and appearance,Body exposure and sexual implication
img1421,"[0,0,0,0,1,0,0,0]",0.0,0.0,0.0,0.0,"[0,1,1,0,0,0]",Body and appearance,Body exposure and sexual implication
img1422,"[0,0,0,1,0,0,0,0]",0.0,0.0,2.0,0.0,"[0,0,0,0,0,0]",Body and appearance,Body exposure and sexual implication
img1423,"[1,0,0,1,1,0,0,0]",2.0,0.0,1.0,0.0,"[0,1,0,0,0,0]",Body and appearance,Body exposure and sexual implication
img1424,"[0,0,0,1,0,0,0,0]",0.0,0.0,2.0,0.0,"[0,0,0,0,0,0]",Body and appearance,Body exposure and sexual implication
img1425,"[0,0,0,1,1,0,0,0]",0.0,0.0,2.0,0.0,"[0,0,0,0,0,0]",Body and appearance,Body exposure and sexual implication
img1426,"[1,0,0,1,1,0,0,0]",1.0,0.0,2.0,0.0,"[0,0,0,0,0,0]",Body and appearance,Body exposure and sexual implication
img1427,"[1,0,0,1,0,0,0,0]",2.0,0.0,2.0,0.0,"[0,0,0,0,0,0]",Body and appearance,Body exposure and sexual implication
img1428,"[1,0,0,1,1,0,0,0]",2.0,0.0,1.0,0.0,"[0,1,0,0,0,0]",Body and appearance,Body exposure and sexual implication
img1429,"[0,0,0,1,0,0,0,0]",0.0,0.0,1.0,0.0,"[0,0,0,0,0,0]",Body and appearance,Body exposure and sexual implication
img143,"[1,0,0,0,1,0,0,0]",1.0,0.0,0.0,0.0,"[0,1,1,1,0,0]",Personal preferences,Hobbies/Leisure/Style
img1430,"[0,0,0,1,1,0,0,0]",0.0,0.0,1.0,0.0,"[0,0,0,0,0,0]",Body and appearance,Body exposure and sexual implication
img1431,"[0,0,0,1,0,0,0,0]",0.0,0.0,2.0,0.0,"[0,0,0,0,0,0]",Body and appearance,Body exposure and sexual implication
img1432,"[1,0,0,1,0,0,0,0]",2.0,0.0,2.0,0.0,"[0,0,0,0,0,0]",Body and appearance,Body exposure and sexual implication
img1433,"[1,0,0,1,0,0,0,0]",2.0,0.0,1.0,,"[0,1,1,0,0,0]",Body and appearance,Body exposure and sexual implication
img1434,"[1,0,0,0,0,0,0,0]",2.0,0.0,0.0,0.0,"[0,1,1,0,0,0]",Body and appearance,Body exposure and sexual implication
img1435,"[1,0,0,1,0,0,0,0]",2.0,0.0,1.0,0.0,"[0,1,1,0,0,0]",Body and appearance,Body exposure and sexual implication
img1436,"[0,0,0,1,0,0,0,0]",0.0,0.0,2.0,0.0,"[0,0,0,0,0,0]",Body and appearance,Body exposure and sexual implication
img1437,"[1,0,0,1,1,0,0,0]",2.0,1.0,1.0,1.0,"[0,1,0,0,0,0]",Body and appearance,Body exposure and sexual implication
img1438,"[0,0,0,1,1,0,0,0]",0.0,0.0,1.0,0.0,"[0,1,1,1,0,0]",Body and appearance,Body exposure and sexual implication
img1439,"[0,0,0,1,1,0,0,0]",0.0,0.0,1.0,0.0,"[0,0,0,0,0,0]",Body and appearance,Body exposure and sexual implication
img144,"[1,0,0,0,1,0,0,0]",2.0,0.0,0.0,0.0,"[0,1,1,1,0,0]",Personal preferences,Hobbies/Leisure/Style
img1440,"[0,0,0,1,1,0,0,0]",0.0,0.0,1.0,0.0,"[0,1,0,0,0,0]",Body and appearance,Body exposure and sexual implication
img1441,"[1,0,0,1,0,0,0,0]",2.0,0.0,1.0,0.0,"[0,1,1,1,0,0]",Body and appearance,Body exposure and sexual implication
img1442,"[0,0,0,1,1,0,0,0]",0.0,0.0,1.0,0.0,"[0,1,1,1,0,0]",Body and appearance,Body exposure and sexual implication
img1443,"[1,0,0,1,0,0,0,0]",2.0,0.0,1.0,0.0,"[0,1,0,0,0,0]",Body and appearance,Body exposure and sexual implication
img1444,"[1,0,0,1,1,0,0,0]",2.0,1.0,1.0,0.0,"[0,1,1,0,0,0]",Body and appearance,Body exposure and sexual implication
img1445,"[1,0,0,1,0,1,0,0]",2.0,0.0,1.0,0.0,"[0,1,0,0,0,0]",Body and appearance,Body exposure and sexual implication
img1446,"[1,0,0,1,0,0,0,0]",2.0,0.0,1.0,0.0,"[0,1,0,0,0,0]",Body and appearance,Body exposure and sexual implication
img1447,"[1,0,0,1,1,0,0,0]",2.0,0.0,1.0,0.0,"[0,1,1,0,0,0]",Body and appearance,Body exposure and sexual implication
img1448,"[0,0,0,1,1,0,0,0]",0.0,0.0,1.0,0.0,"[0,1,1,0,0,0]",Body and appearance,Body exposure and sexual implication
img1449,"[0,0,0,1,1,0,0,0]",0.0,0.0,1.0,0.0,"[0,1,0,0,0,0]",Body and appearance,Body exposure and sexual implication
img145,"[0,0,0,0,1,0,0,0]",0.0,0.0,0.0,0.0,"[0,1,1,1,1,0]",Personal preferences,Hobbies/Leisure/Style
img1450,"[0,0,0,0,1,0,0,0]",0.0,0.0,0.0,0.0,"[0,1,1,1,0,0]",Personal preferences,Hobbies/Leisure/Style
img1451,"[1,0,0,0,1,0,0,0]",2.0,0.0,0.0,0.0,"[0,1,1,1,0,0]",Personal preferences,Hobbies/Leisure/Style
img1452,"[1,0,0,0,1,0,0,0]",2.0,0.0,0.0,0.0,"[0,1,1,0,0,0]",Personal preferences,Hobbies/Leisure/Style
img1453,"[0,0,0,0,1,0,0,0]",0.0,0.0,0.0,0.0,"[0,1,1,1,0,0]",Personal preferences,Hobbies/Leisure/Style
img1454,"[1,0,1,0,1,0,0,0]",1.0,0.0,0.0,1.0,"[0,1,1,1,0,0]",Personal preferences,Hobbies/Leisure/Style
img1455,"[1,0,0,0,1,0,0,0]",2.0,0.0,0.0,0.0,"[0,1,1,0,0,0]",Personal preferences,Hobbies/Leisure/Style
img1456,"[1,0,0,0,1,0,0,0]",2.0,0.0,0.0,0.0,"[0,1,1,1,0,0]",Personal preferences,Hobbies/Leisure/Style
img1457,"[1,0,0,0,1,0,0,0]",2.0,0.0,0.0,0.0,"[0,1,1,1,0,0]",Personal preferences,Hobbies/Leisure/Style
img1458,"[1,1,0,0,1,0,0,0]",2.0,0.0,0.0,0.0,"[0,1,1,1,0,0]",Personal preferences,Hobbies/Leisure/Style
img1459,"[1,1,0,0,1,0,0,0]",2.0,0.0,0.0,0.0,"[0,1,1,1,0,0]",Personal preferences,Hobbies/Leisure/Style
img146,"[0,0,0,0,1,0,0,0]",0.0,0.0,0.0,0.0,"[0,1,1,1,1,0]",Personal preferences,Hobbies/Leisure/Style
img1460,"[1,0,0,0,1,0,0,0]",2.0,0.0,0.0,0.0,"[0,1,1,1,0,0]",Personal preferences,Hobbies/Leisure/Style
img1461,"[1,1,0,0,1,0,0,0]",2.0,0.0,0.0,0.0,"[0,1,1,1,0,0]",Personal preferences,Hobbies/Leisure/Style
img1462,"[1,0,0,0,1,0,0,0]",2.0,0.0,1.0,0.0,"[0,1,1,0,0,0]",Personal preferences,Hobbies/Leisure/Style
img1463,"[0,0,0,0,1,0,0,1]",0.0,0.0,0.0,0.0,"[0,1,1,1,0,0]",Personal preferences,Hobbies/Leisure/Style
img1464,"[0,0,0,0,1,0,0,0]",0.0,0.0,0.0,0.0,"[0,1,1,1,0,0]",Personal preferences,Hobbies/Leisure/Style
img1465,"[1,0,0,0,1,0,0,0]",2.0,0.0,0.0,0.0,"[0,1,1,1,0,0]",Personal preferences,Hobbies/Leisure/Style
img1466,"[1,1,0,0,1,0,0,0]",2.0,0.0,0.0,0.0,"[0,1,1,1,0,0]",Personal preferences,Hobbies/Leisure/Style
img1467,"[1,1,1,0,1,0,0,0]",2.0,0.0,0.0,0.0,"[0,1,1,1,0,0]",Personal preferences,Hobbies/Leisure/Style
img1468,"[1,0,0,0,1,0,0,0]",2.0,0.0,0.0,0.0,"[0,1,1,1,0,0]",Personal preferences,Hobbies/Leisure/Style
img1469,"[1,0,0,0,1,0,0,0]",2.0,0.0,0.0,0.0,"[0,1,1,1,0,0]",Personal preferences,Hobbies/Leisure/Style
img147,"[0,0,0,0,1,0,0,0]",0.0,0.0,0.0,0.0,"[0,1,1,1,1,0]",Personal preferences,Hobbies/Leisure/Style
img1470,"[1,0,0,0,1,0,0,0]",2.0,0.0,0.0,0.0,"[0,1,1,1,0,0]",Personal preferences,Hobbies/Leisure/Style
img1471,"[1,0,0,0,1,0,0,0]",2.0,0.0,0.0,0.0,"[0,1,1,1,0,0]",Personal preferences,Hobbies/Leisure/Style
img1472,"[1,1,0,0,1,0,0,0]",2.0,0.0,0.0,0.0,"[0,1,1,1,0,0]",Personal preferences,Hobbies/Leisure/Style
img1473,"[1,0,0,0,1,0,0,0]",2.0,1.0,0.0,0.0,"[0,1,1,1,0,0]",Personal preferences,Hobbies/Leisure/Style
img1474,"[1,0,0,0,1,0,0,0]",2.0,0.0,0.0,0.0,"[0,1,1,1,0,0]",Personal preferences,Hobbies/Leisure/Style
img1475,"[1,1,0,0,1,0,0,0]",2.0,0.0,0.0,0.0,"[0,1,1,0,0,0]",Personal preferences,Hobbies/Leisure/Style
img1476,"[1,1,0,0,1,0,0,0]",2.0,0.0,0.0,0.0,"[0,1,1,1,0,0]",Personal preferences,Hobbies/Leisure/Style
img1477,"[1,0,0,0,1,0,0,0]",2.0,0.0,0.0,0.0,"[0,1,1,1,0,0]",Personal preferences,Hobbies/Leisure/Style
img1478,"[1,0,0,0,1,0,0,0]",2.0,0.0,0.0,0.0,"[0,1,1,1,0,0]",Personal preferences,Hobbies/Leisure/Style
img1479,"[1,1,1,0,1,0,0,0]",2.0,0.0,0.0,0.0,"[0,1,1,1,0,0]",Personal preferences,Hobbies/Leisure/Style
img148,"[0,0,0,0,1,0,0,0]",0.0,0.0,0.0,0.0,"[0,1,1,1,1,0]",Personal preferences,Hobbies/Leisure/Style
img1480,"[1,1,0,0,1,0,0,0]",2.0,0.0,0.0,0.0,"[0,1,1,1,0,0]",Personal preferences,Hobbies/Leisure/Style
img1481,"[1,0,0,0,1,0,0,0]",2.0,0.0,1.0,0.0,"[0,1,0,0,0,0]",Personal identity and sensitive information,Personal information
img1482,"[1,0,0,0,0,0,0,0]",2.0,0.0,0.0,0.0,"[0,1,1,0,0,0]",Personal identity and sensitive information,Personal information
img1483,"[1,0,0,0,1,0,0,0]",2.0,0.0,0.0,0.0,"[0,1,0,0,0,0]",Personal identity and sensitive information,Personal information
img1484,"[1,0,0,0,0,0,0,0]",2.0,0.0,0.0,0.0,"[0,1,1,0,0,0]",Personal identity and sensitive information,Personal information
img1485,"[1,0,0,0,0,0,0,0]",2.0,0.0,0.0,0.0,"[0,1,0,0,0,0]",Personal identity and sensitive information,Personal information
img1486,"[1,0,0,0,0,0,0,0]",2.0,0.0,0.0,0.0,"[0,1,1,0,0,0]",Personal identity and sensitive information,Personal information
img1487,"[1,0,0,0,0,0,0,0]",2.0,0.0,0.0,0.0,"[0,1,0,0,0,0]",Personal identity and sensitive information,Personal information
img1488,"[1,0,1,0,0,0,0,0]",2.0,0.0,0.0,0.0,"[0,1,1,0,0,0]",Personal identity and sensitive information,Personal information
img1489,"[1,0,0,0,0,0,0,0]",2.0,0.0,0.0,0.0,"[0,1,1,0,0,0]",Personal identity and sensitive information,Personal information
img149,"[0,0,0,0,1,0,0,0]",0.0,0.0,0.0,0.0,"[0,1,1,1,1,0]",Personal preferences,Hobbies/Leisure/Style
img1490,"[1,0,0,0,0,0,0,0]",2.0,0.0,0.0,0.0,"[0,1,1,1,0,0]",Personal identity and sensitive information,Personal information
img1491,"[1,0,0,0,0,0,0,0]",2.0,0.0,0.0,0.0,"[0,1,0,0,0,0]",Personal identity and sensitive information,Personal information
img1492,"[1,0,0,0,0,0,0,0]",2.0,0.0,1.0,0.0,"[0,1,0,0,0,0]",Personal identity and sensitive information,Personal information
img1493,"[0,0,0,0,1,0,0,0]",0.0,0.0,0.0,0.0,"[0,1,1,1,0,0]",Personal identity and sensitive information,Personal information
img1494,"[0,0,1,0,0,0,0,1]",0.0,2.0,1.0,0.0,"[0,1,0,0,0,0]",Location information,Public facilities
img1495,"[1,1,1,0,0,0,0,0]",2.0,0.0,0.0,0.0,"[0,1,1,1,0,0]",Location information,Public facilities
img1496,"[1,0,1,0,0,0,0,0]",2.0,2.0,0.0,0.0,"[0,1,1,1,0,0]",Location information,Public facilities
img1497,"[0,0,1,0,0,0,0,0]",0.0,2.0,0.0,0.0,"[0,1,1,0,0,0]",Location information,Public facilities
img1498,"[1,0,1,0,0,0,0,0]",2.0,2.0,1.0,0.0,"[0,1,0,0,0,0]",Location information,Public facilities
img1499,"[0,0,1,0,1,0,0,0]",0.0,0.0,1.0,0.0,"[0,1,0,0,0,0]",Location information,Public facilities
img15,"[0,0,1,0,1,0,0,0]",0.0,1.0,1.0,0.0,"[0,1,1,1,0,0]",Location information,Public facilities
img150,"[0,0,0,0,1,0,0,0]",0.0,0.0,0.0,0.0,"[0,1,1,1,1,0]",Personal preferences,Hobbies/Leisure/Style
img1500,"[0,0,0,1,0,0,0,0]",0.0,2.0,1.0,0.0,"[0,1,0,0,0,0]",Location information,Public facilities
img1501,"[0,0,1,0,0,0,0,0]",0.0,2.0,0.0,0.0,"[0,1,0,0,0,0]",Location information,Public facilities
img1502,"[1,0,0,1,0,0,0,0]",2.0,2.0,1.0,0.0,"[0,1,0,0,0,0]",Location information,Public facilities
img1503,"[1,0,1,0,0,0,0,0]",2.0,2.0,0.0,0.0,"[0,1,1,0,0,0]",Location information,Public facilities
img1504,"[1,1,0,1,0,0,0,0]",2.0,0.0,2.0,0.0,"[0,1,0,0,0,0]",Location information,Public facilities
img1505,"[1,0,0,0,0,0,0,0]",2.0,0.0,0.0,0.0,"[0,1,1,1,0,0]",Location information,Public facilities
img1506,"[0,0,0,1,0,0,0,0]",0.0,2.0,1.0,0.0,"[0,1,0,0,0,0]",Location information,Public facilities
img1507,"[0,0,1,0,0,0,0,1]",0.0,2.0,1.0,0.0,"[0,1,1,0,0,0]",Location information,Public facilities
img1508,"[0,0,1,0,0,0,0,0]",0.0,2.0,0.0,0.0,"[0,1,1,0,0,0]",Location information,Public facilities
img1509,"[1,0,0,0,0,0,0,0]",2.0,2.0,1.0,0.0,"[0,1,0,0,0,0]",Location information,Public facilities
img151,"[1,0,0,0,1,0,0,0]",2.0,0.0,0.0,0.0,"[0,1,1,1,0,0]",Personal preferences,Hobbies/Leisure/Style
img1510,"[0,0,0,0,0,0,0,1]",0.0,2.0,1.0,0.0,"[0,1,0,0,0,0]",Location information,Public facilities
img1511,"[1,0,0,0,0,0,0,0]",2.0,0.0,0.0,0.0,"[0,1,1,1,0,0]",Location information,Public facilities
img1512,"[1,0,1,0,0,0,0,0]",1.0,2.0,1.0,0.0,"[0,1,0,0,0,0]",Location information,Public facilities
img1513,"[1,0,1,0,1,0,0,0]",2.0,2.0,1.0,1.0,"[0,1,0,0,0,0]",Location information,Public facilities
img1514,"[0,0,1,0,0,0,0,1]",0.0,2.0,1.0,0.0,"[0,1,0,0,0,0]",Location information,Public facilities
img1515,"[1,0,0,0,0,0,0,0]",2.0,0.0,0.0,0.0,"[0,1,1,1,0,0]",Location information,Public facilities
img1516,"[1,0,1,0,0,0,0,0]",2.0,2.0,0.0,0.0,"[0,1,1,0,0,0]",Location information,Public facilities
img1517,"[0,0,1,0,0,0,0,1]",0.0,2.0,0.0,0.0,"[0,1,1,0,0,0]",Location information,Public facilities
img1518,"[1,0,1,0,0,0,0,0]",2.0,0.0,0.0,0.0,"[0,1,1,1,0,0]",Location information,Public facilities
img1519,"[0,0,1,0,0,0,0,0]",0.0,2.0,0.0,0.0,"[0,1,1,0,0,0]",Location information,Public facilities
img152,"[0,0,0,0,1,0,0,0]",0.0,0.0,0.0,0.0,"[0,1,1,1,1,0]",Personal preferences,Hobbies/Leisure/Style
img1520,"[0,0,1,0,0,0,0,1]",0.0,2.0,0.0,0.0,"[0,1,0,0,0,0]",Location information,Public facilities
img1521,"[0,0,0,0,0,0,0,1]",0.0,0.0,0.0,0.0,"[0,1,0,0,0,0]",Location information,Public facilities
img1522,"[1,0,1,0,0,0,0,0]",2.0,2.0,1.0,0.0,"[0,1,0,0,0,0]",Location information,Public facilities
img1523,"[1,0,1,0,0,0,0,0]",2.0,2.0,1.0,,"[0,1,0,0,0,0]",Location information,Public facilities
img1524,"[0,0,1,0,0,0,0,0]",0.0,2.0,1.0,0.0,"[0,1,1,0,0,0]",Location information,Public facilities
img1525,"[1,0,1,0,0,0,0,0]",2.0,2.0,1.0,0.0,"[0,1,1,0,0,0]",Location information,Public facilities
img1526,"[1,0,1,0,0,0,0,0]",2.0,2.0,1.0,0.0,"[0,1,0,0,0,0]",Location information,Public facilities
img1527,"[0,0,1,0,0,0,0,1]",0.0,2.0,2.0,0.0,"[0,1,0,0,0,0]",Location information,Public facilities
img1528,"[0,0,0,0,0,0,0,1]",0.0,2.0,0.0,0.0,"[0,1,0,0,0,0]",Location information,Public facilities
img1529,"[0,0,0,0,0,1,0,0]",0.0,0.0,1.0,0.0,"[0,1,1,0,0,0]",Socio-cultural sensitive information,Religion/Culture
img153,"[0,0,0,0,1,0,0,0]",0.0,0.0,0.0,0.0,"[0,1,1,1,1,0]",Personal preferences,Hobbies/Leisure/Style
img1530,"[0,0,0,0,0,1,0,0]",0.0,1.0,1.0,0.0,"[0,1,1,0,0,0]",Socio-cultural sensitive information,Religion/Culture
img1531,"[0,0,0,0,0,1,0,0]",0.0,1.0,1.0,0.0,"[0,1,0,0,0,0]",Socio-cultural sensitive information,Religion/Culture
img1532,"[0,0,0,0,0,1,0,0]",0.0,1.0,1.0,0.0,"[0,1,0,0,0,0]",Socio-cultural sensitive information,Religion/Culture
img1533,"[0,0,0,0,0,1,0,0]",0.0,1.0,1.0,0.0,"[0,1,0,0,0,0]",Socio-cultural sensitive information,Religion/Culture
img1534,"[0,0,0,0,0,1,0,0]",0.0,1.0,1.0,0.0,"[0,1,1,0,0,0]",Socio-cultural sensitive information,Religion/Culture
img1535,"[0,0,0,0,0,1,0,0]",0.0,1.0,1.0,0.0,"[0,1,1,0,0,0]",Socio-cultural sensitive information,Religion/Culture
img1536,"[0,0,0,0,0,1,0,0]",0.0,1.0,2.0,0.0,"[0,1,0,0,0,0]",Socio-cultural sensitive information,Religion/Culture
img1537,"[1,0,0,1,1,1,0,0]",1.0,1.0,1.0,0.0,"[0,1,0,0,0,0]",Socio-cultural sensitive information,Religion/Culture
img1538,"[1,1,0,0,0,1,0,0]",2.0,1.0,1.0,0.0,"[0,1,1,0,0,0]",Socio-cultural sensitive information,Religion/Culture
img1539,"[0,0,0,0,0,1,0,0]",,1.0,1.0,0.0,"[0,1,0,0,0,0]",Socio-cultural sensitive information,Religion/Culture
img154,"[0,0,0,0,1,0,0,0]",0.0,0.0,0.0,0.0,"[0,1,1,1,1,0]",Personal preferences,Hobbies/Leisure/Style
img1540,"[0,0,0,0,0,1,0,0]",0.0,1.0,1.0,0.0,"[0,1,0,0,0,0]",Socio-cultural sensitive information,Religion/Culture
img1541,"[0,0,0,0,0,1,0,0]",0.0,1.0,1.0,0.0,"[0,1,1,0,0,0]",Socio-cultural sensitive information,Religion/Culture
img1542,"[0,0,0,0,0,1,0,0]",0.0,1.0,1.0,0.0,"[0,1,1,0,0,0]",Socio-cultural sensitive information,Religion/Culture
img1543,"[0,0,0,0,0,1,0,0]",0.0,0.0,1.0,0.0,"[0,1,1,0,0,0]",Socio-cultural sensitive information,Religion/Culture
img1544,"[0,0,0,0,0,1,0,0]",0.0,1.0,0.0,0.0,"[0,1,1,0,0,0]",Socio-cultural sensitive information,Religion/Culture
img1545,"[0,0,0,0,0,1,0,0]",0.0,1.0,1.0,0.0,"[0,1,1,0,0,0]",Socio-cultural sensitive information,Religion/Culture
img1546,"[0,0,0,0,0,1,0,0]",0.0,0.0,1.0,0.0,"[0,1,1,1,1,0]",Socio-cultural sensitive information,Religion/Culture
img1547,"[0,0,0,0,0,1,0,0]",0.0,0.0,1.0,0.0,"[0,1,1,1,0,0]",Socio-cultural sensitive information,Religion/Culture
img1548,"[0,0,0,0,0,1,0,0]",0.0,1.0,1.0,0.0,"[0,1,0,0,0,0]",Socio-cultural sensitive information,Religion/Culture
img1549,"[0,0,1,0,1,0,0,0]",1.0,0.0,0.0,0.0,"[0,1,1,1,0,0]",Location information,Location cues
img155,"[0,0,0,0,1,0,0,0]",0.0,0.0,0.0,0.0,"[0,1,1,1,1,0]",Personal preferences,Hobbies/Leisure/Style
img1550,"[1,1,1,0,0,0,0,0]",2.0,0.0,0.0,0.0,"[0,1,1,1,0,0]",Location information,Location cues
img1551,"[1,0,1,0,0,0,0,0]",2.0,0.0,0.0,0.0,"[0,1,1,0,0,0]",Location information,Location cues
img1552,"[1,0,1,0,0,0,0,0]",2.0,0.0,0.0,0.0,"[0,1,0,0,0,0]",Location information,Location cues
img1553,"[1,0,1,0,0,0,0,0]",2.0,0.0,0.0,0.0,"[0,1,1,0,0,0]",Location information,Location cues
img1554,"[1,0,1,0,1,0,0,0]",1.0,0.0,0.0,0.0,"[0,1,1,1,0,0]",Location information,Location cues
img1555,"[1,0,1,0,1,0,0,0]",2.0,0.0,0.0,0.0,"[0,1,1,0,0,0]",Location information,Location cues
img1556,"[1,0,1,0,0,0,0,0]",2.0,0.0,0.0,0.0,"[0,1,1,1,0,0]",Location information,Location cues
img1557,"[1,0,1,0,0,0,0,0]",1.0,0.0,0.0,0.0,"[0,1,1,1,0,0]",Location information,Location cues
img1558,"[1,1,1,0,0,0,0,0]",2.0,0.0,0.0,0.0,"[0,1,1,1,0,0]",Location information,Location cues
img1559,"[0,0,1,0,0,0,0,0]",0.0,0.0,0.0,0.0,"[0,1,1,0,0,0]",Location information,Location cues
img156,"[0,0,0,0,1,0,0,0]",0.0,0.0,0.0,0.0,"[0,1,1,1,1,0]",Personal preferences,Hobbies/Leisure/Style
img1560,"[1,0,1,0,1,0,0,0]",2.0,0.0,0.0,0.0,"[0,1,1,1,0,0]",Location information,Location cues
img1561,"[1,0,1,0,1,0,0,0]",2.0,0.0,0.0,0.0,"[0,1,0,0,0,0]",Location information,Location cues
img1562,"[0,0,0,0,0,0,0,1]",0.0,0.0,0.0,0.0,"[0,1,1,0,0,0]",Location information,Location cues
img1563,"[1,0,1,0,1,0,0,0]",2.0,0.0,0.0,0.0,"[0,1,1,1,0,0]",Location information,Location cues
img1564,"[0,0,1,0,1,0,0,0]",0.0,0.0,0.0,0.0,"[0,1,1,1,0,0]",Location information,Location cues
img1565,"[1,0,1,0,1,0,0,0]",2.0,0.0,0.0,0.0,"[0,1,1,0,0,0]",Location information,Location cues
img1566,"[0,0,1,0,0,0,0,0]",0.0,0.0,0.0,0.0,"[0,1,1,0,0,0]",Location information,Location cues
img1567,"[0,0,1,0,1,0,0,0]",0.0,0.0,0.0,1.0,"[0,1,1,1,0,0]",Location information,Location cues
img1568,"[1,0,1,0,1,0,0,0]",2.0,0.0,0.0,1.0,"[0,1,1,1,0,0]",Location information,Location cues
img1569,"[0,0,1,0,0,0,0,0]",0.0,0.0,0.0,0.0,"[0,1,1,0,0,0]",Location information,Location cues
img157,"[0,0,0,1,1,0,0,0]",0.0,0.0,1.0,0.0,"[0,1,1,0,0,0]",Personal preferences,Hobbies/Leisure/Style
img1570,"[1,0,1,0,1,0,0,0]",2.0,0.0,0.0,0.0,"[0,1,1,0,0,0]",Location information,Location cues
img1571,"[1,0,1,0,1,0,0,0]",2.0,0.0,0.0,0.0,"[0,1,1,1,0,0]",Location information,Location cues
img1572,"[0,0,0,0,0,0,0,1]",0.0,0.0,0.0,0.0,"[0,1,1,0,0,0]",Location information,Location cues
img1573,"[1,0,1,0,0,0,0,0]",2.0,0.0,0.0,0.0,"[0,1,1,1,0,0]",Location information,Location cues
img1574,"[1,0,1,0,0,0,0,0]",2.0,0.0,0.0,0.0,"[0,1,1,1,0,0]",Location information,Location cues
img1575,"[1,0,1,0,1,0,0,0]",2.0,0.0,0.0,0.0,"[0,1,1,0,0,0]",Location information,Location cues
img1576,"[1,0,1,0,1,0,0,0]",2.0,0.0,1.0,0.0,"[0,1,0,0,0,0]",Location information,Location cues
img1577,"[1,0,0,0,1,0,0,0]",2.0,0.0,0.0,0.0,"[0,1,1,0,0,0]",Location information,Location cues
img1578,"[0,0,1,0,1,0,0,0]",1.0,0.0,0.0,0.0,"[0,1,1,0,0,0]",Location information,Location cues
img1579,"[1,0,1,0,1,0,0,0]",2.0,0.0,0.0,0.0,"[0,1,1,0,0,0]",Location information,Location cues
img158,"[0,0,0,0,1,0,0,0]",0.0,0.0,0.0,0.0,"[0,1,1,1,1,0]",Personal preferences,Hobbies/Leisure/Style
img1580,"[1,0,1,0,1,0,0,0]",2.0,0.0,0.0,0.0,"[0,1,1,1,0,0]",Location information,Location cues
img1581,"[1,0,1,0,1,0,0,0]",2.0,0.0,0.0,0.0,"[0,1,0,0,0,0]",Location information,Location cues
img1582,"[1,0,1,0,0,0,0,0]",2.0,0.0,0.0,0.0,"[0,1,1,0,0,0]",Location information,Location cues
img1583,"[1,0,1,0,1,0,0,0]",2.0,0.0,0.0,0.0,"[0,1,1,0,0,0]",Location information,Location cues
img1584,"[1,0,1,0,1,0,0,0]",2.0,0.0,0.0,0.0,"[0,1,1,1,0,0]",Location information,Location cues
img1585,"[0,0,1,0,0,0,0,0]",0.0,0.0,0.0,0.0,"[0,1,1,1,0,0]",Location information,Location cues
img1586,"[1,0,1,0,1,0,0,0]",2.0,0.0,0.0,0.0,"[0,1,1,0,0,0]",Location information,Location cues
img1587,"[1,0,1,0,1,0,0,0]",2.0,0.0,0.0,0.0,"[0,1,1,0,0,0]",Location information,Location cues
img1588,"[1,0,1,0,1,0,0,0]",2.0,0.0,0.0,0.0,"[0,1,1,1,0,0]",Location information,Location cues
img1589,"[1,0,1,0,1,0,0,0]",1.0,0.0,0.0,0.0,"[0,1,1,0,0,0]",Location information,Location cues
img159,"[1,0,0,0,1,0,0,0]",2.0,0.0,0.0,0.0,"[0,1,1,0,0,0]",Personal preferences,Hobbies/Leisure/Style
img1590,"[1,0,1,0,1,0,0,0]",2.0,0.0,0.0,0.0,"[0,1,1,1,0,0]",Location information,Location cues
img1591,"[1,0,1,0,1,0,0,0]",2.0,0.0,0.0,0.0,"[0,1,1,0,0,0]",Location information,Location cues
img1592,"[1,0,1,0,1,0,0,0]",2.0,0.0,0.0,0.0,"[0,1,1,0,0,0]",Location information,Location cues
img1593,"[1,0,1,0,1,0,0,0]",2.0,0.0,0.0,0.0,"[0,1,0,0,0,0]",Location information,Location cues
img1594,"[1,0,1,0,1,0,0,0]",2.0,0.0,0.0,0.0,"[0,1,1,1,0,0]",Location information,Location cues
img1595,"[1,0,1,0,1,0,0,0]",2.0,0.0,0.0,0.0,"[0,1,1,0,0,0]",Location information,Location cues
img1596,"[0,0,1,0,1,0,0,0]",0.0,0.0,0.0,0.0,"[0,1,1,0,0,0]",Location information,Location cues
img1597,"[1,0,1,0,1,0,0,0]",1.0,0.0,0.0,0.0,"[0,1,1,0,0,0]",Location information,Location cues
img1598,"[1,0,1,0,1,0,0,0]",2.0,0.0,0.0,0.0,"[0,1,1,1,0,0]",Location information,Location cues
img1599,"[0,0,1,0,0,0,0,0]",0.0,0.0,0.0,1.0,"[0,1,1,0,0,0]",Location information,Location cues
img16,"[0,0,0,0,1,0,0,1]",0.0,0.0,1.0,0.0,"[0,1,1,1,0,0]",Location information,Public facilities
img160,"[1,0,0,0,1,0,0,0]",1.0,0.0,0.0,0.0,"[0,1,1,1,0,0]",Personal preferences,Hobbies/Leisure/Style
img1600,"[1,0,1,0,1,0,0,0]",2.0,0.0,0.0,0.0,"[0,1,1,1,0,0]",Location information,Location cues
img1601,"[1,0,1,0,0,0,0,0]",2.0,0.0,0.0,0.0,"[0,1,1,0,0,0]",Location information,Location cues
img1602,"[1,0,1,0,1,0,0,0]",2.0,0.0,0.0,0.0,"[0,1,1,1,0,0]",Location information,Location cues
img1603,"[1,0,1,0,1,0,0,0]",2.0,0.0,0.0,0.0,"[0,1,1,0,0,0]",Location information,Location cues
img1604,"[1,0,1,0,1,0,0,0]",2.0,0.0,0.0,0.0,"[0,1,1,1,0,0]",Location information,Location cues
img1605,"[1,0,1,0,1,0,0,0]",2.0,0.0,0.0,0.0,"[0,1,1,0,0,0]",Location information,Location cues
img1606,"[1,0,1,0,1,0,0,0]",2.0,0.0,0.0,0.0,"[0,1,0,0,0,0]",Location information,Location cues
img1607,"[1,0,0,0,1,0,0,0]",1.0,0.0,0.0,0.0,"[0,1,1,0,0,0]",Location information,Location cues
img1608,"[1,0,1,0,0,0,0,0]",2.0,0.0,0.0,0.0,"[0,1,1,1,0,0]",Location information,Location cues
img1609,"[1,1,1,0,0,1,0,0]",2.0,2.0,1.0,0.0,"[0,1,1,0,0,0]",Personal identity and sensitive information,Family events
img161,"[0,0,0,0,1,0,0,0]",0.0,0.0,0.0,0.0,"[0,1,1,1,1,0]",Personal preferences,Hobbies/Leisure/Style
img1610,"[1,1,0,0,0,1,0,0]",,2.0,2.0,,"[0,1,0,0,0,0]",Personal identity and sensitive information,Family events
img1611,"[0,0,1,0,0,1,0,0]",0.0,2.0,1.0,1.0,"[0,1,0,0,0,0]",Personal identity and sensitive information,Family events
img1612,"[1,1,1,0,0,1,0,0]",2.0,0.0,1.0,0.0,"[0,1,1,0,0,0]",Personal identity and sensitive information,Family events
img1613,"[1,0,0,0,0,1,0,0]",2.0,2.0,1.0,0.0,"[0,1,1,0,0,0]",Personal identity and sensitive information,Family events
img1614,"[1,0,0,0,0,0,0,0]",2.0,0.0,1.0,0.0,"[0,1,0,0,0,0]",Personal identity and sensitive information,Family events
img1615,"[1,0,0,0,0,1,0,0]",1.0,2.0,1.0,0.0,"[0,1,0,0,0,0]",Personal identity and sensitive information,Family events
img1616,"[1,0,0,0,0,1,0,0]",2.0,2.0,1.0,0.0,"[0,1,0,0,0,0]",Personal identity and sensitive information,Family events
img1617,"[1,1,1,0,0,1,0,0]",2.0,2.0,1.0,0.0,"[0,1,1,0,0,0]",Personal identity and sensitive information,Family events
img1618,"[1,1,1,0,0,1,0,0]",2.0,2.0,1.0,0.0,"[0,1,1,0,0,0]",Personal identity and sensitive information,Family events
img1619,"[1,0,0,0,0,1,0,0]",2.0,2.0,1.0,0.0,"[0,1,0,0,0,0]",Personal identity and sensitive information,Family events
img162,"[0,0,0,0,1,0,0,0]",0.0,0.0,0.0,0.0,"[0,1,1,1,1,0]",Personal preferences,Hobbies/Leisure/Style
img1620,"[1,1,1,0,0,1,0,0]",2.0,2.0,1.0,0.0,"[0,1,0,0,0,0]",Personal identity and sensitive information,Family events
img1621,"[1,1,1,0,0,1,0,0]",2.0,2.0,1.0,0.0,"[0,1,0,0,0,0]",Personal identity and sensitive information,Family events
img1622,"[1,0,1,0,0,1,0,0]",2.0,2.0,1.0,0.0,"[0,1,0,0,0,0]",Personal identity and sensitive information,Family events
img1623,"[1,1,1,0,0,0,0,0]",2.0,2.0,1.0,0.0,"[0,1,1,0,0,0]",Personal identity and sensitive information,Family events
img1624,"[1,1,0,0,0,1,0,0]",2.0,2.0,1.0,0.0,"[0,1,0,0,0,0]",Personal identity and sensitive information,Family events
img1625,"[1,1,1,0,0,1,0,0]",2.0,2.0,1.0,0.0,"[0,1,0,0,0,0]",Personal identity and sensitive information,Family events
img1626,"[1,1,1,0,0,1,0,0]",2.0,2.0,1.0,0.0,"[0,1,0,0,0,0]",Personal identity and sensitive information,Family events
img1627,"[1,0,1,0,0,1,0,0]",2.0,2.0,1.0,0.0,"[0,1,0,0,0,0]",Personal identity and sensitive information,Family events
img1628,"[1,0,0,0,0,1,0,0]",2.0,2.0,1.0,0.0,"[0,1,0,0,0,0]",Personal identity and sensitive information,Family events
img1629,"[1,1,1,0,0,1,0,0]",2.0,2.0,1.0,0.0,"[0,1,1,0,0,0]",Personal identity and sensitive information,Family events
img163,"[0,0,0,0,1,0,0,0]",0.0,0.0,0.0,0.0,"[0,1,1,1,1,0]",Personal preferences,Hobbies/Leisure/Style
img1630,"[1,1,1,0,0,1,0,0]",2.0,2.0,1.0,0.0,"[0,1,0,0,0,0]",Personal identity and sensitive information,Family events
img1631,"[1,1,1,0,0,1,0,0]",2.0,2.0,1.0,0.0,"[0,1,1,0,0,0]",Personal identity and sensitive information,Family events
img1632,"[1,0,0,0,0,1,0,0]",2.0,2.0,1.0,0.0,"[0,1,0,0,0,0]",Personal identity and sensitive information,Family events
img1633,"[1,0,0,0,0,1,0,0]",2.0,2.0,1.0,0.0,"[0,1,0,0,0,0]",Personal identity and sensitive information,Family events
img1634,"[0,0,1,0,0,1,0,0]",0.0,2.0,1.0,0.0,"[0,1,0,0,0,0]",Personal identity and sensitive information,Family events
img1635,"[1,1,0,0,0,1,0,0]",2.0,2.0,1.0,0.0,"[0,1,0,0,0,0]",Personal identity and sensitive information,Family events
img1636,"[1,1,0,0,0,1,0,0]",2.0,2.0,1.0,0.0,"[0,1,0,0,0,0]",Personal identity and sensitive information,Family events
img1637,"[1,1,0,0,0,1,0,0]",1.0,2.0,1.0,0.0,"[0,1,0,0,0,0]",Personal identity and sensitive information,Family events
img1638,"[1,1,1,0,0,1,0,0]",2.0,2.0,1.0,0.0,"[0,1,1,0,0,0]",Personal identity and sensitive information,Family events
img1639,"[1,0,1,0,0,1,0,0]",2.0,2.0,1.0,0.0,"[0,1,1,0,0,0]",Personal identity and sensitive information,Family events
img164,"[0,0,0,0,1,0,0,0]",0.0,0.0,0.0,0.0,"[0,1,1,1,1,0]",Personal preferences,Hobbies/Leisure/Style
img1640,"[1,0,0,0,0,1,0,0]",2.0,2.0,1.0,0.0,"[0,1,0,0,0,0]",Personal identity and sensitive information,Family events
img1641,"[1,0,0,0,0,1,0,0]",2.0,2.0,1.0,0.0,"[0,1,0,0,0,0]",Personal identity and sensitive information,Family events
img1642,"[0,0,1,0,0,1,0,0]",0.0,2.0,1.0,0.0,"[0,1,1,0,0,0]",Personal identity and sensitive information,Family events
img1643,"[1,1,1,0,0,1,0,0]",2.0,2.0,1.0,0.0,"[0,1,1,1,0,0]",Personal identity and sensitive information,Family events
img1644,"[1,0,0,0,0,1,0,0]",2.0,2.0,1.0,0.0,"[0,1,0,0,0,0]",Personal identity and sensitive information,Family events
img1645,"[1,1,1,0,0,1,0,0]",2.0,2.0,1.0,0.0,"[0,1,0,0,0,0]",Personal identity and sensitive information,Family events
img1646,"[1,0,1,0,0,0,0,0]",2.0,2.0,1.0,0.0,"[0,1,0,0,0,0]",Personal identity and sensitive information,Family events
img1647,"[1,0,0,0,0,1,0,0]",2.0,2.0,1.0,0.0,"[0,1,0,0,0,0]",Personal identity and sensitive information,Family events
img1648,"[1,1,0,0,0,1,0,0]",2.0,2.0,1.0,0.0,"[0,1,0,0,0,0]",Personal identity and sensitive information,Family events
img1649,"[1,1,1,0,0,1,0,0]",2.0,2.0,1.0,0.0,"[0,1,0,0,0,0]",Personal identity and sensitive information,Family events
img165,"[0,0,0,0,1,0,0,0]",0.0,0.0,0.0,0.0,"[0,1,1,1,1,0]",Personal preferences,Hobbies/Leisure/Style
img1651,"[1,1,1,0,0,1,0,0]",2.0,2.0,1.0,0.0,"[0,1,1,0,0,0]",Personal identity and sensitive information,Family events
img1652,"[1,0,0,0,0,1,0,0]",0.0,2.0,0.0,0.0,"[0,0,0,0,0,0]",Personal identity and sensitive information,Family events
img1653,"[1,1,1,0,0,0,0,0]",2.0,2.0,1.0,0.0,"[0,1,0,0,0,0]",Personal identity and sensitive information,Family events
img1654,"[1,1,0,1,0,0,0,0]",2.0,0.0,1.0,0.0,"[0,1,1,0,0,0]",Body and appearance,Body exposure and sexual implication
img1655,"[1,1,0,1,0,0,0,0]",2.0,0.0,1.0,0.0,"[0,1,1,0,0,0]",Body and appearance,Body exposure and sexual implication
img1656,"[1,1,0,1,0,0,0,0]",2.0,0.0,1.0,0.0,"[0,1,1,0,0,0]",Body and appearance,Body exposure and sexual implication
img1657,"[1,1,0,0,0,0,0,0]",2.0,0.0,1.0,0.0,"[0,1,1,0,0,0]",Body and appearance,Body exposure and sexual implication
img1658,"[1,1,0,1,0,0,0,0]",1.0,0.0,1.0,0.0,"[0,1,1,0,0,0]",Body and appearance,Body exposure and sexual implication
img1659,"[1,1,0,1,0,0,0,0]",1.0,0.0,1.0,0.0,"[0,1,1,0,0,0]",Body and appearance,Body exposure and sexual implication
img166,"[0,0,0,0,1,0,0,0]",0.0,0.0,0.0,0.0,"[0,1,1,1,1,0]",Personal preferences,Hobbies/Leisure/Style
img1660,"[0,1,0,1,0,0,0,0]",0.0,0.0,1.0,0.0,"[0,1,0,0,0,0]",Body and appearance,Body exposure and sexual implication
img1661,"[1,1,0,1,0,0,0,0]",2.0,0.0,1.0,0.0,"[0,1,1,0,0,0]",Body and appearance,Body exposure and sexual implication
img1662,"[1,1,0,1,0,0,0,0]",2.0,0.0,1.0,0.0,"[0,1,1,0,0,0]",Body and appearance,Body exposure and sexual implication
img1663,"[1,1,0,1,0,0,0,0]",1.0,0.0,1.0,0.0,"[0,1,1,0,0,0]",Body and appearance,Body exposure and sexual implication
img1664,"[1,1,0,1,0,0,0,0]",2.0,,1.0,,"[0,1,1,0,0,0]",Body and appearance,Body exposure and sexual implication
img1665,"[1,1,0,1,0,0,0,0]",1.0,0.0,1.0,0.0,"[0,1,1,0,0,0]",Body and appearance,Body exposure and sexual implication
img1666,"[1,1,0,1,0,0,0,0]",2.0,0.0,1.0,0.0,"[0,1,1,0,0,0]",Body and appearance,Body exposure and sexual implication
img1667,"[1,1,0,1,0,0,0,0]",2.0,0.0,1.0,0.0,"[0,1,1,1,0,0]",Body and appearance,Body exposure and sexual implication
img1668,"[1,1,0,1,0,0,0,0]",2.0,0.0,1.0,0.0,"[0,1,1,0,0,0]",Body and appearance,Body exposure and sexual implication
img1669,"[1,1,0,1,0,0,0,0]",2.0,0.0,1.0,0.0,"[0,1,1,1,0,0]",Body and appearance,Body exposure and sexual implication
img167,"[0,0,0,0,1,0,0,0]",0.0,1.0,0.0,0.0,"[0,1,1,1,0,0]",Personal preferences,Hobbies/Leisure/Style
img1670,"[1,1,0,1,0,0,0,0]",2.0,0.0,1.0,0.0,"[0,1,1,0,0,0]",Body and appearance,Body exposure and sexual implication
img1671,"[1,1,0,1,0,0,0,0]",2.0,0.0,1.0,0.0,"[0,1,1,0,0,0]",Body and appearance,Body exposure and sexual implication
img1672,"[1,1,0,1,0,0,0,0]",2.0,0.0,1.0,0.0,"[0,1,1,0,0,0]",Body and appearance,Body exposure and sexual implication
img1673,"[1,1,0,1,0,0,0,0]",2.0,0.0,1.0,0.0,"[0,1,1,1,0,0]",Body and appearance,Body exposure and sexual implication
img1674,"[1,1,0,1,0,0,0,0]",2.0,0.0,1.0,0.0,"[0,1,0,0,0,0]",Body and appearance,Body exposure and sexual implication
img1675,"[1,1,0,1,0,1,0,0]",1.0,1.0,1.0,,"[0,1,1,0,0,0]",Body and appearance,Body exposure and sexual implication
img1676,"[1,0,0,1,1,0,0,0]",1.0,0.0,1.0,0.0,"[0,1,1,0,0,0]",Body and appearance,Body exposure and sexual implication
img1677,"[1,1,0,1,0,0,0,0]",2.0,0.0,1.0,0.0,"[0,1,1,0,0,0]",Body and appearance,Body exposure and sexual implication
img1678,"[1,0,0,1,1,0,0,0]",2.0,0.0,1.0,0.0,"[0,1,1,0,0,0]",Body and appearance,Body exposure and sexual implication
img1679,"[1,1,0,1,0,0,0,0]",1.0,0.0,1.0,0.0,"[0,1,1,0,0,0]",Body and appearance,Body exposure and sexual implication
img168,"[0,0,0,0,1,0,0,0]",0.0,0.0,0.0,0.0,"[0,1,1,1,1,0]",Personal preferences,Hobbies/Leisure/Style
img1680,"[1,1,0,1,0,0,0,0]",2.0,0.0,1.0,0.0,"[0,1,1,0,0,0]",Body and appearance,Body exposure and sexual implication
img1681,"[1,0,1,1,1,0,0,0]",2.0,0.0,2.0,0.0,"[1,0,0,0,0,0]",Body and appearance,Body exposure and sexual implication
img1682,"[1,1,1,1,0,1,0,0]",1.0,1.0,1.0,0.0,"[0,1,1,0,0,0]",Body and appearance,Body exposure and sexual implication
img1683,"[1,1,0,1,0,0,0,0]",2.0,0.0,1.0,0.0,"[0,1,1,0,0,0]",Body and appearance,Body exposure and sexual implication
img1684,"[1,1,0,1,0,0,0,0]",2.0,0.0,1.0,0.0,"[0,1,1,0,0,0]",Body and appearance,Body exposure and sexual implication
img1685,"[1,1,0,1,0,0,0,0]",1.0,0.0,1.0,0.0,"[0,1,1,0,0,0]",Body and appearance,Body exposure and sexual implication
img1686,"[1,1,0,1,0,0,0,0]",2.0,0.0,1.0,0.0,"[0,1,1,1,0,0]",Body and appearance,Body exposure and sexual implication
img1687,"[1,1,0,1,0,0,0,0]",2.0,0.0,1.0,0.0,"[0,1,1,0,0,0]",Body and appearance,Body exposure and sexual implication
img1688,"[1,1,1,1,0,0,0,0]",2.0,0.0,1.0,0.0,"[0,1,1,0,0,0]",Body and appearance,Body exposure and sexual implication
img1689,"[1,1,0,1,0,0,0,0]",2.0,0.0,1.0,0.0,"[0,1,1,1,0,0]",Body and appearance,Body exposure and sexual implication
img169,"[0,0,0,0,1,0,0,0]",0.0,0.0,0.0,0.0,"[0,1,1,1,1,0]",Personal preferences,Hobbies/Leisure/Style
img1690,"[1,1,0,0,0,0,0,0]",2.0,0.0,0.0,0.0,"[0,1,1,1,0,0]",Body and appearance,Body exposure and sexual implication
img1691,"[1,1,1,1,0,0,0,0]",1.0,0.0,1.0,0.0,"[0,1,1,1,0,0]",Body and appearance,Body exposure and sexual implication
img1692,"[1,0,0,0,0,0,0,0]",2.0,0.0,0.0,0.0,"[0,1,1,1,0,0]",Body and appearance,Body exposure and sexual implication
img1693,"[1,1,1,1,0,0,0,0]",1.0,1.0,1.0,0.0,"[0,1,0,0,0,0]",Body and appearance,Body exposure and sexual implication
img1694,"[1,1,0,1,0,0,0,0]",2.0,1.0,1.0,0.0,"[0,1,1,0,0,0]",Body and appearance,Body exposure and sexual implication
img1695,"[1,1,0,1,0,0,0,0]",1.0,0.0,1.0,0.0,"[0,1,1,0,0,0]",Body and appearance,Body exposure and sexual implication
img1696,"[1,1,0,1,0,0,0,0]",2.0,0.0,1.0,0.0,"[0,1,1,0,0,0]",Body and appearance,Body exposure and sexual implication
img1697,"[1,1,0,1,0,0,0,0]",2.0,0.0,1.0,0.0,"[0,0,0,0,0,0]",Body and appearance,Body exposure and sexual implication
img1698,"[1,1,0,1,0,0,0,0]",1.0,0.0,1.0,0.0,"[0,1,1,0,0,0]",Body and appearance,Body exposure and sexual implication
img1699,"[1,0,0,0,1,0,0,0]",1.0,0.0,0.0,0.0,"[0,1,1,0,0,0]",Body and appearance,Body exposure and sexual implication
img17,"[1,0,0,0,1,0,0,0]",2.0,1.0,1.0,0.0,"[0,1,1,1,0,0]",Location information,Public facilities
img170,"[0,0,0,0,1,0,0,0]",0.0,0.0,0.0,0.0,"[0,1,1,1,1,0]",Personal preferences,Hobbies/Leisure/Style
img1700,"[1,1,0,1,0,0,0,0]",1.0,0.0,1.0,0.0,"[0,1,0,0,0,0]",Body and appearance,Body exposure and sexual implication
img1701,"[1,1,0,1,0,0,0,0]",1.0,0.0,1.0,0.0,"[1,0,0,0,0,0]",Body and appearance,Body exposure and sexual implication
img1702,"[1,1,0,1,0,0,0,0]",2.0,0.0,1.0,0.0,"[0,1,1,0,0,0]",Body and appearance,Body exposure and sexual implication
img1703,"[1,1,0,1,0,0,0,0]",2.0,0.0,1.0,0.0,"[0,1,1,0,0,0]",Body and appearance,Body exposure and sexual implication
img1704,"[1,1,0,1,0,0,0,0]",2.0,0.0,1.0,0.0,"[0,1,1,1,0,0]",Body and appearance,Body exposure and sexual implication
img1705,"[1,1,0,1,0,0,0,0]",2.0,0.0,1.0,0.0,"[0,1,1,0,0,0]",Body and appearance,Body exposure and sexual implication
img1706,"[1,1,0,1,0,0,0,0]",1.0,0.0,1.0,0.0,"[0,1,1,1,0,0]",Body and appearance,Body exposure and sexual implication
img1707,"[1,1,0,1,0,0,0,0]",2.0,0.0,1.0,0.0,"[0,1,1,0,0,0]",Body and appearance,Body exposure and sexual implication
img1708,"[1,1,0,1,0,0,0,0]",1.0,0.0,1.0,0.0,"[0,1,1,0,0,0]",Body and appearance,Body exposure and sexual implication
img1709,"[1,1,1,1,0,0,0,0]",2.0,0.0,1.0,0.0,"[0,1,1,0,0,0]",Body and appearance,Body exposure and sexual implication
img171,"[0,0,0,0,1,0,0,0]",0.0,0.0,0.0,0.0,"[0,1,1,1,1,0]",Personal preferences,Hobbies/Leisure/Style
img1710,"[1,1,0,1,0,0,0,0]",0.0,0.0,1.0,0.0,"[0,1,1,0,0,0]",Body and appearance,Body exposure and sexual implication
img1711,"[1,1,0,1,0,0,0,0]",1.0,0.0,1.0,0.0,"[0,1,1,0,0,0]",Body and appearance,Body exposure and sexual implication
img1712,"[1,1,0,0,0,1,0,0]",2.0,0.0,1.0,0.0,"[0,1,1,1,0,0]",Body and appearance,Body exposure and sexual implication
img1713,"[1,1,0,1,0,0,0,0]",2.0,0.0,1.0,0.0,"[0,1,1,0,0,0]",Body and appearance,Body exposure and sexual implication
img1714,"[0,0,0,0,0,0,0,0]",0.0,0.0,0.0,0.0,"[0,1,1,1,1,1]",Public,Public
img1715,"[1,0,0,0,1,0,0,0]",1.0,0.0,0.0,0.0,"[0,1,1,1,0,0]",Public,Public
img1716,"[0,0,1,0,1,0,0,0]",0.0,0.0,0.0,0.0,"[0,1,1,1,0,0]",Public,Public
img1717,"[0,0,0,0,0,0,0,1]",0.0,0.0,0.0,0.0,"[0,1,1,1,0,0]",Public,Public
img1718,"[0,0,0,0,0,0,0,0]",0.0,0.0,0.0,0.0,"[0,1,1,1,1,0]",Public,Public
img1719,"[0,0,0,0,0,0,0,0]",0.0,0.0,0.0,0.0,"[0,1,1,1,1,0]",Public,Public
img172,"[0,0,0,0,1,0,0,0]",0.0,0.0,0.0,0.0,"[0,1,1,1,1,0]",Personal preferences,Hobbies/Leisure/Style
img1720,"[0,0,0,0,1,0,0,0]",0.0,0.0,0.0,0.0,"[0,1,1,1,1,0]",Public,Public
img1721,"[0,0,0,0,1,0,0,0]",0.0,0.0,0.0,0.0,"[0,1,1,1,1,0]",Public,Public
img1722,"[0,0,0,0,1,0,0,0]",0.0,0.0,0.0,0.0,"[0,1,1,1,1,0]",Public,Public
img1723,"[0,0,0,0,0,0,0,0]",0.0,0.0,0.0,0.0,"[0,1,1,1,1,0]",Public,Public
img1724,"[0,0,0,0,1,0,0,0]",0.0,0.0,0.0,0.0,"[0,1,1,1,1,0]",Public,Public
img1725,"[0,0,0,0,1,0,0,0]",0.0,0.0,0.0,0.0,"[0,1,1,1,1,0]",Public,Public
img1726,"[0,0,0,0,0,0,0,1]",0.0,0.0,0.0,0.0,"[0,1,1,1,0,0]",Public,Public
img1727,"[1,0,0,0,0,0,0,0]",2.0,0.0,0.0,0.0,"[0,1,1,1,0,0]",Public,Public
img1728,"[0,0,0,0,1,0,0,0]",0.0,0.0,0.0,0.0,"[0,1,1,1,1,0]",Public,Public
img1729,"[0,0,0,0,0,0,0,0]",0.0,0.0,0.0,0.0,"[0,1,1,1,1,1]",Public,Public
img173,"[1,0,1,0,0,0,0,0]",2.0,2.0,1.0,0.0,"[0,1,0,0,0,0]",Personal identity and sensitive information,Personal information
img1730,"[0,0,0,0,1,0,0,0]",0.0,0.0,0.0,0.0,"[0,1,1,1,1,0]",Public,Public
img1731,"[0,0,0,0,1,0,0,0]",0.0,0.0,0.0,0.0,"[0,1,1,1,1,0]",Public,Public
img1732,"[1,0,0,0,0,0,0,0]",1.0,0.0,0.0,0.0,"[0,1,1,1,0,0]",Public,Public
img1733,"[1,0,0,0,1,0,0,0]",2.0,0.0,0.0,0.0,"[0,1,1,1,0,0]",Public,Public
img1734,"[0,0,0,0,1,0,0,0]",0.0,0.0,0.0,0.0,"[0,1,1,1,1,0]",Public,Public
img1735,"[0,0,0,0,1,0,0,0]",0.0,1.0,0.0,0.0,"[0,1,1,1,1,0]",Public,Public
img1736,"[0,0,0,0,0,0,0,0]",0.0,0.0,0.0,0.0,"[0,1,1,1,1,1]",Public,Public
img1737,"[0,0,0,0,0,0,0,0]",0.0,0.0,0.0,0.0,"[0,1,1,1,1,1]",Public,Public
img1738,"[0,0,0,0,0,0,0,0]",0.0,0.0,0.0,0.0,"[0,1,1,1,1,1]",Public,Public
img1739,"[0,0,0,0,1,0,0,0]",0.0,0.0,0.0,0.0,"[0,1,1,1,1,0]",Public,Public
img174,"[0,0,1,0,0,0,0,1]",0.0,2.0,0.0,0.0,"[0,1,1,0,0,0]",Personal identity and sensitive information,Personal information
img1740,"[0,0,0,0,0,0,0,0]",0.0,0.0,0.0,0.0,"[0,1,1,1,1,1]",Public,Public
img1741,"[0,0,1,0,0,0,0,0]",0.0,0.0,0.0,0.0,"[0,1,1,1,0,0]",Public,Public
img1742,"[0,0,0,0,0,0,0,0]",0.0,0.0,0.0,0.0,"[0,1,1,1,1,0]",Public,Public
img1743,"[0,0,0,0,1,0,0,0]",0.0,0.0,0.0,0.0,"[0,1,1,1,0,0]",Public,Public
img1744,"[0,0,0,0,1,0,0,0]",0.0,0.0,0.0,0.0,"[0,1,1,1,1,0]",Public,Public
img1745,"[0,0,0,0,0,0,0,0]",0.0,0.0,0.0,0.0,"[0,1,1,1,1,1]",Public,Public
img1746,"[0,0,0,0,1,0,0,0]",0.0,0.0,0.0,0.0,"[0,1,1,1,1,0]",Public,Public
img1747,"[0,0,0,0,0,0,0,0]",0.0,0.0,0.0,0.0,"[0,1,1,1,1,1]",Public,Public
img1748,"[0,0,0,0,1,0,0,0]",0.0,0.0,0.0,0.0,"[0,1,1,1,1,0]",Public,Public
img1749,"[0,0,0,0,1,0,0,0]",0.0,0.0,0.0,0.0,"[0,1,1,1,1,0]",Public,Public
img175,"[1,0,1,1,0,0,0,0]",2.0,2.0,1.0,0.0,"[0,1,0,0,0,0]",Personal identity and sensitive information,Personal information
img1750,"[0,0,0,0,0,0,0,0]",0.0,0.0,0.0,0.0,"[0,1,1,1,1,1]",Public,Public
img1751,"[0,0,1,0,0,0,0,1]",0.0,1.0,1.0,0.0,"[0,1,1,1,0,0]",Public,Public
img1752,"[0,0,0,0,0,0,0,1]",0.0,0.0,0.0,0.0,"[0,1,1,1,1,0]",Public,Public
img1753,"[0,0,0,0,1,0,0,0]",0.0,0.0,0.0,0.0,"[0,1,1,1,1,0]",Public,Public
img1754,"[0,0,0,0,0,0,0,0]",0.0,0.0,0.0,0.0,"[0,1,1,1,1,1]",Public,Public
img1755,"[1,0,0,0,0,0,0,0]",2.0,0.0,0.0,0.0,"[0,1,1,1,0,0]",Public,Public
img1756,"[0,0,0,0,1,0,0,0]",0.0,0.0,0.0,0.0,"[0,1,1,1,1,0]",Public,Public
img1757,"[0,0,0,0,1,0,0,0]",0.0,0.0,0.0,0.0,"[0,1,1,1,1,0]",Public,Public
img1758,"[1,0,0,0,1,0,0,0]",2.0,0.0,0.0,0.0,"[0,1,1,1,0,0]",Public,Public
img1759,"[0,0,0,0,1,0,0,0]",0.0,0.0,0.0,0.0,"[0,1,1,1,1,0]",Public,Public
img176,"[0,0,1,0,0,0,0,0]",0.0,2.0,1.0,0.0,"[0,1,0,0,0,0]",Personal identity and sensitive information,Personal information
img1760,"[0,0,0,0,1,0,0,0]",0.0,0.0,0.0,0.0,"[0,1,1,1,1,0]",Public,Public
img1761,"[0,0,0,0,0,0,0,0]",0.0,0.0,0.0,0.0,"[0,1,1,1,1,1]",Public,Public
img1762,"[0,0,0,0,0,0,0,0]",0.0,0.0,0.0,0.0,"[0,1,1,1,1,1]",Public,Public
img1763,"[0,0,0,0,0,0,0,0]",0.0,0.0,0.0,0.0,"[0,1,1,1,1,1]",Public,Public
img1764,"[0,0,0,0,1,0,0,0]",0.0,0.0,0.0,0.0,"[0,1,1,1,1,0]",Public,Public
img1765,"[0,0,0,0,0,0,0,0]",0.0,0.0,0.0,0.0,"[0,1,1,1,0,0]",Public,Public
img1766,"[0,0,0,0,1,0,0,0]",0.0,0.0,0.0,0.0,"[0,1,1,1,1,0]",Public,Public
img1767,"[1,0,0,0,1,0,0,0]",2.0,0.0,0.0,0.0,"[0,1,1,1,0,0]",Public,Public
img1768,"[0,0,0,0,1,0,0,0]",0.0,0.0,0.0,0.0,"[0,1,1,1,1,0]",Public,Public
img1769,"[0,0,0,0,0,0,0,0]",0.0,0.0,0.0,0.0,"[0,1,1,1,1,0]",Public,Public
img177,"[0,0,1,0,0,0,0,1]",0.0,2.0,0.0,0.0,"[0,1,0,0,0,0]",Personal identity and sensitive information,Personal information
img1770,"[0,0,0,0,1,0,0,0]",0.0,0.0,0.0,0.0,"[0,1,1,1,1,0]",Public,Public
img1771,"[0,0,0,0,0,0,0,0]",0.0,0.0,0.0,0.0,"[0,1,1,1,1,0]",Public,Public
img1772,"[0,0,0,0,1,0,0,0]",0.0,0.0,0.0,0.0,"[0,1,1,1,1,0]",Public,Public
img1773,"[0,0,0,0,1,0,0,0]",0.0,0.0,0.0,0.0,"[0,1,1,1,1,0]",Public,Public
img1774,"[0,0,0,0,0,0,0,0]",0.0,0.0,0.0,0.0,"[0,1,1,1,1,0]",Public,Public
img1775,"[0,0,0,0,1,0,0,0]",0.0,0.0,0.0,0.0,"[0,1,1,1,1,0]",Public,Public
img1776,"[1,0,0,0,1,0,0,0]",2.0,0.0,0.0,0.0,"[0,1,1,1,0,0]",Public,Public
img1777,"[0,0,0,0,0,0,0,0]",0.0,0.0,0.0,0.0,"[0,1,1,1,1,1]",Public,Public
img1778,"[0,0,0,0,1,0,0,0]",0.0,0.0,0.0,0.0,"[0,1,1,1,1,0]",Public,Public
img1779,"[0,0,0,0,0,0,0,0]",0.0,0.0,0.0,0.0,"[0,1,1,1,1,1]",Public,Public
img178,"[0,0,1,0,0,0,0,1]",0.0,2.0,0.0,0.0,"[0,1,1,0,0,0]",Personal identity and sensitive information,Personal information
img1780,"[0,0,0,0,1,0,0,0]",0.0,0.0,0.0,0.0,"[0,1,1,1,0,0]",Public,Public
img1781,"[0,0,0,0,1,0,0,0]",0.0,0.0,0.0,0.0,"[0,1,1,1,1,0]",Public,Public
img1782,"[0,0,0,0,1,0,0,0]",0.0,0.0,0.0,0.0,"[0,1,1,1,1,0]",Public,Public
img1783,"[0,0,0,0,0,0,0,1]",0.0,1.0,1.0,0.0,"[0,1,1,1,1,0]",Public,Public
img1784,"[0,0,0,0,0,0,0,0]",0.0,0.0,0.0,0.0,"[0,1,1,1,1,1]",Public,Public
img1785,"[0,0,0,0,1,0,0,0]",0.0,0.0,0.0,0.0,"[0,1,1,1,1,0]",Public,Public
img1786,"[0,0,0,0,1,0,0,0]",0.0,0.0,0.0,,"[0,1,1,1,1,0]",Public,Public
img1787,"[0,0,0,0,0,0,0,0]",0.0,0.0,0.0,0.0,"[0,1,1,1,1,1]",Public,Public
img1788,"[0,0,0,0,1,0,0,0]",0.0,0.0,0.0,0.0,"[0,1,1,1,1,0]",Public,Public
img1789,"[0,0,0,0,1,0,0,0]",0.0,0.0,0.0,0.0,"[0,1,1,1,0,0]",Public,Public
img179,"[1,0,1,0,0,0,0,0]",2.0,0.0,1.0,0.0,"[0,1,0,0,0,0]",Personal identity and sensitive information,Personal information
img1790,"[1,1,0,0,0,0,0,0]",2.0,0.0,0.0,0.0,"[0,1,1,1,0,0]",Public,Public
img1791,"[1,1,0,0,0,0,0,0]",2.0,0.0,0.0,0.0,"[0,1,1,1,0,0]",Public,Public
img1792,"[0,0,0,0,1,0,0,0]",0.0,0.0,0.0,0.0,"[0,1,1,1,1,1]",Public,Public
img1793,"[0,0,0,0,1,0,0,0]",0.0,0.0,0.0,0.0,"[0,1,1,1,1,0]",Public,Public
img1794,"[0,0,0,0,1,0,0,0]",0.0,0.0,0.0,0.0,"[0,1,1,1,1,0]",Public,Public
img1795,"[0,1,0,0,1,0,0,0]",0.0,0.0,0.0,0.0,"[0,1,1,0,0,0]",Public,Public
img1796,"[0,0,0,1,1,0,0,0]",0.0,2.0,1.0,0.0,"[0,1,1,0,0,0]",Public,Public
img1797,"[0,0,0,0,1,0,0,0]",0.0,0.0,0.0,0.0,"[0,1,1,1,1,0]",Public,Public
img1798,"[1,0,0,0,1,0,0,0]",2.0,0.0,0.0,0.0,"[0,1,1,1,0,0]",Public,Public
img1799,"[0,0,0,0,0,0,0,0]",0.0,0.0,0.0,0.0,"[0,1,1,1,1,1]",Public,Public
img18,"[0,0,1,0,1,0,0,0]",0.0,1.0,1.0,0.0,"[0,1,1,1,0,0]",Location information,Public facilities
img180,"[1,1,1,0,0,0,0,0]",2.0,2.0,0.0,0.0,"[0,1,0,0,0,0]",Personal identity and sensitive information,Personal information
img1800,"[0,0,1,0,0,0,0,0]",0.0,,0.0,0.0,"[0,1,1,0,0,0]",Public,Public
img1801,"[0,0,0,0,1,0,0,0]",0.0,0.0,0.0,0.0,"[0,1,1,1,1,1]",Public,Public
img1802,"[0,0,0,0,0,0,0,1]",0.0,0.0,0.0,0.0,"[0,1,1,1,0,0]",Public,Public
img1803,"[0,0,0,0,0,0,0,0]",0.0,0.0,0.0,0.0,"[0,1,1,1,1,1]",Public,Public
img1804,"[1,0,0,0,1,0,0,0]",1.0,0.0,0.0,0.0,"[0,1,1,1,0,0]",Public,Public
img1805,"[0,0,0,0,1,0,0,0]",0.0,0.0,0.0,0.0,"[0,1,1,1,1,0]",Public,Public
img1806,"[0,0,0,0,1,0,0,0]",0.0,0.0,0.0,0.0,"[0,1,1,1,1,0]",Public,Public
img1807,"[0,0,0,0,0,0,0,0]",0.0,0.0,0.0,0.0,"[0,1,1,1,1,1]",Public,Public
img1808,"[0,0,0,0,1,0,0,0]",0.0,0.0,0.0,0.0,"[0,1,1,1,1,0]",Public,Public
img1809,"[0,0,0,0,0,0,0,0]",0.0,0.0,0.0,0.0,"[0,1,1,1,0,0]",Public,Public
img181,"[1,0,1,0,0,0,0,0]",0.0,2.0,1.0,0.0,"[0,1,0,0,0,0]",Personal identity and sensitive information,Personal information
img1810,"[0,0,1,0,0,0,0,0]",0.0,0.0,0.0,0.0,"[0,1,1,1,1,0]",Public,Public
img1811,"[0,0,0,0,0,0,0,0]",0.0,0.0,0.0,0.0,"[0,1,1,1,1,1]",Public,Public
img1812,"[0,0,0,0,1,0,0,0]",0.0,0.0,0.0,0.0,"[0,1,1,1,1,0]",Public,Public
img1813,"[0,0,0,0,1,0,0,0]",0.0,0.0,0.0,0.0,"[0,1,1,1,1,0]",Public,Public
img1814,"[0,0,0,0,0,0,0,0]",0.0,0.0,0.0,0.0,"[0,1,1,1,1,1]",Public,Public
img1815,"[0,0,0,0,1,0,0,0]",0.0,0.0,0.0,0.0,"[0,1,1,1,1,0]",Public,Public
img1816,"[1,0,0,0,0,0,0,0]",1.0,0.0,0.0,0.0,"[0,1,1,1,0,0]",Public,Public
img1817,"[1,0,0,0,1,0,0,1]",0.0,0.0,0.0,0.0,"[0,1,1,1,0,0]",Public,Public
img1818,"[0,0,0,0,0,0,0,0]",0.0,0.0,0.0,0.0,"[0,1,1,1,1,0]",Public,Public
img1819,"[0,0,0,0,1,0,0,0]",0.0,0.0,0.0,0.0,"[0,1,1,1,1,0]",Public,Public
img182,"[1,0,0,0,0,0,0,0]",1.0,0.0,0.0,0.0,"[0,1,0,0,0,0]",Personal identity and sensitive information,Personal information
img1820,"[0,0,0,0,1,0,0,0]",0.0,0.0,0.0,0.0,"[0,1,1,1,1,0]",Public,Public
img1821,"[1,0,0,0,1,0,0,0]",1.0,0.0,0.0,0.0,"[0,1,1,1,0,0]",Public,Public
img1822,"[0,0,0,0,1,0,0,0]",0.0,0.0,0.0,0.0,"[0,1,1,1,1,0]",Public,Public
img1823,"[0,0,0,0,1,0,0,0]",0.0,0.0,0.0,0.0,"[0,1,1,1,1,0]",Public,Public
img1824,"[0,0,0,0,1,0,0,0]",0.0,0.0,0.0,0.0,"[0,1,1,1,1,0]",Public,Public
img1825,"[0,0,0,0,1,0,0,0]",0.0,0.0,0.0,0.0,"[0,1,1,1,1,0]",Public,Public
img1826,"[0,0,1,0,0,0,0,1]",0.0,0.0,0.0,0.0,"[0,1,1,1,0,0]",Public,Public
img1827,"[0,0,0,0,1,0,0,0]",0.0,0.0,0.0,0.0,"[0,1,1,1,1,0]",Public,Public
img1828,"[0,0,0,0,1,0,0,0]",0.0,0.0,0.0,0.0,"[0,1,1,1,1,0]",Public,Public
img1829,"[0,0,0,0,0,0,0,0]",0.0,0.0,0.0,0.0,"[0,1,1,1,1,1]",Public,Public
img183,"[1,0,0,0,0,0,0,0]",2.0,0.0,1.0,0.0,"[0,1,0,0,0,0]",Personal identity and sensitive information,Personal information
img1830,"[0,0,0,0,1,0,0,0]",0.0,0.0,0.0,0.0,"[0,1,1,1,1,0]",Public,Public
img1831,"[0,0,0,0,1,0,0,0]",0.0,0.0,0.0,0.0,"[0,1,1,1,1,0]",Public,Public
img1832,"[0,0,0,0,1,1,0,0]",0.0,1.0,1.0,0.0,"[0,1,0,0,0,0]",Public,Public
img1833,"[0,0,0,0,0,0,0,0]",0.0,0.0,0.0,0.0,"[0,1,1,1,1,1]",Public,Public
img1834,"[0,0,0,0,1,0,0,0]",0.0,0.0,0.0,0.0,"[0,1,1,1,1,0]",Public,Public
img1835,"[1,0,0,0,0,0,0,0]",1.0,0.0,0.0,0.0,"[0,1,1,1,0,0]",Public,Public
img1836,"[0,0,0,0,1,0,0,0]",0.0,0.0,0.0,0.0,"[0,1,1,1,1,0]",Public,Public
img1837,"[0,0,0,0,1,0,0,0]",0.0,0.0,0.0,0.0,"[0,1,1,1,1,0]",Public,Public
img1838,"[1,0,0,0,1,0,0,0]",2.0,0.0,0.0,0.0,"[0,1,1,1,0,0]",Public,Public
img1839,"[1,0,1,0,1,0,0,0]",2.0,0.0,0.0,0.0,"[0,1,1,0,0,0]",Public,Public
img184,"[0,0,1,0,0,0,0,0]",0.0,2.0,1.0,0.0,"[0,1,1,0,0,0]",Personal identity and sensitive information,Personal information
img1840,"[0,0,0,0,0,0,0,0]",0.0,0.0,0.0,0.0,"[0,1,1,1,1,1]",Public,Public
img1841,"[0,0,0,0,0,0,0,0]",0.0,0.0,0.0,0.0,"[0,1,1,1,1,1]",Public,Public
img1842,"[0,0,0,0,0,0,0,0]",0.0,0.0,0.0,0.0,"[0,1,1,1,1,1]",Public,Public
img1843,"[0,0,0,0,1,0,0,0]",0.0,0.0,0.0,0.0,"[0,1,1,1,1,0]",Public,Public
img1844,"[0,0,0,0,0,0,0,0]",0.0,0.0,0.0,0.0,"[0,1,1,1,0,0]",Public,Public
img1845,"[0,0,0,0,1,0,0,0]",0.0,0.0,0.0,0.0,"[0,1,1,1,1,0]",Public,Public
img1846,"[0,0,0,0,1,0,0,0]",0.0,0.0,0.0,0.0,"[0,1,1,1,1,0]",Public,Public
img1847,"[0,0,0,0,1,0,0,0]",0.0,0.0,0.0,0.0,"[0,1,1,1,1,0]",Public,Public
img1848,"[0,0,0,0,1,0,0,0]",0.0,0.0,0.0,0.0,"[0,1,1,1,1,0]",Public,Public
img1849,"[1,0,0,0,1,0,0,0]",2.0,0.0,0.0,0.0,"[0,1,1,1,0,0]",Public,Public
img185,"[1,0,0,1,0,0,0,0]",2.0,2.0,1.0,0.0,"[0,1,0,0,0,0]",Personal identity and sensitive information,Personal information
img1850,"[1,0,0,0,0,0,0,0]",1.0,0.0,0.0,0.0,"[0,1,1,1,0,0]",Public,Public
img1851,"[0,0,0,0,1,0,0,0]",0.0,0.0,0.0,0.0,"[0,1,1,1,1,0]",Public,Public
img1852,"[0,0,0,0,1,0,0,0]",0.0,0.0,0.0,0.0,"[0,1,1,1,0,0]",Public,Public
img1853,"[0,0,0,0,1,0,0,0]",0.0,0.0,0.0,0.0,"[0,1,1,1,1,0]",Public,Public
img1854,"[1,0,0,0,1,0,0,0]",2.0,0.0,0.0,0.0,"[0,1,1,1,0,0]",Public,Public
img1855,"[0,0,0,0,1,0,0,0]",0.0,0.0,0.0,0.0,"[0,1,1,1,1,0]",Public,Public
img1856,"[0,0,0,0,1,0,0,0]",0.0,0.0,0.0,0.0,"[0,1,1,1,1,0]",Public,Public
img1857,"[0,0,0,0,1,0,0,0]",0.0,0.0,0.0,0.0,"[0,1,1,1,1,0]",Public,Public
img1858,"[1,0,0,0,1,0,0,0]",2.0,0.0,0.0,0.0,"[0,1,1,0,0,0]",Public,Public
img1859,"[0,0,0,0,1,0,0,0]",0.0,0.0,0.0,0.0,"[0,1,1,1,1,0]",Public,Public
img186,"[1,0,1,0,0,0,0,0]",2.0,2.0,1.0,0.0,"[0,1,0,0,0,0]",Personal identity and sensitive information,Personal information
img1860,"[0,0,0,0,0,0,0,0]",0.0,0.0,0.0,0.0,"[0,1,1,1,1,1]",Public,Public
img1861,"[0,0,0,0,1,0,0,0]",0.0,0.0,0.0,0.0,"[0,1,1,1,1,0]",Public,Public
img1862,"[0,0,0,0,1,0,0,0]",0.0,0.0,0.0,0.0,"[0,1,1,1,1,0]",Public,Public
img1863,"[0,0,0,0,1,0,0,0]",0.0,0.0,0.0,0.0,"[0,1,1,1,1,0]",Public,Public
img1864,"[0,0,0,0,1,0,0,0]",0.0,0.0,0.0,0.0,"[0,1,1,1,1,0]",Public,Public
img1865,"[0,0,0,0,0,0,0,1]",0.0,0.0,0.0,0.0,"[0,1,1,1,0,0]",Public,Public
img1866,"[0,0,0,0,1,0,0,0]",0.0,0.0,0.0,0.0,"[0,1,1,1,1,1]",Public,Public
img1867,"[0,0,0,0,0,1,0,0]",0.0,1.0,0.0,0.0,"[0,1,1,1,0,0]",Public,Public
img1868,"[1,0,1,0,1,0,0,0]",2.0,0.0,0.0,0.0,"[0,1,1,1,0,0]",Public,Public
img1869,"[1,0,0,0,1,0,0,0]",1.0,0.0,0.0,0.0,"[0,1,1,1,0,0]",Public,Public
img187,"[1,0,1,0,0,0,0,0]",2.0,2.0,0.0,0.0,"[0,1,1,0,0,0]",Personal identity and sensitive information,Personal information
img1870,"[0,0,0,0,1,0,0,0]",0.0,0.0,0.0,1.0,"[0,1,1,1,0,0]",Public,Public
img1871,"[0,0,1,0,0,0,0,0]",0.0,0.0,0.0,0.0,"[0,1,1,1,1,0]",Public,Public
img1872,"[1,0,0,0,1,0,0,0]",1.0,0.0,0.0,0.0,"[0,1,1,1,0,0]",Public,Public
img1873,"[0,0,0,0,0,0,0,0]",0.0,0.0,0.0,0.0,"[0,1,1,1,1,1]",Public,Public
img1874,"[0,0,0,0,1,0,0,0]",0.0,0.0,0.0,0.0,"[0,1,1,1,0,0]",Public,Public
img1875,"[1,0,0,0,0,0,0,0]",1.0,0.0,0.0,0.0,"[0,1,1,1,0,0]",Public,Public
img1876,"[0,0,0,0,1,0,0,0]",0.0,0.0,0.0,0.0,"[0,1,1,1,1,0]",Public,Public
img1877,"[0,0,0,0,0,0,0,0]",0.0,0.0,0.0,0.0,"[0,1,1,1,1,1]",Public,Public
img1878,"[0,0,1,0,0,0,0,0]",0.0,0.0,0.0,0.0,"[0,1,1,1,1,1]",Public,Public
img1879,"[0,0,0,0,1,0,0,0]",0.0,0.0,0.0,0.0,"[0,1,1,1,1,0]",Public,Public
img188,"[0,0,1,0,0,0,0,1]",0.0,2.0,1.0,0.0,"[0,1,0,0,0,0]",Personal identity and sensitive information,Personal information
img1880,"[0,0,0,0,1,0,0,0]",0.0,0.0,0.0,0.0,"[0,1,1,1,1,0]",Public,Public
img1881,"[0,0,1,0,0,0,0,0]",0.0,0.0,0.0,0.0,"[0,1,1,1,1,0]",Public,Public
img1882,"[0,0,0,0,0,0,0,0]",0.0,0.0,0.0,0.0,"[0,1,1,1,1,1]",Public,Public
img1883,"[1,0,0,0,1,0,0,0]",2.0,0.0,0.0,0.0,"[0,1,1,1,0,0]",Public,Public
img1884,"[0,0,0,0,0,0,0,0]",0.0,0.0,0.0,0.0,"[0,1,1,1,0,0]",Public,Public
img1885,"[0,0,0,0,1,0,0,0]",0.0,0.0,0.0,0.0,"[0,1,1,1,1,0]",Public,Public
img1886,"[0,0,0,0,1,0,0,0]",0.0,0.0,0.0,0.0,"[0,1,1,1,1,0]",Public,Public
img1887,"[1,0,0,0,1,0,0,0]",2.0,0.0,0.0,0.0,"[0,1,1,1,0,0]",Public,Public
img1888,"[1,0,0,0,0,0,0,1]",1.0,0.0,0.0,0.0,"[0,1,1,1,0,0]",Public,Public
img1889,"[0,0,0,0,0,0,0,0]",0.0,0.0,0.0,0.0,"[0,1,1,1,1,1]",Public,Public
img189,"[1,1,1,0,0,0,0,0]",1.0,2.0,1.0,0.0,"[0,1,1,0,0,0]",Personal identity and sensitive information,Personal information
img1890,"[0,0,0,0,0,0,0,0]",0.0,0.0,0.0,0.0,"[0,1,1,1,1,0]",Public,Public
img1891,"[1,0,0,1,1,0,0,0]",2.0,0.0,1.0,0.0,"[0,1,0,0,0,0]",Body and appearance,Injury
img1892,"[1,0,0,1,0,0,0,0]",1.0,0.0,1.0,0.0,"[0,1,0,0,0,0]",Body and appearance,Injury
img1893,"[1,0,0,1,0,0,0,0]",1.0,1.0,1.0,0.0,"[0,1,1,0,0,0]",Body and appearance,Injury
img1894,"[1,0,0,1,0,0,0,0]",1.0,0.0,2.0,0.0,"[0,0,0,0,0,0]",Body and appearance,Injury
img1895,"[1,0,1,0,0,0,0,1]",1.0,2.0,1.0,1.0,"[0,1,0,0,0,0]",Body and appearance,Injury
img1896,"[1,0,0,1,0,0,0,0]",2.0,0.0,2.0,0.0,"[0,1,0,0,0,0]",Body and appearance,Injury
img1897,"[1,0,0,1,0,0,0,0]",1.0,0.0,2.0,0.0,"[0,1,0,0,0,0]",Body and appearance,Injury
img1898,"[0,0,0,1,0,0,0,0]",0.0,0.0,2.0,0.0,"[0,1,0,0,0,0]",Body and appearance,Injury
img1899,"[1,0,0,1,0,0,0,0]",2.0,0.0,2.0,0.0,"[0,1,0,0,0,0]",Body and appearance,Injury
img19,"[1,0,1,0,1,0,0,0]",2.0,0.0,0.0,0.0,"[0,1,1,1,0,0]",Location information,Public facilities
img190,"[0,0,1,0,0,0,0,0]",0.0,2.0,1.0,1.0,"[0,1,0,0,0,0]",Personal identity and sensitive information,Personal information
img1900,"[0,0,0,1,0,0,0,0]",0.0,0.0,2.0,0.0,"[0,0,0,0,0,0]",Body and appearance,Injury
img1901,"[0,0,0,1,0,0,0,0]",0.0,0.0,2.0,0.0,"[0,1,0,0,0,0]",Body and appearance,Injury
img1902,"[0,0,0,1,0,0,0,0]",0.0,0.0,2.0,0.0,"[0,1,0,0,0,0]",Body and appearance,Injury
img1903,"[0,0,0,1,0,0,0,0]",0.0,0.0,2.0,0.0,"[0,0,0,0,0,0]",Body and appearance,Injury
img1904,"[1,0,0,1,0,0,0,0]",1.0,0.0,2.0,0.0,"[0,1,0,0,0,0]",Body and appearance,Injury
img1905,"[1,0,0,1,0,0,0,0]",2.0,0.0,2.0,0.0,"[0,0,0,0,0,0]",Body and appearance,Injury
img1906,"[1,0,0,1,0,0,0,0]",1.0,1.0,2.0,0.0,"[0,0,0,0,0,0]",Body and appearance,Injury
img1907,"[1,0,0,1,0,0,0,0]",1.0,1.0,2.0,0.0,"[0,0,0,0,0,0]",Body and appearance,Injury
img1908,"[0,0,0,1,0,0,0,0]",0.0,0.0,2.0,0.0,"[0,1,0,0,0,0]",Body and appearance,Injury
img1909,"[1,0,0,0,0,0,0,0]",1.0,0.0,1.0,1.0,"[0,1,0,0,0,0]",Personal identity and sensitive information,Workplace/School
img191,"[0,0,0,0,0,0,0,1]",0.0,2.0,0.0,0.0,"[0,1,1,0,0,0]",Personal identity and sensitive information,Personal information
img1910,"[1,0,0,0,0,0,0,0]",1.0,0.0,1.0,1.0,"[0,1,0,0,0,0]",Personal identity and sensitive information,Workplace/School
img1911,"[1,0,0,0,0,0,0,0]",2.0,0.0,1.0,0.0,"[0,1,0,0,0,0]",Personal identity and sensitive information,Workplace/School
img1912,"[1,0,0,0,0,0,0,0]",1.0,0.0,1.0,0.0,"[0,1,1,0,0,0]",Personal identity and sensitive information,Workplace/School
img1913,"[1,0,0,0,0,0,0,0]",0.0,0.0,1.0,1.0,"[0,1,1,0,0,0]",Personal identity and sensitive information,Workplace/School
img1914,"[1,0,0,0,0,0,0,0]",1.0,0.0,0.0,1.0,"[0,1,0,0,0,0]",Personal identity and sensitive information,Workplace/School
img1915,"[1,0,0,0,0,0,0,0]",1.0,0.0,0.0,0.0,"[0,1,0,0,0,0]",Personal identity and sensitive information,Workplace/School
img1916,"[1,0,0,0,0,0,0,0]",1.0,0.0,1.0,0.0,"[0,1,0,0,0,0]",Personal identity and sensitive information,Workplace/School
img1917,"[1,0,0,0,0,0,0,0]",1.0,0.0,1.0,0.0,"[0,1,0,0,0,0]",Personal identity and sensitive information,Workplace/School
img1918,"[1,0,0,0,0,0,0,0]",2.0,0.0,1.0,0.0,"[0,1,1,0,0,0]",Personal identity and sensitive information,Workplace/School
img1919,"[1,0,0,0,0,0,0,0]",0.0,0.0,1.0,0.0,"[0,1,0,0,0,0]",Personal identity and sensitive information,Workplace/School
img192,"[1,1,0,1,1,1,0,0]",2.0,1.0,2.0,0.0,"[1,0,0,0,0,0]",Socio-cultural sensitive information,Gender identity
img1920,"[1,0,0,0,0,0,0,1]",0.0,0.0,0.0,0.0,"[0,1,1,0,0,0]",Personal identity and sensitive information,Workplace/School
img1921,"[1,0,0,0,0,0,0,0]",1.0,0.0,0.0,0.0,"[0,1,0,0,0,0]",Personal identity and sensitive information,Workplace/School
img1922,"[1,0,0,0,0,0,0,0]",1.0,0.0,1.0,0.0,"[0,1,0,0,0,0]",Personal identity and sensitive information,Workplace/School
img1923,"[1,0,0,0,0,0,0,0]",0.0,0.0,1.0,0.0,"[0,1,0,0,0,0]",Personal identity and sensitive information,Workplace/School
img1924,"[1,0,0,0,0,0,0,0]",1.0,0.0,1.0,0.0,"[0,1,0,0,0,0]",Personal identity and sensitive information,Workplace/School
img1925,"[1,0,1,0,0,0,0,0]",1.0,0.0,1.0,0.0,"[0,1,1,0,0,0]",Personal identity and sensitive information,Workplace/School
img1926,"[1,0,0,0,0,0,0,0]",2.0,0.0,1.0,0.0,"[0,1,1,0,0,0]",Personal identity and sensitive information,Workplace/School
img1927,"[1,0,0,0,0,0,0,0]",1.0,0.0,1.0,0.0,"[0,1,1,0,0,0]",Personal identity and sensitive information,Workplace/School
img1928,"[1,0,1,0,0,0,0,0]",1.0,0.0,1.0,0.0,"[0,1,0,0,0,0]",Personal identity and sensitive information,Workplace/School
img1929,"[1,0,0,0,0,0,0,0]",1.0,0.0,1.0,0.0,"[0,1,0,0,0,0]",Personal identity and sensitive information,Workplace/School
img193,"[1,1,0,0,0,1,0,0]",2.0,0.0,1.0,0.0,"[0,0,0,0,0,0]",Socio-cultural sensitive information,Gender identity
img1930,"[1,0,0,0,0,0,0,0]",1.0,0.0,1.0,0.0,"[0,1,0,0,0,0]",Personal identity and sensitive information,Workplace/School
img1931,"[1,0,0,0,0,0,0,0]",2.0,0.0,1.0,0.0,"[0,1,0,0,0,0]",Personal identity and sensitive information,Workplace/School
img1932,"[1,0,0,0,0,0,0,0]",2.0,0.0,1.0,0.0,"[0,1,0,0,0,0]",Personal identity and sensitive information,Workplace/School
img1933,"[1,0,0,0,0,0,0,0]",0.0,0.0,1.0,0.0,"[0,1,0,0,0,0]",Personal identity and sensitive information,Workplace/School
img1934,"[1,0,1,0,0,0,0,0]",2.0,0.0,1.0,0.0,"[0,1,0,0,0,0]",Personal identity and sensitive information,Workplace/School
img1935,"[1,0,1,0,0,0,0,0]",2.0,0.0,1.0,,"[0,1,0,0,0,0]",Personal identity and sensitive information,Workplace/School
img1936,"[1,0,0,0,0,0,0,0]",2.0,0.0,1.0,0.0,"[0,1,0,0,0,0]",Personal identity and sensitive information,Workplace/School
img1937,"[1,0,1,0,0,0,0,0]",2.0,0.0,1.0,0.0,"[0,1,0,0,0,0]",Personal identity and sensitive information,Workplace/School
img1938,"[1,0,0,0,0,0,0,0]",2.0,0.0,1.0,0.0,"[0,1,0,0,0,0]",Personal identity and sensitive information,Workplace/School
img1939,"[1,0,0,0,0,0,0,0]",2.0,0.0,1.0,0.0,"[0,1,0,0,0,0]",Personal identity and sensitive information,Workplace/School
img194,"[1,1,0,1,0,1,0,0]",2.0,2.0,1.0,0.0,"[0,0,0,0,0,0]",Socio-cultural sensitive information,Gender identity
img1940,"[1,0,0,0,0,0,0,0]",1.0,0.0,0.0,0.0,"[0,1,0,0,0,0]",Personal identity and sensitive information,Workplace/School
img1941,"[1,0,1,0,0,0,0,0]",1.0,0.0,1.0,1.0,"[0,1,0,0,0,0]",Personal identity and sensitive information,Workplace/School
img1942,"[1,0,0,0,0,0,0,0]",2.0,0.0,1.0,0.0,"[0,1,0,0,0,0]",Personal identity and sensitive information,Workplace/School
img1943,"[1,0,0,0,0,0,0,0]",0.0,0.0,1.0,0.0,"[0,1,0,0,0,0]",Personal identity and sensitive information,Workplace/School
img1944,"[1,0,0,0,0,0,0,0]",1.0,0.0,0.0,0.0,"[0,1,0,0,0,0]",Personal identity and sensitive information,Workplace/School
img1945,"[1,0,0,0,0,0,0,0]",1.0,0.0,1.0,0.0,"[0,1,0,0,0,0]",Personal identity and sensitive information,Workplace/School
img1946,"[1,0,0,0,0,0,0,0]",1.0,0.0,1.0,0.0,"[0,1,0,0,0,0]",Personal identity and sensitive information,Workplace/School
img1947,"[1,0,1,0,0,0,0,0]",1.0,0.0,1.0,0.0,"[0,1,0,0,0,0]",Personal identity and sensitive information,Workplace/School
img1948,"[1,0,1,0,0,0,0,0]",2.0,0.0,0.0,0.0,"[0,1,1,1,0,0]",Personal identity and sensitive information,Workplace/School
img1949,"[0,0,1,0,0,1,0,0]",0.0,2.0,1.0,0.0,"[0,1,0,0,0,0]",Socio-cultural sensitive information,Religion/Culture
img195,"[1,1,0,1,0,1,0,0]",2.0,0.0,1.0,0.0,"[1,0,0,0,0,0]",Socio-cultural sensitive information,Gender identity
img1950,"[1,0,0,0,0,1,0,0]",2.0,1.0,1.0,0.0,"[0,1,0,0,0,0]",Socio-cultural sensitive information,Religion/Culture
img1951,"[1,0,0,0,0,1,0,0]",2.0,1.0,1.0,0.0,"[0,1,1,0,0,0]",Socio-cultural sensitive information,Religion/Culture
img1952,"[1,1,0,0,0,0,0,0]",2.0,1.0,0.0,0.0,"[0,1,1,0,0,0]",Socio-cultural sensitive information,Religion/Culture
img1953,"[1,0,0,0,0,1,0,0]",2.0,1.0,1.0,0.0,"[0,0,0,0,0,0]",Socio-cultural sensitive information,Religion/Culture
img1954,"[0,0,0,0,0,1,0,0]",0.0,1.0,1.0,0.0,"[0,1,0,0,0,0]",Socio-cultural sensitive information,Religion/Culture
img1955,"[1,1,0,0,0,0,0,0]",2.0,0.0,0.0,0.0,"[0,1,1,1,0,0]",Socio-cultural sensitive information,Religion/Culture
img1956,"[1,0,0,0,0,0,0,0]",2.0,0.0,0.0,0.0,"[0,1,1,1,0,0]",Socio-cultural sensitive information,Religion/Culture
img1957,"[1,1,0,0,0,1,0,0]",2.0,1.0,1.0,0.0,"[0,1,1,0,0,0]",Socio-cultural sensitive information,Religion/Culture
img1958,"[1,0,0,0,0,1,0,0]",2.0,1.0,1.0,0.0,"[0,1,1,0,0,0]",Socio-cultural sensitive information,Religion/Culture
img1959,"[0,0,0,0,0,1,0,0]",0.0,0.0,1.0,0.0,"[0,1,1,0,0,0]",Socio-cultural sensitive information,Religion/Culture
img196,"[1,1,0,1,0,1,0,0]",1.0,0.0,1.0,1.0,"[0,0,0,0,0,0]",Socio-cultural sensitive information,Gender identity
img1960,"[1,0,1,0,0,1,0,0]",2.0,1.0,1.0,0.0,"[0,1,0,0,0,0]",Socio-cultural sensitive information,Religion/Culture
img1961,"[1,1,0,0,0,1,0,0]",2.0,1.0,1.0,0.0,"[0,1,0,0,0,0]",Socio-cultural sensitive information,Religion/Culture
img1962,"[1,0,1,0,0,1,0,0]",2.0,1.0,1.0,0.0,"[0,1,0,0,0,0]",Socio-cultural sensitive information,Religion/Culture
img1963,"[0,0,0,0,0,1,0,0]",0.0,1.0,1.0,0.0,"[0,1,1,0,0,0]",Socio-cultural sensitive information,Religion/Culture
img1964,"[0,0,0,0,0,1,0,0]",0.0,1.0,1.0,0.0,"[0,1,0,0,0,0]",Socio-cultural sensitive information,Religion/Culture
img1965,"[0,0,0,0,0,1,0,0]",0.0,1.0,1.0,0.0,"[0,1,1,0,0,0]",Socio-cultural sensitive information,Religion/Culture
img1966,"[1,0,0,0,0,1,0,0]",2.0,1.0,1.0,0.0,"[0,1,0,0,0,0]",Socio-cultural sensitive information,Religion/Culture
img1967,"[0,0,1,0,0,0,0,0]",0.0,1.0,0.0,0.0,"[0,1,1,0,0,0]",Socio-cultural sensitive information,Religion/Culture
img1968,"[0,0,0,0,0,1,0,0]",0.0,2.0,1.0,0.0,"[0,1,0,0,0,0]",Socio-cultural sensitive information,Religion/Culture
img1969,"[0,0,0,0,0,1,0,0]",0.0,1.0,1.0,0.0,"[0,1,1,0,0,0]",Socio-cultural sensitive information,Religion/Culture
img197,"[1,1,0,1,0,1,0,0]",2.0,1.0,1.0,0.0,"[0,0,0,0,0,0]",Socio-cultural sensitive information,Gender identity
img1970,"[1,1,0,0,0,1,0,0]",2.0,1.0,1.0,0.0,"[0,1,0,0,0,0]",Socio-cultural sensitive information,Religion/Culture
img1971,"[1,1,0,0,0,1,0,0]",2.0,1.0,1.0,0.0,"[0,1,0,0,0,0]",Socio-cultural sensitive information,Religion/Culture
img1972,"[0,0,0,0,0,1,0,0]",0.0,1.0,1.0,0.0,"[0,1,0,0,0,0]",Socio-cultural sensitive information,Religion/Culture
img1973,"[0,0,0,0,0,1,0,0]",0.0,1.0,1.0,0.0,"[0,1,1,0,0,0]",Socio-cultural sensitive information,Religion/Culture
img1974,"[0,0,0,0,0,1,0,0]",0.0,1.0,0.0,0.0,"[0,1,1,0,0,0]",Socio-cultural sensitive information,Religion/Culture
img1975,"[1,1,0,0,0,1,0,0]",2.0,1.0,1.0,0.0,"[0,1,0,0,0,0]",Socio-cultural sensitive information,Religion/Culture
img1976,"[0,0,0,0,0,0,0,0]",0.0,0.0,0.0,0.0,"[0,1,1,1,1,1]",Socio-cultural sensitive information,Religion/Culture
img1977,"[0,0,0,0,0,1,0,0]",0.0,1.0,1.0,0.0,"[0,1,1,0,0,0]",Socio-cultural sensitive information,Religion/Culture
img1978,"[0,0,0,0,0,1,0,0]",0.0,1.0,1.0,0.0,"[0,1,1,0,0,0]",Socio-cultural sensitive information,Religion/Culture
img1979,"[0,0,0,0,0,1,0,0]",1.0,1.0,1.0,0.0,"[0,1,1,0,0,0]",Socio-cultural sensitive information,Religion/Culture
img198,"[0,0,0,0,1,0,0,0]",0.0,0.0,0.0,0.0,"[0,1,1,1,0,0]",Personal preferences,Hobbies/Leisure/Style
img1980,"[0,0,0,0,0,1,0,0]",0.0,1.0,1.0,0.0,"[0,1,1,0,0,0]",Socio-cultural sensitive information,Religion/Culture
img1981,"[1,0,0,0,0,1,0,0]",2.0,1.0,1.0,0.0,"[0,1,0,0,0,0]",Socio-cultural sensitive information,Religion/Culture
img1982,"[0,0,1,0,0,1,0,0]",0.0,1.0,1.0,0.0,"[0,1,1,0,0,0]",Socio-cultural sensitive information,Religion/Culture
img1983,"[0,0,0,0,0,1,0,0]",0.0,1.0,1.0,0.0,"[0,1,1,0,0,0]",Socio-cultural sensitive information,Religion/Culture
img1984,"[0,0,1,0,0,1,0,0]",0.0,1.0,1.0,0.0,"[0,1,1,0,0,0]",Socio-cultural sensitive information,Religion/Culture
img1985,"[0,0,0,0,0,1,0,0]",0.0,1.0,1.0,0.0,"[0,1,1,0,0,0]",Socio-cultural sensitive information,Religion/Culture
img1986,"[0,0,0,0,0,1,0,0]",0.0,1.0,1.0,0.0,"[0,1,1,0,0,0]",Socio-cultural sensitive information,Religion/Culture
img1987,"[1,0,0,0,0,1,0,0]",2.0,1.0,1.0,0.0,"[0,1,1,0,0,0]",Socio-cultural sensitive information,Religion/Culture
img1988,"[1,1,0,0,0,1,0,0]",2.0,1.0,1.0,0.0,"[0,1,1,1,0,0]",Socio-cultural sensitive information,Religion/Culture
img1989,"[0,0,1,0,0,1,0,0]",0.0,1.0,1.0,0.0,"[0,1,1,0,0,0]",Socio-cultural sensitive information,Religion/Culture
img199,"[1,0,1,0,1,0,0,0]",2.0,1.0,0.0,0.0,"[0,1,1,0,0,0]",Personal preferences,Hobbies/Leisure/Style
img1990,"[0,0,0,0,0,1,0,0]",0.0,1.0,1.0,0.0,"[0,1,0,0,0,0]",Socio-cultural sensitive information,Religion/Culture
img1991,"[0,0,0,0,0,1,0,0]",0.0,1.0,1.0,0.0,"[0,1,0,0,0,0]",Socio-cultural sensitive information,Religion/Culture
img1992,"[1,0,0,0,0,1,0,0]",2.0,1.0,1.0,0.0,"[0,0,0,0,0,0]",Socio-cultural sensitive information,Gender identity
img1993,"[0,0,0,0,0,1,0,0]",0.0,1.0,1.0,0.0,"[0,0,0,0,0,0]",Socio-cultural sensitive information,Gender identity
img1994,"[1,0,1,0,0,1,0,0]",1.0,1.0,1.0,0.0,"[0,0,0,0,0,0]",Socio-cultural sensitive information,Gender identity
img1995,"[1,0,1,0,0,1,0,0]",1.0,1.0,1.0,1.0,"[0,0,0,0,0,0]",Socio-cultural sensitive information,Gender identity
img1996,"[1,0,0,0,0,1,0,0]",2.0,0.0,1.0,0.0,"[1,0,0,0,0,0]",Socio-cultural sensitive information,Gender identity
img1997,"[1,0,0,0,0,1,0,0]",0.0,0.0,1.0,0.0,"[0,0,0,0,0,0]",Socio-cultural sensitive information,Gender identity
img1998,"[1,1,0,0,0,1,0,0]",2.0,1.0,1.0,0.0,"[0,0,0,0,0,0]",Socio-cultural sensitive information,Gender identity
img1999,"[1,0,1,0,0,1,0,0]",1.0,1.0,1.0,0.0,"[0,0,0,0,0,0]",Socio-cultural sensitive information,Gender identity
img2,"[1,0,1,0,1,0,0,0]",2.0,1.0,1.0,0.0,"[0,1,1,0,0,0]",Location information,Public facilities
img20,"[1,0,0,0,1,0,0,0]",2.0,1.0,1.0,0.0,"[0,1,1,0,0,0]",Location information,Public facilities
img200,"[1,0,0,0,0,0,0,0]",2.0,0.0,0.0,0.0,"[0,1,1,1,0,0]",Personal preferences,Hobbies/Leisure/Style
img2000,"[1,0,1,0,0,1,0,0]",2.0,1.0,1.0,0.0,"[0,0,0,0,0,0]",Socio-cultural sensitive information,Gender identity
img2001,"[0,0,0,0,0,1,0,0]",0.0,0.0,1.0,0.0,"[0,0,0,0,0,0]",Socio-cultural sensitive information,Gender identity
img2002,"[1,1,0,0,0,1,0,0]",2.0,1.0,1.0,0.0,"[0,0,0,0,0,0]",Socio-cultural sensitive information,Gender identity
img2003,"[1,0,0,0,0,1,0,0]",1.0,1.0,1.0,0.0,"[0,0,0,0,0,0]",Socio-cultural sensitive information,Gender identity
img2004,"[1,0,1,1,0,0,0,0]",2.0,2.0,1.0,0.0,"[0,1,0,0,0,0]",Body and appearance,Appearance
img2005,"[1,0,0,1,0,0,0,0]",1.0,0.0,1.0,0.0,"[0,1,0,0,0,0]",Body and appearance,Appearance
img2006,"[1,0,1,1,0,0,0,0]",2.0,2.0,1.0,0.0,"[0,1,0,0,0,0]",Body and appearance,Appearance
img2007,"[1,1,0,1,0,0,0,0]",2.0,0.0,1.0,0.0,"[0,1,0,0,0,0]",Body and appearance,Appearance
img2008,"[1,0,0,0,0,0,0,0]",2.0,0.0,0.0,0.0,"[0,1,1,1,0,0]",Body and appearance,Appearance
img2009,"[1,0,0,1,0,0,0,0]",2.0,0.0,1.0,0.0,"[0,0,0,0,0,0]",Body and appearance,Appearance
img201,"[0,0,0,0,1,0,0,0]",0.0,0.0,1.0,0.0,"[0,1,1,0,0,0]",Personal preferences,Hobbies/Leisure/Style
img2010,"[1,0,1,1,0,0,0,0]",1.0,2.0,1.0,0.0,"[0,1,0,0,0,0]",Body and appearance,Appearance
img2011,"[0,0,1,1,0,0,0,0]",1.0,0.0,1.0,,"[0,0,0,0,0,0]",Body and appearance,Appearance
img2012,"[1,0,1,1,0,0,0,0]",2.0,2.0,1.0,0.0,"[0,1,0,0,0,0]",Body and appearance,Appearance
img2013,"[1,0,1,1,0,0,0,0]",1.0,2.0,1.0,0.0,"[0,0,0,0,0,0]",Body and appearance,Appearance
img2014,"[1,0,1,1,0,0,0,0]",1.0,2.0,1.0,0.0,"[0,1,0,0,0,0]",Body and appearance,Appearance
img2015,"[1,0,1,1,0,0,0,0]",1.0,2.0,2.0,0.0,"[0,1,0,0,0,0]",Body and appearance,Appearance
img2016,"[1,1,0,0,0,0,0,1]",1.0,2.0,2.0,0.0,"[0,0,0,0,0,0]",Body and appearance,Appearance
img2017,"[1,0,0,1,0,0,0,0]",2.0,0.0,1.0,0.0,"[0,1,0,0,0,0]",Body and appearance,Appearance
img2018,"[1,1,1,0,0,0,0,0]",2.0,2.0,0.0,0.0,"[0,1,0,0,0,0]",Body and appearance,Appearance
img2019,"[1,0,0,1,0,0,0,0]",2.0,2.0,1.0,0.0,"[0,1,0,0,0,0]",Body and appearance,Appearance
img202,"[0,0,0,0,1,0,0,0]",0.0,0.0,0.0,0.0,"[0,1,1,1,0,0]",Personal preferences,Hobbies/Leisure/Style
img2020,"[1,0,0,1,0,0,0,0]",1.0,0.0,1.0,1.0,"[0,0,0,0,0,0]",Body and appearance,Appearance
img2021,"[1,0,0,1,0,0,0,0]",2.0,2.0,2.0,0.0,"[0,0,0,0,0,0]",Body and appearance,Appearance
img2022,"[1,0,1,1,0,0,0,0]",2.0,2.0,1.0,0.0,"[0,0,0,0,0,0]",Body and appearance,Appearance
img2023,"[1,0,0,1,0,0,0,0]",1.0,2.0,2.0,1.0,"[0,1,0,0,0,0]",Body and appearance,Appearance
img2024,"[1,0,1,1,0,0,0,0]",2.0,2.0,2.0,0.0,"[0,0,0,0,0,0]",Body and appearance,Appearance
img2025,"[1,0,0,1,0,0,0,0]",1.0,0.0,2.0,0.0,"[0,0,0,0,0,0]",Body and appearance,Appearance
img2026,"[1,0,1,1,0,0,0,0]",1.0,2.0,2.0,0.0,"[0,1,0,0,0,0]",Body and appearance,Appearance
img2027,"[1,0,0,0,0,0,0,0]",1.0,2.0,1.0,0.0,"[0,1,0,0,0,0]",Personal identity and sensitive information,Personal information
img2028,"[1,0,0,1,0,0,0,1]",1.0,2.0,1.0,0.0,"[0,1,0,0,0,0]",Personal identity and sensitive information,Personal information
img2029,"[1,0,1,0,0,0,0,0]",2.0,2.0,1.0,0.0,"[0,1,0,0,0,0]",Personal identity and sensitive information,Personal information
img203,"[0,0,0,0,1,0,0,0]",0.0,0.0,0.0,0.0,"[0,1,1,1,0,0]",Personal preferences,Hobbies/Leisure/Style
img2030,"[1,0,0,0,0,0,0,0]",2.0,0.0,1.0,0.0,"[0,1,0,0,0,0]",Personal identity and sensitive information,Personal information
img2031,"[1,0,1,0,0,0,0,0]",2.0,0.0,1.0,0.0,"[0,1,0,0,0,0]",Personal identity and sensitive information,Personal information
img2032,"[1,0,1,0,0,0,0,0]",1.0,2.0,1.0,0.0,"[0,1,0,0,0,0]",Personal identity and sensitive information,Personal information
img2033,"[1,0,0,0,0,0,0,0]",0.0,0.0,1.0,1.0,"[0,0,0,0,0,0]",Personal identity and sensitive information,Personal information
img2034,"[1,0,0,0,0,0,0,0]",2.0,2.0,1.0,0.0,"[0,1,0,0,0,0]",Personal identity and sensitive information,Personal information
img2035,"[1,0,0,1,0,0,0,0]",0.0,2.0,1.0,0.0,"[0,1,0,0,0,0]",Personal identity and sensitive information,Personal information
img2036,"[1,0,1,0,0,0,0,0]",0.0,2.0,1.0,1.0,"[0,1,0,0,0,0]",Personal identity and sensitive information,Personal information
img2037,"[1,0,1,0,0,0,0,0]",2.0,2.0,1.0,1.0,"[0,1,0,0,0,0]",Personal identity and sensitive information,Personal information
img2038,"[1,0,1,0,0,0,0,0]",1.0,2.0,1.0,0.0,"[0,1,1,0,0,0]",Personal identity and sensitive information,Personal information
img2039,"[1,0,1,1,0,0,0,0]",2.0,1.0,2.0,0.0,"[0,1,0,0,0,0]",Personal identity and sensitive information,Personal information
img204,"[0,0,0,0,1,0,0,0]",0.0,1.0,1.0,0.0,"[0,1,1,0,0,0]",Personal preferences,Hobbies/Leisure/Style
img2040,"[1,1,0,0,0,0,0,0]",1.0,2.0,0.0,0.0,"[0,1,1,0,0,0]",Personal identity and sensitive information,Personal information
img2041,"[1,0,1,0,0,0,0,0]",2.0,2.0,1.0,0.0,"[0,1,0,0,0,0]",Personal identity and sensitive information,Personal information
img2042,"[1,0,0,1,0,0,0,0]",0.0,2.0,1.0,,"[0,0,0,0,0,0]",Personal identity and sensitive information,Personal information
img2043,"[1,0,1,0,0,0,0,0]",2.0,1.0,2.0,1.0,"[0,1,0,0,0,0]",Personal identity and sensitive information,Personal information
img2044,"[1,0,1,0,0,0,0,0]",2.0,2.0,1.0,0.0,"[0,1,0,0,0,0]",Personal identity and sensitive information,Personal information
img2045,"[1,0,1,0,0,0,0,1]",2.0,2.0,1.0,0.0,"[0,1,0,0,0,0]",Personal identity and sensitive information,Personal information
img2046,"[1,0,0,0,0,0,0,0]",1.0,2.0,1.0,1.0,"[0,1,0,0,0,0]",Personal identity and sensitive information,Personal information
img2047,"[1,0,1,0,0,0,0,0]",2.0,2.0,1.0,0.0,"[0,1,0,0,0,0]",Personal identity and sensitive information,Personal information
img2048,"[1,0,0,1,0,0,0,0]",1.0,2.0,2.0,0.0,"[0,1,0,0,0,0]",Personal identity and sensitive information,Personal information
img2049,"[1,0,1,0,0,0,0,0]",2.0,2.0,2.0,0.0,"[0,1,0,0,0,0]",Personal identity and sensitive information,Personal information
img205,"[0,0,0,0,1,0,0,0]",0.0,0.0,1.0,0.0,"[0,1,1,1,0,0]",Personal preferences,Hobbies/Leisure/Style
img2050,"[1,0,0,1,0,0,0,0]",2.0,1.0,2.0,0.0,"[1,0,0,0,0,0]",Body and appearance,Body exposure and sexual implication
img2051,"[1,0,0,1,0,0,0,0]",1.0,1.0,2.0,0.0,"[1,0,0,0,0,0]",Body and appearance,Body exposure and sexual implication
img2052,"[1,0,0,1,0,0,0,0]",2.0,1.0,2.0,0.0,"[1,0,0,0,0,0]",Body and appearance,Body exposure and sexual implication
img2053,"[1,0,0,1,0,0,0,0]",2.0,0.0,2.0,0.0,"[1,0,0,0,0,0]",Body and appearance,Body exposure and sexual implication
img2054,"[1,0,0,1,1,0,0,0]",2.0,1.0,2.0,0.0,"[1,0,0,0,0,0]",Body and appearance,Body exposure and sexual implication
img2055,"[0,0,0,1,0,0,0,1]",0.0,0.0,1.0,0.0,"[0,0,0,0,0,0]",Body and appearance,Body exposure and sexual implication
img2056,"[1,0,0,1,0,0,0,0]",2.0,1.0,2.0,0.0,"[0,0,0,0,0,0]",Body and appearance,Body exposure and sexual implication
img2057,"[1,0,0,1,0,0,0,0]",2.0,1.0,2.0,0.0,"[0,0,0,0,0,0]",Body and appearance,Body exposure and sexual implication
img2058,"[0,0,0,1,0,0,0,1]",0.0,1.0,2.0,0.0,"[1,0,0,0,0,0]",Body and appearance,Body exposure and sexual implication
img2059,"[1,0,1,1,0,0,0,0]",2.0,1.0,2.0,0.0,"[1,0,0,0,0,0]",Body and appearance,Body exposure and sexual implication
img206,"[0,0,0,0,1,0,0,0]",0.0,0.0,1.0,0.0,"[0,1,1,0,0,0]",Personal preferences,Hobbies/Leisure/Style
img2060,"[1,0,1,1,0,0,0,0]",2.0,1.0,2.0,0.0,"[1,0,0,0,0,0]",Body and appearance,Body exposure and sexual implication
img2061,"[1,0,0,1,0,0,0,0]",2.0,0.0,2.0,0.0,"[1,0,0,0,0,0]",Body and appearance,Body exposure and sexual implication
img2062,"[1,0,0,1,0,0,0,0]",2.0,1.0,2.0,0.0,"[0,0,0,0,0,0]",Body and appearance,Body exposure and sexual implication
img2063,"[0,0,0,0,0,0,0,1]",0.0,1.0,1.0,,"[1,0,0,0,0,0]",Body and appearance,Body exposure and sexual implication
img2064,"[1,0,0,1,0,0,0,0]",2.0,1.0,2.0,0.0,"[1,0,0,0,0,0]",Body and appearance,Body exposure and sexual implication
img2065,"[1,0,1,1,0,0,0,0]",2.0,0.0,2.0,0.0,"[0,0,0,0,0,0]",Body and appearance,Body exposure and sexual implication
img2066,"[0,0,0,1,0,0,0,0]",0.0,0.0,2.0,0.0,"[1,0,0,0,0,0]",Body and appearance,Body exposure and sexual implication
img2067,"[1,0,0,1,1,0,0,0]",1.0,1.0,1.0,0.0,"[0,0,0,0,0,0]",Body and appearance,Body exposure and sexual implication
img2068,"[1,0,0,1,0,0,0,0]",2.0,1.0,2.0,0.0,"[1,0,0,0,0,0]",Body and appearance,Body exposure and sexual implication
img2069,"[1,0,0,1,0,0,0,0]",2.0,1.0,2.0,0.0,"[1,0,0,0,0,0]",Body and appearance,Body exposure and sexual implication
img207,"[0,0,0,0,1,0,0,0]",0.0,1.0,1.0,0.0,"[0,1,1,0,0,0]",Personal preferences,Hobbies/Leisure/Style
img2070,"[1,0,0,1,0,0,0,0]",2.0,0.0,2.0,0.0,"[1,0,0,0,0,0]",Body and appearance,Body exposure and sexual implication
img2071,"[1,0,0,1,0,0,0,0]",2.0,0.0,1.0,0.0,"[1,0,0,0,0,0]",Body and appearance,Body exposure and sexual implication
img2072,"[1,0,0,1,0,0,0,0]",2.0,0.0,2.0,0.0,"[1,0,0,0,0,0]",Body and appearance,Body exposure and sexual implication
img2073,"[1,0,0,1,0,0,0,0]",2.0,1.0,2.0,0.0,"[1,0,0,0,0,0]",Body and appearance,Body exposure and sexual implication
img2074,"[1,0,0,1,0,0,0,0]",2.0,1.0,2.0,0.0,"[1,0,0,0,0,0]",Body and appearance,Body exposure and sexual implication
img2075,"[1,0,0,1,0,0,0,0]",1.0,0.0,2.0,0.0,"[1,0,0,0,0,0]",Body and appearance,Body exposure and sexual implication
img2076,"[1,0,0,1,0,0,0,0]",2.0,1.0,2.0,0.0,"[0,0,0,0,0,0]",Body and appearance,Body exposure and sexual implication
img2077,"[1,0,0,1,0,0,0,0]",2.0,0.0,2.0,0.0,"[1,0,0,0,0,0]",Body and appearance,Body exposure and sexual implication
img2078,"[1,0,0,1,0,0,0,0]",2.0,1.0,2.0,0.0,"[1,0,0,0,0,0]",Body and appearance,Body exposure and sexual implication
img2079,"[1,0,0,1,0,0,0,0]",2.0,2.0,2.0,0.0,"[1,0,0,0,0,0]",Body and appearance,Body exposure and sexual implication
img208,"[0,0,0,0,1,0,0,0]",0.0,0.0,1.0,0.0,"[0,0,0,0,0,0]",Personal preferences,Hobbies/Leisure/Style
img2080,"[1,0,0,1,1,0,0,0]",2.0,1.0,2.0,0.0,"[1,0,0,0,0,0]",Body and appearance,Body exposure and sexual implication
img2081,"[1,0,0,1,0,0,0,0]",2.0,1.0,2.0,0.0,"[0,0,0,0,0,0]",Body and appearance,Body exposure and sexual implication
img2082,"[1,0,0,1,0,0,0,0]",1.0,1.0,2.0,0.0,"[1,0,0,0,0,0]",Body and appearance,Body exposure and sexual implication
img2083,"[1,0,0,1,0,0,0,0]",2.0,1.0,2.0,0.0,"[1,0,0,0,0,0]",Body and appearance,Body exposure and sexual implication
img2084,"[1,0,0,1,0,0,0,0]",2.0,1.0,2.0,0.0,"[1,0,0,0,0,0]",Body and appearance,Body exposure and sexual implication
img2085,"[1,0,0,1,0,0,0,0]",2.0,1.0,1.0,0.0,"[0,0,0,0,0,0]",Body and appearance,Body exposure and sexual implication
img2086,"[1,0,0,1,0,0,0,0]",2.0,0.0,2.0,0.0,"[0,0,0,0,0,0]",Body and appearance,Body exposure and sexual implication
img2087,"[1,0,0,1,0,0,0,0]",2.0,1.0,2.0,0.0,"[1,0,0,0,0,0]",Body and appearance,Body exposure and sexual implication
img2088,"[1,0,0,1,0,0,0,0]",2.0,1.0,2.0,0.0,"[0,0,0,0,0,0]",Body and appearance,Body exposure and sexual implication
img2089,"[1,0,0,1,0,0,0,0]",2.0,1.0,2.0,0.0,"[1,0,0,0,0,0]",Body and appearance,Body exposure and sexual implication
img209,"[1,0,1,0,1,0,0,0]",2.0,1.0,1.0,0.0,"[0,1,1,0,0,0]",Personal preferences,Hobbies/Leisure/Style
img2090,"[1,0,0,1,0,0,0,0]",1.0,2.0,1.0,0.0,"[0,1,1,0,0,0]",Public,Public
img2091,"[1,0,1,0,0,0,0,0]",1.0,2.0,1.0,0.0,"[0,1,0,0,0,0]",Public,Public
img2092,"[1,0,0,1,0,0,0,0]",1.0,2.0,2.0,0.0,"[0,1,0,0,0,0]",Public,Public
img2093,"[1,0,1,1,0,0,0,0]",1.0,2.0,1.0,0.0,"[0,1,0,0,0,0]",Public,Public
img2094,"[1,0,1,1,0,0,0,0]",1.0,2.0,2.0,0.0,"[0,1,0,0,0,0]",Public,Public
img2095,"[1,0,1,1,0,0,0,0]",2.0,2.0,2.0,0.0,"[0,1,0,0,0,0]",Public,Public
img2096,"[1,0,1,1,0,0,0,0]",2.0,2.0,1.0,0.0,"[0,1,0,0,0,0]",Public,Public
img2097,"[0,0,1,0,0,0,0,0]",0.0,2.0,1.0,0.0,"[0,1,1,0,0,0]",Public,Public
img2098,"[0,0,1,0,0,0,0,1]",0.0,2.0,0.0,0.0,"[0,1,0,0,0,0]",Public,Public
img2099,"[1,0,1,0,0,0,0,0]",2.0,2.0,1.0,0.0,"[0,1,0,0,0,0]",Public,Public
img21,"[1,1,0,0,1,0,0,0]",2.0,1.0,1.0,0.0,"[0,1,1,0,0,0]",Location information,Public facilities
img210,"[0,0,0,0,1,0,0,0]",0.0,1.0,1.0,0.0,"[0,1,1,1,0,0]",Personal preferences,Hobbies/Leisure/Style
img2100,"[1,0,1,0,0,0,0,0]",2.0,2.0,1.0,0.0,"[0,1,0,0,0,0]",Public,Public
img2101,"[0,0,1,0,0,0,0,1]",0.0,2.0,1.0,0.0,"[0,0,0,0,0,0]",Public,Public
img2102,"[0,0,0,1,0,0,0,0]",0.0,1.0,2.0,0.0,"[0,1,0,0,0,0]",Public,Public
img2103,"[1,0,0,1,0,0,0,0]",1.0,2.0,1.0,0.0,"[0,1,0,0,0,0]",Public,Public
img2104,"[1,0,1,0,0,0,0,0]",2.0,2.0,1.0,0.0,"[0,1,0,0,0,0]",Public,Public
img2105,"[1,0,0,1,0,0,0,0]",2.0,2.0,1.0,0.0,"[0,1,0,0,0,0]",Public,Public
img2106,"[1,0,1,0,0,0,0,0]",2.0,2.0,1.0,0.0,"[0,1,0,0,0,0]",Public,Public
img2107,"[1,0,0,0,1,0,0,0]",2.0,0.0,0.0,0.0,"[0,1,1,0,0,0]",Public,Public
img2108,"[1,0,1,1,0,0,0,0]",2.0,2.0,2.0,0.0,"[0,1,0,0,0,0]",Public,Public
img2109,"[1,0,0,1,0,0,0,0]",2.0,2.0,2.0,0.0,"[0,1,0,0,0,0]",Public,Public
img211,"[0,0,0,0,1,0,0,0]",0.0,1.0,1.0,0.0,"[0,1,1,0,0,0]",Personal preferences,Hobbies/Leisure/Style
img2110,"[0,0,1,0,0,0,0,1]",0.0,2.0,1.0,0.0,"[0,1,0,0,0,0]",Public,Public
img2111,"[1,0,0,0,0,0,0,0]",2.0,2.0,1.0,0.0,"[0,1,1,0,0,0]",Public,Public
img2112,"[1,0,0,1,0,0,0,0]",1.0,2.0,2.0,0.0,"[0,1,0,0,0,0]",Public,Public
img2113,"[1,0,1,1,0,1,0,0]",2.0,2.0,2.0,0.0,"[0,1,0,0,0,0]",Public,Public
img2114,"[1,1,1,0,0,0,0,0]",1.0,2.0,0.0,0.0,"[0,1,1,1,0,0]",Public,Public
img2115,"[1,0,1,1,0,0,0,0]",2.0,2.0,1.0,0.0,"[0,1,0,0,0,0]",Public,Public
img2116,"[0,0,1,0,0,0,0,1]",0.0,2.0,1.0,0.0,"[0,1,0,0,0,0]",Public,Public
img2117,"[1,0,1,1,0,0,0,0]",1.0,2.0,1.0,0.0,"[0,1,0,0,0,0]",Public,Public
img2118,"[1,0,1,0,0,0,0,0]",2.0,2.0,1.0,0.0,"[0,1,1,0,0,0]",Public,Public
img2119,"[1,0,1,0,0,0,0,0]",1.0,2.0,1.0,0.0,"[0,1,0,0,0,0]",Public,Public
img212,"[0,0,0,0,1,0,0,0]",0.0,0.0,1.0,0.0,"[0,1,1,0,0,0]",Personal preferences,Hobbies/Leisure/Style
img2120,"[0,0,0,0,1,0,0,0]",0.0,2.0,1.0,0.0,"[0,1,1,0,0,0]",Public,Public
img2121,"[0,0,1,0,0,0,0,1]",0.0,2.0,0.0,0.0,"[0,1,0,0,0,0]",Public,Public
img2122,"[1,0,1,1,0,0,0,0]",1.0,2.0,2.0,0.0,"[0,1,0,0,0,0]",Public,Public
img2123,"[1,0,1,0,0,0,0,0]",2.0,2.0,0.0,0.0,"[0,1,0,0,0,0]",Public,Public
img2124,"[1,0,0,1,0,0,0,0]",0.0,2.0,2.0,0.0,"[0,1,1,0,0,0]",Public,Public
img2125,"[1,0,1,1,0,0,0,0]",1.0,2.0,2.0,0.0,"[0,1,0,0,0,0]",Public,Public
img2126,"[1,0,1,0,0,0,0,0]",1.0,2.0,1.0,0.0,"[0,1,0,0,0,0]",Public,Public
img2127,"[1,0,1,1,0,0,0,0]",2.0,2.0,2.0,0.0,"[0,1,0,0,0,0]",Public,Public
img2128,"[0,0,0,0,1,0,0,0]",0.0,2.0,1.0,0.0,"[0,1,1,0,0,0]",Public,Public
img2129,"[0,0,1,0,1,0,0,0]",0.0,2.0,1.0,0.0,"[0,1,0,0,0,0]",Public,Public
img213,"[0,0,0,0,1,0,0,0]",0.0,0.0,0.0,0.0,"[0,1,1,1,0,0]",Personal preferences,Hobbies/Leisure/Style
img2130,"[1,0,1,1,0,0,0,0]",2.0,2.0,2.0,0.0,"[0,1,0,0,0,0]",Public,Public
img2131,"[1,0,1,1,0,0,0,0]",1.0,2.0,2.0,0.0,"[0,1,0,0,0,0]",Public,Public
img2132,"[1,0,1,1,0,0,0,0]",2.0,2.0,2.0,0.0,"[0,1,0,0,0,0]",Public,Public
img2133,"[1,0,0,0,0,0,0,1]",2.0,2.0,1.0,0.0,"[0,1,0,0,0,0]",Public,Public
img2134,"[0,0,1,1,0,0,0,1]",0.0,2.0,1.0,0.0,"[0,1,0,0,0,0]",Public,Public
img2135,"[1,0,0,0,0,0,0,0]",2.0,0.0,0.0,0.0,"[0,1,1,1,0,0]",Public,Public
img2136,"[1,0,0,1,0,0,0,0]",2.0,1.0,2.0,0.0,"[0,1,0,0,0,0]",Public,Public
img2137,"[1,0,1,0,0,0,0,0]",2.0,2.0,1.0,0.0,"[0,1,0,0,0,0]",Public,Public
img2138,"[1,0,1,1,0,0,0,0]",2.0,2.0,2.0,0.0,"[0,1,1,0,0,0]",Public,Public
img2139,"[1,0,0,1,0,0,0,0]",1.0,2.0,1.0,,"[0,1,1,0,0,0]",Public,Public
img214,"[0,0,0,0,1,0,0,0]",2.0,0.0,1.0,0.0,"[0,1,1,0,0,0]",Personal preferences,Hobbies/Leisure/Style
img2140,"[1,0,0,0,0,0,0,0]",2.0,0.0,0.0,0.0,"[0,1,1,1,0,0]",Public,Public
img2141,"[0,0,1,1,0,0,0,0]",1.0,2.0,2.0,1.0,"[0,1,0,0,0,0]",Public,Public
img2142,"[1,0,0,1,0,0,0,0]",1.0,2.0,2.0,0.0,"[0,1,0,0,0,0]",Public,Public
img2143,"[1,0,0,1,0,0,0,0]",1.0,0.0,2.0,0.0,"[0,1,1,0,0,0]",Public,Public
img2144,"[1,0,1,1,0,0,0,0]",1.0,2.0,2.0,0.0,"[0,1,0,0,0,0]",Public,Public
img2145,"[1,0,1,1,0,0,0,0]",2.0,2.0,2.0,0.0,"[0,1,0,0,0,0]",Public,Public
img2146,"[1,0,0,1,0,0,0,0]",1.0,2.0,2.0,0.0,"[0,1,0,0,0,0]",Public,Public
img2147,"[1,0,1,0,0,0,0,1]",1.0,2.0,1.0,0.0,"[0,1,0,0,0,0]",Public,Public
img2148,"[1,0,1,0,0,0,0,0]",1.0,2.0,1.0,0.0,"[0,1,1,0,0,0]",Public,Public
img2149,"[1,0,1,0,0,0,0,0]",1.0,2.0,1.0,0.0,"[0,1,0,0,0,0]",Public,Public
img215,"[0,0,0,0,1,0,0,0]",0.0,0.0,0.0,0.0,"[0,1,1,0,0,0]",Personal preferences,Hobbies/Leisure/Style
img2150,"[0,0,1,1,0,0,0,0]",1.0,2.0,2.0,0.0,"[0,1,1,0,0,0]",Public,Public
img2151,"[1,0,0,0,0,0,0,0]",2.0,0.0,0.0,1.0,"[0,1,1,0,0,0]",Public,Public
img2152,"[1,0,1,0,0,0,0,0]",2.0,2.0,0.0,0.0,"[0,1,1,0,0,0]",Public,Public
img2153,"[1,0,1,0,0,0,0,0]",2.0,2.0,1.0,0.0,"[0,1,1,0,0,0]",Public,Public
img2154,"[1,0,1,1,0,0,0,0]",2.0,2.0,2.0,0.0,"[0,1,0,0,0,0]",Public,Public
img2155,"[1,0,1,1,0,0,0,0]",2.0,2.0,2.0,0.0,"[0,1,0,0,0,0]",Public,Public
img2156,"[1,0,1,1,0,0,0,0]",1.0,2.0,2.0,0.0,"[0,0,0,0,0,0]",Public,Public
img2157,"[1,0,0,0,0,0,0,1]",2.0,2.0,1.0,0.0,"[0,1,0,0,0,0]",Public,Public
img2158,"[1,0,1,0,0,0,0,0]",1.0,2.0,2.0,0.0,"[0,1,0,0,0,0]",Public,Public
img2159,"[1,0,1,1,0,0,0,0]",2.0,2.0,1.0,0.0,"[0,1,0,0,0,0]",Public,Public
img216,"[0,0,0,0,0,0,0,0]",0.0,0.0,0.0,0.0,"[0,1,1,1,0,0]",Personal preferences,Hobbies/Leisure/Style
img2160,"[1,0,0,1,1,0,0,0]",2.0,0.0,1.0,0.0,"[0,1,0,0,0,0]",Personal preferences,Hobbies/Leisure/Style
img2161,"[1,0,0,1,1,0,0,0]",2.0,0.0,1.0,0.0,"[0,1,1,1,0,0]",Personal preferences,Hobbies/Leisure/Style
img2162,"[1,0,0,1,1,0,0,0]",2.0,0.0,1.0,0.0,"[0,1,1,1,0,0]",Personal preferences,Hobbies/Leisure/Style
img2163,"[1,0,0,1,1,0,0,0]",2.0,0.0,1.0,0.0,"[0,1,1,0,0,0]",Personal preferences,Hobbies/Leisure/Style
img2164,"[1,0,0,1,1,0,0,0]",0.0,0.0,1.0,0.0,"[0,1,0,0,0,0]",Personal preferences,Hobbies/Leisure/Style
img2165,"[1,0,0,1,1,0,0,0]",2.0,0.0,1.0,0.0,"[0,1,0,0,0,0]",Personal preferences,Hobbies/Leisure/Style
img2166,"[1,0,0,1,1,0,0,0]",2.0,0.0,1.0,0.0,"[0,1,1,1,0,0]",Personal preferences,Hobbies/Leisure/Style
img2167,"[1,0,0,1,1,0,0,0]",2.0,0.0,1.0,0.0,"[0,1,1,0,0,0]",Personal preferences,Hobbies/Leisure/Style
img2168,"[1,0,0,1,1,0,0,0]",2.0,0.0,1.0,0.0,"[0,1,0,0,0,0]",Personal preferences,Hobbies/Leisure/Style
img2169,"[1,0,0,1,1,0,0,1]",1.0,0.0,1.0,0.0,"[0,1,0,0,0,0]",Personal preferences,Hobbies/Leisure/Style
img217,"[0,0,0,0,1,0,0,0]",0.0,0.0,1.0,0.0,"[0,1,1,1,0,0]",Personal preferences,Hobbies/Leisure/Style
img2170,"[1,0,1,1,1,0,0,0]",1.0,0.0,1.0,0.0,"[0,1,0,0,0,0]",Personal preferences,Hobbies/Leisure/Style
img2171,"[1,0,1,1,1,0,0,0]",2.0,0.0,1.0,0.0,"[0,1,0,0,0,0]",Personal preferences,Hobbies/Leisure/Style
img2172,"[1,0,0,1,1,0,0,0]",2.0,0.0,1.0,0.0,"[0,1,1,0,0,0]",Personal preferences,Hobbies/Leisure/Style
img2173,"[1,0,0,1,1,0,0,0]",2.0,0.0,1.0,0.0,"[0,1,0,0,0,0]",Personal preferences,Hobbies/Leisure/Style
img2174,"[1,0,0,1,1,0,0,0]",2.0,0.0,1.0,0.0,"[0,1,1,0,0,0]",Personal preferences,Hobbies/Leisure/Style
img2175,"[1,0,0,1,1,0,0,0]",2.0,0.0,1.0,0.0,"[0,1,0,0,0,0]",Personal preferences,Hobbies/Leisure/Style
img2176,"[1,0,0,1,1,0,0,0]",1.0,0.0,1.0,0.0,"[0,1,0,0,0,0]",Personal preferences,Hobbies/Leisure/Style
img2177,"[1,0,0,1,1,0,0,0]",2.0,0.0,1.0,0.0,"[0,1,1,0,0,0]",Personal preferences,Hobbies/Leisure/Style
img2178,"[1,0,0,1,1,0,0,0]",2.0,0.0,1.0,0.0,"[0,1,0,0,0,0]",Personal preferences,Hobbies/Leisure/Style
img2179,"[1,0,0,1,1,0,0,0]",2.0,0.0,2.0,0.0,"[0,0,0,0,0,0]",Personal preferences,Hobbies/Leisure/Style
img218,"[0,0,0,0,1,0,0,0]",0.0,0.0,1.0,0.0,"[0,1,1,0,0,0]",Personal preferences,Hobbies/Leisure/Style
img2180,"[1,0,0,1,1,0,0,0]",2.0,0.0,1.0,0.0,"[0,1,1,0,0,0]",Personal preferences,Hobbies/Leisure/Style
img2181,"[1,0,0,1,1,0,0,0]",2.0,0.0,1.0,0.0,"[0,1,0,0,0,0]",Personal preferences,Hobbies/Leisure/Style
img2182,"[1,0,0,1,1,0,0,0]",2.0,0.0,1.0,0.0,"[0,1,0,0,0,0]",Personal preferences,Hobbies/Leisure/Style
img2183,"[1,0,0,1,1,0,0,0]",2.0,0.0,1.0,0.0,"[0,1,1,0,0,0]",Personal preferences,Hobbies/Leisure/Style
img2184,"[1,1,1,0,1,0,0,0]",2.0,0.0,0.0,0.0,"[0,1,1,1,0,0]",Personal preferences,Hobbies/Leisure/Style
img2185,"[1,0,0,1,1,0,0,0]",2.0,0.0,1.0,0.0,"[0,1,1,0,0,0]",Personal preferences,Hobbies/Leisure/Style
img2186,"[1,0,0,1,1,0,0,0]",2.0,0.0,1.0,0.0,"[0,1,1,0,0,0]",Personal preferences,Hobbies/Leisure/Style
img2187,"[1,0,0,1,1,0,0,0]",2.0,0.0,1.0,0.0,"[0,1,1,0,0,0]",Personal preferences,Hobbies/Leisure/Style
img2188,"[1,0,0,1,1,0,0,1]",1.0,0.0,1.0,0.0,"[0,1,0,0,0,0]",Location information,Public facilities
img2189,"[1,0,0,1,1,0,0,0]",2.0,0.0,1.0,0.0,"[0,1,1,0,0,0]",Location information,Public facilities
img219,"[0,0,0,0,1,0,0,0]",0.0,0.0,0.0,0.0,"[0,1,1,0,0,0]",Personal preferences,Hobbies/Leisure/Style
img2190,"[1,0,0,0,1,0,0,0]",2.0,0.0,0.0,0.0,"[0,1,1,1,0,0]",Location information,Public facilities
img2191,"[1,0,0,0,1,0,0,0]",2.0,0.0,0.0,0.0,"[0,1,1,1,0,0]",Location information,Public facilities
img2192,"[1,0,0,0,1,0,0,0]",2.0,0.0,0.0,0.0,"[0,1,1,0,0,0]",Location information,Public facilities
img2193,"[1,0,0,1,1,0,0,0]",2.0,0.0,1.0,0.0,"[0,1,0,0,0,0]",Location information,Public facilities
img2194,"[1,0,0,1,1,0,0,0]",2.0,0.0,1.0,0.0,"[0,1,0,0,0,0]",Location information,Public facilities
img2195,"[1,0,1,1,1,0,0,0]",2.0,0.0,1.0,0.0,"[0,1,1,0,0,0]",Location information,Public facilities
img2196,"[1,0,1,1,1,0,0,0]",2.0,0.0,1.0,0.0,"[0,1,0,0,0,0]",Location information,Public facilities
img2197,"[1,0,1,1,1,0,0,0]",2.0,0.0,2.0,0.0,"[0,1,0,0,0,0]",Location information,Public facilities
img2198,"[1,0,0,1,1,0,0,0]",2.0,0.0,2.0,0.0,"[0,1,0,0,0,0]",Location information,Public facilities
img2199,"[1,0,0,0,1,0,0,0]",1.0,0.0,0.0,0.0,"[0,1,1,1,0,0]",Location information,Public facilities
img22,"[0,0,0,0,0,0,1,0]",0.0,2.0,2.0,0.0,"[0,1,0,0,0,0]",Risk and crime-related information,Violence/Threat
img220,"[0,0,0,0,1,0,0,0]",0.0,0.0,0.0,0.0,"[0,1,1,1,0,0]",Personal preferences,Hobbies/Leisure/Style
img2200,"[1,0,0,0,1,0,0,0]",2.0,0.0,1.0,0.0,"[0,1,1,0,0,0]",Personal preferences,Private activities
img2201,"[1,0,0,0,0,0,0,1]",1.0,0.0,0.0,0.0,"[0,1,1,1,0,0]",Personal preferences,Private activities
img2202,"[1,0,0,0,1,0,0,0]",1.0,0.0,0.0,0.0,"[0,1,1,0,0,0]",Personal preferences,Private activities
img2203,"[1,0,0,0,1,0,0,0]",1.0,0.0,0.0,0.0,"[0,1,1,1,0,0]",Personal preferences,Private activities
img2204,"[1,0,0,0,0,1,0,0]",2.0,1.0,1.0,0.0,"[0,1,1,0,0,0]",Socio-cultural sensitive information,Politics/Social position
img2205,"[1,0,0,0,0,1,0,0]",2.0,1.0,1.0,0.0,"[0,1,0,0,0,0]",Socio-cultural sensitive information,Politics/Social position
img2206,"[1,0,0,0,0,1,1,0]",1.0,1.0,2.0,0.0,"[0,1,0,0,0,0]",Socio-cultural sensitive information,Politics/Social position
img2207,"[1,0,1,0,0,1,0,0]",0.0,1.0,1.0,0.0,"[0,1,0,0,0,0]",Socio-cultural sensitive information,Politics/Social position
img2208,"[0,0,0,0,0,1,0,0]",0.0,1.0,2.0,0.0,"[0,1,0,0,0,0]",Socio-cultural sensitive information,Politics/Social position
img2209,"[1,0,0,0,0,1,1,0]",1.0,1.0,2.0,0.0,"[0,1,0,0,0,0]",Socio-cultural sensitive information,Politics/Social position
img221,"[0,0,0,0,1,0,0,0]",0.0,0.0,0.0,0.0,"[0,1,1,1,1,0]",Personal preferences,Hobbies/Leisure/Style
img2210,"[1,0,0,0,0,1,0,0]",1.0,1.0,1.0,0.0,"[0,1,0,0,0,0]",Socio-cultural sensitive information,Politics/Social position
img2211,"[0,0,1,0,0,0,1,0]",1.0,1.0,2.0,0.0,"[0,1,0,0,0,0]",Socio-cultural sensitive information,Politics/Social position
img2212,"[1,0,0,0,0,1,0,0]",1.0,1.0,1.0,1.0,"[0,1,0,0,0,0]",Socio-cultural sensitive information,Politics/Social position
img2213,"[1,0,0,0,0,1,0,0]",1.0,1.0,1.0,0.0,"[0,1,0,0,0,0]",Socio-cultural sensitive information,Politics/Social position
img2214,"[1,1,0,0,0,1,0,0]",2.0,1.0,1.0,0.0,"[0,1,0,0,0,0]",Socio-cultural sensitive information,Politics/Social position
img2215,"[0,0,1,0,0,1,0,0]",0.0,0.0,1.0,0.0,"[0,1,0,0,0,0]",Socio-cultural sensitive information,Politics/Social position
img2216,"[0,0,0,0,0,1,0,0]",0.0,1.0,2.0,0.0,"[0,1,0,0,0,0]",Socio-cultural sensitive information,Politics/Social position
img2217,"[0,0,0,0,0,1,0,0]",0.0,1.0,1.0,0.0,"[0,1,0,0,0,0]",Socio-cultural sensitive information,Politics/Social position
img2218,"[1,0,0,0,0,1,0,0]",1.0,0.0,1.0,0.0,"[0,1,1,0,0,0]",Socio-cultural sensitive information,Politics/Social position
img2219,"[1,0,0,0,0,1,0,0]",2.0,1.0,1.0,0.0,"[0,1,0,0,0,0]",Socio-cultural sensitive information,Politics/Social position
img222,"[0,0,0,0,1,0,0,0]",0.0,0.0,1.0,0.0,"[0,1,1,1,0,0]",Personal preferences,Hobbies/Leisure/Style
img2220,"[1,0,0,0,0,1,0,0]",2.0,1.0,1.0,0.0,"[0,1,1,0,0,0]",Socio-cultural sensitive information,Politics/Social position
img2221,"[1,0,0,0,0,1,0,0]",2.0,1.0,1.0,0.0,"[0,1,0,0,0,0]",Socio-cultural sensitive information,Politics/Social position
img2222,"[1,0,0,1,0,0,1,0]",0.0,0.0,2.0,0.0,"[0,0,0,0,0,0]",Socio-cultural sensitive information,Politics/Social position
img2223,"[0,0,0,0,0,1,0,0]",0.0,0.0,1.0,0.0,"[0,1,0,0,0,0]",Socio-cultural sensitive information,Politics/Social position
img2224,"[0,0,0,0,0,1,0,0]",0.0,0.0,1.0,0.0,"[1,0,0,0,0,0]",Socio-cultural sensitive information,Politics/Social position
img2225,"[0,0,0,0,0,1,0,0]",0.0,1.0,2.0,0.0,"[0,1,0,0,0,0]",Socio-cultural sensitive information,Politics/Social position
img2226,"[1,0,0,0,0,1,0,0]",1.0,1.0,1.0,0.0,"[0,1,0,0,0,0]",Socio-cultural sensitive information,Politics/Social position
img2227,"[1,0,0,0,0,1,0,0]",2.0,1.0,1.0,0.0,"[0,1,0,0,0,0]",Socio-cultural sensitive information,Politics/Social position
img2228,"[0,0,0,0,0,1,0,0]",0.0,1.0,1.0,0.0,"[0,1,0,0,0,0]",Socio-cultural sensitive information,Politics/Social position
img2229,"[1,0,0,0,0,1,0,0]",2.0,1.0,1.0,0.0,"[0,1,0,0,0,0]",Socio-cultural sensitive information,Politics/Social position
img223,"[0,0,0,0,1,0,0,0]",0.0,0.0,1.0,0.0,"[0,1,1,0,0,0]",Personal preferences,Hobbies/Leisure/Style
img2230,"[0,0,0,0,0,1,0,0]",0.0,0.0,1.0,0.0,"[0,1,0,0,0,0]",Socio-cultural sensitive information,Politics/Social position
img2231,"[0,0,0,0,0,1,0,0]",0.0,1.0,1.0,0.0,"[0,1,0,0,0,0]",Socio-cultural sensitive information,Politics/Social position
img2232,"[1,0,0,0,0,0,0,0]",1.0,0.0,0.0,0.0,"[0,1,0,0,0,0]",Personal identity and sensitive information,Personal information
img2233,"[1,0,0,0,0,0,0,1]",0.0,0.0,0.0,1.0,"[0,0,0,0,0,0]",Personal identity and sensitive information,Personal information
img2234,"[1,0,0,0,0,0,0,0]",1.0,0.0,0.0,1.0,"[0,1,0,0,0,0]",Personal identity and sensitive information,Personal information
img2235,"[1,0,0,0,0,0,0,1]",1.0,0.0,0.0,1.0,"[0,0,0,0,0,0]",Personal identity and sensitive information,Personal information
img2236,"[1,0,0,0,0,0,0,1]",2.0,0.0,0.0,0.0,"[0,1,0,0,0,0]",Personal identity and sensitive information,Personal information
img2237,"[1,0,0,0,0,0,0,0]",2.0,0.0,0.0,1.0,"[0,1,0,0,0,0]",Personal identity and sensitive information,Personal information
img2238,"[0,0,1,0,0,1,0,0]",0.0,1.0,1.0,0.0,"[0,1,1,0,0,0]",Socio-cultural sensitive information,Religion/Culture
img2239,"[0,0,0,0,0,1,0,0]",0.0,0.0,1.0,0.0,"[0,1,1,0,0,0]",Socio-cultural sensitive information,Religion/Culture
img224,"[0,0,0,0,1,0,0,1]",0.0,1.0,1.0,0.0,"[0,1,1,0,0,0]",Personal preferences,Hobbies/Leisure/Style
img2240,"[0,0,0,0,0,1,0,0]",0.0,1.0,1.0,0.0,"[0,1,1,0,0,0]",Socio-cultural sensitive information,Religion/Culture
img2241,"[0,0,0,0,0,1,0,0]",0.0,1.0,1.0,0.0,"[0,1,0,0,0,0]",Socio-cultural sensitive information,Religion/Culture
img2242,"[1,0,0,0,0,1,0,0]",2.0,1.0,1.0,0.0,"[0,1,1,0,0,0]",Socio-cultural sensitive information,Religion/Culture
img2243,"[0,0,0,0,0,1,0,0]",0.0,1.0,1.0,0.0,"[0,1,1,0,0,0]",Socio-cultural sensitive information,Religion/Culture
img2244,"[1,0,0,0,0,1,0,0]",1.0,1.0,1.0,0.0,"[0,1,0,0,0,0]",Socio-cultural sensitive information,Religion/Culture
img2245,"[0,0,0,0,0,1,0,0]",0.0,1.0,1.0,0.0,"[0,1,0,0,0,0]",Socio-cultural sensitive information,Religion/Culture
img2246,"[0,0,0,0,0,1,0,0]",0.0,1.0,1.0,0.0,"[0,1,1,0,0,0]",Socio-cultural sensitive information,Religion/Culture
img2247,"[0,0,0,0,0,1,0,0]",0.0,1.0,1.0,0.0,"[0,1,1,0,0,0]",Socio-cultural sensitive information,Religion/Culture
img2248,"[0,0,0,0,0,1,0,0]",0.0,1.0,1.0,0.0,"[0,1,0,0,0,0]",Socio-cultural sensitive information,Religion/Culture
img2249,"[0,0,0,0,0,1,0,0]",0.0,1.0,1.0,0.0,"[0,1,0,0,0,0]",Socio-cultural sensitive information,Religion/Culture
img225,"[0,0,0,0,1,0,0,0]",0.0,0.0,1.0,0.0,"[0,1,1,0,0,0]",Personal preferences,Hobbies/Leisure/Style
img2250,"[1,0,0,0,0,0,0,0]",0.0,2.0,1.0,0.0,"[0,1,0,0,0,0]",Personal identity and sensitive information,Personal information
img2251,"[0,0,1,0,0,0,0,0]",0.0,2.0,0.0,,"[0,1,0,0,0,0]",Personal identity and sensitive information,Personal information
img2252,"[1,0,0,0,0,0,0,0]",1.0,0.0,1.0,0.0,"[0,1,0,0,0,0]",Personal identity and sensitive information,Personal information
img2253,"[1,0,0,1,0,0,0,0]",1.0,0.0,0.0,0.0,"[0,1,0,0,0,0]",Personal identity and sensitive information,Personal information
img2254,"[1,0,0,0,0,0,0,0]",1.0,2.0,1.0,0.0,"[0,1,0,0,0,0]",Personal identity and sensitive information,Personal information
img2255,"[0,0,0,0,0,0,0,1]",0.0,0.0,1.0,0.0,"[0,1,0,0,0,0]",Personal identity and sensitive information,Personal information
img2256,"[1,0,0,1,0,0,0,0]",2.0,0.0,2.0,0.0,"[0,1,0,0,0,0]",Personal identity and sensitive information,Personal information
img2257,"[1,0,0,0,0,0,0,0]",2.0,2.0,1.0,0.0,"[0,1,0,0,0,0]",Personal identity and sensitive information,Personal information
img2258,"[1,0,0,0,0,0,0,0]",2.0,0.0,1.0,1.0,"[0,0,0,0,0,0]",Personal identity and sensitive information,Personal information
img2259,"[1,0,0,1,0,0,0,0]",1.0,2.0,2.0,0.0,"[0,0,0,0,0,0]",Personal identity and sensitive information,Personal information
img226,"[1,1,0,0,0,0,0,0]",2.0,0.0,0.0,0.0,"[0,1,1,1,0,0]",Personal identity and sensitive information,Family events
img2260,"[1,0,0,0,0,0,0,0]",1.0,2.0,1.0,0.0,"[0,1,0,0,0,0]",Personal identity and sensitive information,Personal information
img2261,"[1,0,0,0,0,0,0,0]",1.0,2.0,,0.0,"[0,1,0,0,0,0]",Personal identity and sensitive information,Personal information
img2262,"[1,0,1,0,0,0,0,0]",2.0,0.0,1.0,0.0,"[0,1,0,0,0,0]",Personal identity and sensitive information,Personal information
img2263,"[1,0,0,0,0,0,0,0]",1.0,2.0,1.0,0.0,"[0,1,0,0,0,0]",Personal identity and sensitive information,Personal information
img2264,"[1,0,0,0,0,0,0,0]",0.0,0.0,1.0,0.0,"[0,1,0,0,0,0]",Personal identity and sensitive information,Personal information
img2265,"[1,0,0,0,0,0,0,0]",2.0,0.0,1.0,0.0,"[0,1,0,0,0,0]",Personal identity and sensitive information,Personal information
img2266,"[1,0,0,0,0,0,0,0]",1.0,0.0,1.0,0.0,"[0,1,0,0,0,0]",Personal identity and sensitive information,Personal information
img2267,"[0,0,0,0,0,0,0,1]",0.0,0.0,0.0,0.0,"[0,1,0,0,0,0]",Personal identity and sensitive information,Personal information
img2268,"[1,0,0,0,0,0,0,0]",1.0,0.0,1.0,0.0,"[0,1,0,0,0,0]",Personal identity and sensitive information,Personal information
img2269,"[1,0,1,0,0,0,0,0]",2.0,0.0,1.0,0.0,"[0,1,0,0,0,0]",Personal identity and sensitive information,Personal information
img227,"[1,1,0,0,0,0,0,0]",2.0,0.0,0.0,0.0,"[0,1,1,1,0,0]",Personal identity and sensitive information,Family events
img2270,"[1,0,0,0,0,0,0,0]",1.0,0.0,1.0,0.0,"[0,1,0,0,0,0]",Personal identity and sensitive information,Personal information
img2271,"[1,0,0,0,0,0,0,0]",1.0,2.0,1.0,0.0,"[0,1,1,0,0,0]",Personal identity and sensitive information,Personal information
img2272,"[1,0,0,1,0,0,0,0]",1.0,2.0,1.0,0.0,"[0,1,1,0,0,0]",Personal identity and sensitive information,Personal information
img2273,"[1,0,1,0,0,0,0,0]",1.0,0.0,1.0,1.0,"[0,1,0,0,0,0]",Personal identity and sensitive information,Personal information
img2274,"[1,0,0,0,0,0,0,0]",2.0,0.0,1.0,1.0,"[0,1,0,0,0,0]",Personal identity and sensitive information,Personal information
img2275,"[1,0,0,0,0,0,0,0]",2.0,0.0,1.0,,"[0,1,0,0,0,0]",Personal identity and sensitive information,Personal information
img2276,"[1,0,0,0,0,0,0,0]",1.0,0.0,1.0,0.0,"[0,1,0,0,0,0]",Personal identity and sensitive information,Personal information
img2277,"[1,0,0,0,0,0,0,1]",0.0,0.0,0.0,0.0,"[0,1,0,0,0,0]",Personal identity and sensitive information,Personal information
img2278,"[1,0,0,0,0,0,0,0]",1.0,0.0,1.0,0.0,"[0,1,0,0,0,0]",Personal identity and sensitive information,Personal information
img2279,"[1,0,1,0,0,0,0,0]",2.0,0.0,1.0,0.0,"[0,1,0,0,0,0]",Personal identity and sensitive information,Personal information
img228,"[1,1,0,1,0,0,0,0]",2.0,0.0,1.0,0.0,"[0,1,1,1,0,0]",Personal identity and sensitive information,Family events
img2280,"[1,0,1,1,0,0,0,0]",1.0,2.0,2.0,0.0,"[1,0,0,0,0,0]",Body and appearance,Body exposure and sexual implication
img2281,"[1,0,0,1,0,0,0,0]",1.0,0.0,2.0,0.0,"[1,0,0,0,0,0]",Body and appearance,Body exposure and sexual implication
img2282,"[1,1,0,1,1,0,0,0]",2.0,2.0,2.0,0.0,"[0,1,0,0,0,0]",Body and appearance,Body exposure and sexual implication
img2283,"[1,0,1,1,0,0,0,0]",1.0,1.0,2.0,0.0,"[0,0,0,0,0,0]",Body and appearance,Body exposure and sexual implication
img2284,"[1,0,0,1,0,0,0,0]",2.0,1.0,2.0,,"[1,0,0,0,0,0]",Body and appearance,Body exposure and sexual implication
img2285,"[1,1,1,1,0,0,0,0]",2.0,2.0,2.0,0.0,"[1,0,0,0,0,0]",Body and appearance,Body exposure and sexual implication
img2286,"[1,0,0,1,1,0,0,0]",2.0,0.0,1.0,0.0,"[0,1,1,0,0,0]",Body and appearance,Body exposure and sexual implication
img2287,"[1,1,0,1,0,0,0,0]",2.0,1.0,2.0,0.0,"[1,0,0,0,0,0]",Body and appearance,Body exposure and sexual implication
img2288,"[0,0,0,1,0,0,0,0]",0.0,0.0,2.0,0.0,"[1,0,0,0,0,0]",Body and appearance,Body exposure and sexual implication
img2289,"[1,0,0,1,0,0,0,0]",1.0,0.0,2.0,1.0,"[0,0,0,0,0,0]",Body and appearance,Body exposure and sexual implication
img229,"[0,0,0,0,0,0,0,1]",0.0,0.0,0.0,0.0,"[0,1,1,0,0,0]",Personal identity and sensitive information,Family events
img2290,"[1,0,0,1,0,0,0,0]",1.0,1.0,2.0,1.0,"[1,0,0,0,0,0]",Body and appearance,Body exposure and sexual implication
img2291,"[1,1,0,1,1,0,0,0]",2.0,2.0,2.0,,"[0,1,0,0,0,0]",Body and appearance,Body exposure and sexual implication
img2292,"[1,0,0,1,0,0,0,0]",2.0,2.0,2.0,0.0,"[1,0,0,0,0,0]",Body and appearance,Body exposure and sexual implication
img2293,"[1,1,0,1,0,0,0,0]",2.0,1.0,2.0,,"[1,0,0,0,0,0]",Body and appearance,Body exposure and sexual implication
img2294,"[1,1,0,1,0,0,0,0]",2.0,0.0,2.0,0.0,"[0,0,0,0,0,0]",Body and appearance,Body exposure and sexual implication
img2295,"[1,0,0,1,0,0,0,0]",2.0,2.0,2.0,0.0,"[0,0,0,0,0,0]",Body and appearance,Body exposure and sexual implication
img2296,"[1,0,0,1,0,0,0,0]",1.0,0.0,2.0,0.0,"[0,0,0,0,0,0]",Body and appearance,Body exposure and sexual implication
img2297,"[1,0,0,1,0,0,0,0]",0.0,2.0,2.0,0.0,"[1,0,0,0,0,0]",Body and appearance,Body exposure and sexual implication
img2298,"[1,0,0,1,0,0,0,0]",2.0,1.0,2.0,1.0,"[1,0,0,0,0,0]",Body and appearance,Body exposure and sexual implication
img2299,"[1,0,0,1,0,0,0,0]",2.0,0.0,2.0,0.0,"[0,0,0,0,0,0]",Body and appearance,Body exposure and sexual implication
img23,"[1,0,0,1,0,0,1,0]",2.0,2.0,2.0,0.0,"[0,0,0,0,0,0]",Risk and crime-related information,Violence/Threat
img230,"[1,1,0,0,0,0,0,0]",2.0,0.0,0.0,0.0,"[0,1,1,1,0,0]",Personal identity and sensitive information,Family events
img2300,"[1,0,0,1,1,0,0,0]",2.0,0.0,2.0,0.0,"[1,0,0,0,0,0]",Body and appearance,Body exposure and sexual implication
img2301,"[1,0,0,1,0,0,0,0]",0.0,1.0,2.0,0.0,"[1,0,0,0,0,0]",Body and appearance,Body exposure and sexual implication
img2302,"[1,0,0,1,0,0,0,0]",2.0,1.0,2.0,1.0,"[1,0,0,0,0,0]",Body and appearance,Body exposure and sexual implication
img2303,"[1,1,0,1,0,0,0,0]",2.0,1.0,2.0,1.0,"[1,0,0,0,0,0]",Body and appearance,Body exposure and sexual implication
img2304,"[1,0,0,1,0,0,0,0]",1.0,0.0,2.0,0.0,"[1,0,0,0,0,0]",Body and appearance,Body exposure and sexual implication
img2305,"[1,0,0,1,0,0,0,0]",2.0,2.0,2.0,0.0,"[1,0,0,0,0,0]",Body and appearance,Body exposure and sexual implication
img2306,"[1,0,0,1,0,0,0,0]",2.0,1.0,2.0,0.0,"[1,0,0,0,0,0]",Body and appearance,Body exposure and sexual implication
img2307,"[1,0,1,1,0,0,0,0]",2.0,1.0,2.0,0.0,"[0,1,0,0,0,0]",Body and appearance,Body exposure and sexual implication
img2308,"[1,0,0,1,0,0,0,0]",2.0,1.0,2.0,0.0,"[1,0,0,0,0,0]",Body and appearance,Body exposure and sexual implication
img2309,"[1,0,0,1,0,0,0,0]",2.0,0.0,2.0,0.0,"[0,0,0,0,0,0]",Body and appearance,Body exposure and sexual implication
img231,"[1,1,1,1,0,0,0,0]",2.0,0.0,1.0,0.0,"[0,1,1,1,0,0]",Personal identity and sensitive information,Family events
img2310,"[1,0,0,1,1,0,0,0]",2.0,2.0,2.0,0.0,"[1,0,0,0,0,0]",Body and appearance,Body exposure and sexual implication
img2311,"[1,0,0,1,0,0,0,0]",2.0,2.0,2.0,0.0,"[1,0,0,0,0,0]",Body and appearance,Body exposure and sexual implication
img2312,"[1,0,1,1,0,0,0,0]",2.0,0.0,2.0,0.0,"[1,0,0,0,0,0]",Body and appearance,Body exposure and sexual implication
img2313,"[1,0,0,1,0,0,0,0]",2.0,0.0,2.0,1.0,"[0,0,0,0,0,0]",Body and appearance,Body exposure and sexual implication
img2314,"[1,0,0,1,0,0,0,0]",2.0,2.0,2.0,1.0,"[1,0,0,0,0,0]",Body and appearance,Body exposure and sexual implication
img2315,"[1,0,0,1,0,0,0,0]",1.0,2.0,2.0,0.0,"[1,0,0,0,0,0]",Body and appearance,Body exposure and sexual implication
img2316,"[1,1,1,1,0,0,0,0]",2.0,2.0,2.0,0.0,"[1,0,0,0,0,0]",Body and appearance,Body exposure and sexual implication
img2317,"[0,0,0,1,0,0,0,0]",0.0,0.0,2.0,0.0,"[1,0,0,0,0,0]",Body and appearance,Body exposure and sexual implication
img2318,"[0,0,0,1,0,0,0,0]",0.0,1.0,2.0,0.0,"[1,0,0,0,0,0]",Body and appearance,Body exposure and sexual implication
img2319,"[1,0,0,1,0,0,0,0]",0.0,1.0,2.0,0.0,"[1,0,0,0,0,0]",Body and appearance,Body exposure and sexual implication
img232,"[1,1,0,0,0,0,0,0]",2.0,0.0,0.0,0.0,"[0,1,1,1,0,0]",Personal identity and sensitive information,Family events
img2320,"[1,0,0,1,1,0,0,0]",2.0,1.0,2.0,0.0,"[0,0,0,0,0,0]",Body and appearance,Appearance
img2321,"[0,0,0,0,1,0,0,0]",0.0,0.0,1.0,0.0,"[0,1,0,0,0,0]",Body and appearance,Appearance
img2322,"[1,0,0,0,1,0,0,0]",2.0,0.0,1.0,0.0,"[0,1,1,0,0,0]",Body and appearance,Appearance
img2323,"[1,0,0,0,1,0,0,0]",2.0,1.0,1.0,0.0,"[0,1,1,0,0,0]",Body and appearance,Appearance
img2324,"[1,0,0,1,1,0,0,0]",2.0,0.0,1.0,0.0,"[0,0,0,0,0,0]",Body and appearance,Appearance
img2325,"[1,1,0,0,1,0,0,0]",2.0,0.0,1.0,0.0,"[0,1,1,1,0,0]",Body and appearance,Appearance
img2326,"[1,0,0,0,1,0,0,0]",2.0,0.0,1.0,0.0,"[0,1,1,0,0,0]",Body and appearance,Appearance
img2327,"[1,0,0,0,1,0,0,0]",2.0,0.0,1.0,0.0,"[0,1,1,0,0,0]",Body and appearance,Appearance
img2328,"[1,0,0,0,1,0,0,0]",2.0,0.0,1.0,0.0,"[0,1,1,0,0,0]",Body and appearance,Appearance
img2329,"[1,1,0,0,1,0,0,0]",2.0,0.0,1.0,0.0,"[0,1,1,1,0,0]",Body and appearance,Appearance
img233,"[1,1,0,0,0,1,0,0]",2.0,0.0,1.0,0.0,"[0,1,1,0,0,0]",Personal identity and sensitive information,Family events
img2330,"[1,0,0,1,1,0,0,0]",,0.0,1.0,0.0,"[0,0,0,0,0,0]",Body and appearance,Appearance
img2331,"[1,1,0,0,1,0,0,0]",2.0,0.0,1.0,0.0,"[0,1,1,0,0,0]",Body and appearance,Appearance
img2332,"[1,0,0,0,1,0,0,0]",2.0,0.0,0.0,0.0,"[0,1,1,1,0,0]",Personal preferences,Hobbies/Leisure/Style
img2333,"[1,0,0,0,1,0,0,0]",2.0,0.0,0.0,0.0,"[0,1,1,1,0,0]",Personal preferences,Hobbies/Leisure/Style
img2334,"[1,0,0,0,1,0,0,0]",2.0,0.0,0.0,1.0,"[0,1,1,1,0,0]",Personal preferences,Hobbies/Leisure/Style
img2335,"[1,0,0,0,1,0,0,0]",2.0,0.0,0.0,0.0,"[0,1,1,1,0,0]",Personal preferences,Hobbies/Leisure/Style
img2336,"[1,0,1,0,1,0,0,0]",2.0,0.0,0.0,0.0,"[0,1,1,1,0,0]",Personal preferences,Hobbies/Leisure/Style
img2337,"[1,0,0,0,1,0,0,0]",1.0,0.0,0.0,0.0,"[0,1,1,1,0,0]",Personal preferences,Hobbies/Leisure/Style
img2338,"[1,1,0,0,1,0,0,0]",2.0,0.0,0.0,0.0,"[0,1,1,1,0,0]",Personal preferences,Hobbies/Leisure/Style
img2339,"[1,0,0,0,1,0,0,0]",2.0,0.0,0.0,0.0,"[0,1,1,1,0,0]",Personal preferences,Hobbies/Leisure/Style
img234,"[1,1,0,1,0,0,0,0]",2.0,0.0,1.0,0.0,"[0,1,1,1,0,0]",Personal identity and sensitive information,Family events
img2340,"[1,0,1,0,1,0,0,0]",2.0,0.0,0.0,0.0,"[0,1,1,1,0,0]",Personal preferences,Hobbies/Leisure/Style
img2341,"[1,0,0,0,1,0,0,0]",2.0,0.0,0.0,0.0,"[0,1,1,1,0,0]",Personal preferences,Hobbies/Leisure/Style
img2342,"[1,0,0,0,1,0,0,0]",2.0,0.0,0.0,0.0,"[0,1,1,1,0,0]",Personal preferences,Hobbies/Leisure/Style
img2343,"[1,0,0,0,1,0,0,0]",2.0,0.0,0.0,0.0,"[0,1,1,1,0,0]",Personal preferences,Hobbies/Leisure/Style
img2344,"[1,1,0,0,1,0,0,0]",2.0,0.0,0.0,0.0,"[0,1,1,1,0,0]",Personal preferences,Hobbies/Leisure/Style
img2345,"[1,0,1,0,1,0,0,0]",2.0,0.0,0.0,0.0,"[0,1,1,1,0,0]",Personal preferences,Hobbies/Leisure/Style
img2346,"[0,0,0,0,1,0,0,0]",0.0,0.0,0.0,0.0,"[0,1,1,1,0,0]",Personal preferences,Hobbies/Leisure/Style
img2347,"[1,0,0,0,1,0,0,0]",2.0,0.0,0.0,0.0,"[0,1,1,1,0,0]",Personal preferences,Hobbies/Leisure/Style
img2348,"[1,0,1,0,0,0,0,0]",1.0,0.0,0.0,0.0,"[0,1,0,0,0,0]",Personal identity and sensitive information,Personal information
img2349,"[1,0,1,0,0,0,0,0]",2.0,0.0,1.0,0.0,"[0,1,0,0,0,0]",Personal identity and sensitive information,Personal information
img235,"[1,1,0,0,0,0,0,0]",2.0,0.0,0.0,0.0,"[0,1,1,0,0,0]",Personal identity and sensitive information,Family events
img2350,"[1,0,1,0,0,0,0,0]",2.0,0.0,1.0,1.0,"[0,1,0,0,0,0]",Personal identity and sensitive information,Personal information
img2351,"[1,0,1,0,0,0,0,0]",2.0,0.0,1.0,0.0,"[0,1,0,0,0,0]",Personal identity and sensitive information,Personal information
img2352,"[1,0,1,0,0,0,0,1]",2.0,0.0,1.0,0.0,"[0,1,0,0,0,0]",Personal identity and sensitive information,Personal information
img2353,"[1,0,1,0,0,0,0,0]",2.0,0.0,1.0,0.0,"[0,1,0,0,0,0]",Personal identity and sensitive information,Personal information
img2354,"[0,0,1,0,0,0,0,1]",0.0,0.0,1.0,0.0,"[0,1,0,0,0,0]",Personal identity and sensitive information,Personal information
img2355,"[1,0,0,0,0,0,0,0]",2.0,0.0,0.0,0.0,"[0,1,0,0,0,0]",Personal identity and sensitive information,Personal information
img2356,"[1,0,1,0,0,0,0,0]",2.0,0.0,1.0,0.0,"[0,1,0,0,0,0]",Personal identity and sensitive information,Personal information
img2357,"[1,0,1,0,0,0,0,1]",2.0,0.0,0.0,0.0,"[0,1,0,0,0,0]",Personal identity and sensitive information,Personal information
img2358,"[1,0,1,0,0,0,0,0]",2.0,0.0,2.0,0.0,"[0,0,0,0,0,0]",Personal identity and sensitive information,Personal information
img2359,"[1,0,0,0,0,0,0,1]",2.0,0.0,1.0,1.0,"[0,1,0,0,0,0]",Personal identity and sensitive information,Personal information
img236,"[1,1,0,1,0,0,0,0]",2.0,1.0,1.0,0.0,"[0,1,1,0,0,0]",Personal identity and sensitive information,Family events
img2360,"[1,0,1,0,0,0,0,0]",2.0,0.0,1.0,0.0,"[0,1,0,0,0,0]",Personal identity and sensitive information,Personal information
img2361,"[0,0,0,0,0,0,0,1]",0.0,0.0,1.0,0.0,"[0,1,0,0,0,0]",Personal identity and sensitive information,Personal information
img2362,"[1,0,1,0,0,0,0,0]",2.0,0.0,2.0,0.0,"[0,0,0,0,0,0]",Personal identity and sensitive information,Personal information
img2363,"[1,0,1,0,0,0,0,0]",2.0,0.0,1.0,0.0,"[0,1,0,0,0,0]",Personal identity and sensitive information,Personal information
img2364,"[1,0,1,0,0,0,0,0]",2.0,0.0,1.0,0.0,"[0,1,0,0,0,0]",Personal identity and sensitive information,Personal information
img2365,"[1,0,1,0,0,0,0,1]",2.0,0.0,1.0,0.0,"[0,1,0,0,0,0]",Personal identity and sensitive information,Personal information
img2366,"[1,0,0,1,0,0,0,0]",0.0,2.0,1.0,0.0,"[0,1,0,0,0,0]",Body and appearance,Injury
img2367,"[1,0,0,1,0,0,0,0]",1.0,2.0,1.0,0.0,"[0,1,0,0,0,0]",Body and appearance,Injury
img2368,"[1,0,0,0,0,0,0,0]",2.0,0.0,1.0,0.0,"[0,1,1,0,0,0]",Body and appearance,Injury
img2369,"[1,0,0,1,0,0,0,0]",1.0,2.0,1.0,0.0,"[0,1,0,0,0,0]",Body and appearance,Injury
img237,"[1,0,0,0,0,0,0,0]",2.0,0.0,0.0,0.0,"[0,1,1,1,0,0]",Personal identity and sensitive information,Family events
img2370,"[1,0,1,0,0,0,0,1]",2.0,2.0,1.0,0.0,"[0,1,0,0,0,0]",Body and appearance,Injury
img2371,"[0,0,1,0,0,0,0,1]",0.0,2.0,1.0,0.0,"[0,1,0,0,0,0]",Body and appearance,Injury
img2372,"[1,0,1,1,0,0,0,0]",2.0,2.0,1.0,0.0,"[0,1,0,0,0,0]",Body and appearance,Injury
img2373,"[1,0,0,1,0,0,0,0]",0.0,2.0,1.0,0.0,"[0,1,1,0,0,0]",Body and appearance,Injury
img2374,"[1,0,0,1,0,0,0,0]",2.0,0.0,2.0,0.0,"[0,1,0,0,0,0]",Body and appearance,Injury
img2375,"[1,0,1,1,0,0,0,0]",1.0,2.0,1.0,0.0,"[0,1,0,0,0,0]",Body and appearance,Injury
img2376,"[1,0,1,1,0,0,0,0]",2.0,2.0,2.0,0.0,"[0,1,0,0,0,0]",Body and appearance,Injury
img2377,"[1,0,1,0,0,0,0,0]",0.0,2.0,0.0,0.0,"[0,1,1,0,0,0]",Body and appearance,Injury
img2378,"[1,0,1,1,0,0,0,0]",2.0,2.0,2.0,0.0,"[0,1,0,0,0,0]",Body and appearance,Injury
img2379,"[0,0,1,0,0,0,0,1]",0.0,2.0,1.0,0.0,"[0,1,0,0,0,0]",Body and appearance,Injury
img238,"[1,1,0,1,0,0,0,0]",2.0,0.0,1.0,0.0,"[0,1,1,1,0,0]",Personal identity and sensitive information,Family events
img2380,"[0,0,1,0,0,0,0,1]",0.0,2.0,1.0,0.0,"[0,1,1,0,0,0]",Body and appearance,Injury
img2381,"[0,0,0,1,1,0,0,0]",0.0,2.0,1.0,0.0,"[0,1,0,0,0,0]",Body and appearance,Injury
img2382,"[1,0,0,1,0,0,0,0]",0.0,0.0,1.0,0.0,"[0,1,0,0,0,0]",Body and appearance,Injury
img2383,"[1,0,0,1,0,0,0,0]",1.0,2.0,1.0,0.0,"[0,1,0,0,0,0]",Body and appearance,Injury
img2384,"[1,0,0,1,0,0,0,0]",2.0,2.0,2.0,0.0,"[0,1,0,0,0,0]",Body and appearance,Injury
img2385,"[1,0,0,0,0,0,0,0]",0.0,0.0,1.0,0.0,"[0,1,1,0,0,0]",Body and appearance,Injury
img2386,"[1,0,0,1,0,0,0,0]",0.0,2.0,1.0,0.0,"[0,1,0,0,0,0]",Body and appearance,Injury
img2387,"[1,0,0,1,0,0,0,0]",2.0,2.0,2.0,0.0,"[0,1,1,0,0,0]",Body and appearance,Injury
img2388,"[0,0,0,1,0,0,0,0]",0.0,0.0,1.0,0.0,"[0,1,1,0,0,0]",Body and appearance,Injury
img2389,"[0,0,0,1,0,0,0,0]",0.0,0.0,1.0,0.0,"[0,1,1,0,0,0]",Body and appearance,Injury
img239,"[1,1,0,0,1,0,0,0]",2.0,0.0,0.0,0.0,"[0,1,1,0,0,0]",Personal identity and sensitive information,Family events
img2390,"[1,0,0,1,0,0,0,0]",0.0,2.0,1.0,0.0,"[0,1,0,0,0,0]",Body and appearance,Injury
img2391,"[1,0,1,1,0,0,0,0]",0.0,2.0,1.0,0.0,"[0,1,0,0,0,0]",Body and appearance,Injury
img2392,"[0,0,1,0,0,0,0,1]",0.0,2.0,1.0,0.0,"[0,1,0,0,0,0]",Body and appearance,Injury
img2393,"[1,0,0,1,0,0,0,0]",1.0,2.0,1.0,0.0,"[0,1,0,0,0,0]",Body and appearance,Injury
img2394,"[1,0,0,1,0,0,0,0]",0.0,2.0,1.0,0.0,"[0,1,0,0,0,0]",Body and appearance,Injury
img2395,"[1,0,0,1,0,0,0,0]",2.0,2.0,1.0,0.0,"[0,1,0,0,0,0]",Body and appearance,Injury
img2396,"[1,0,0,1,0,0,0,0]",1.0,2.0,2.0,0.0,"[0,1,1,0,0,0]",Body and appearance,Injury
img2397,"[1,0,1,0,0,0,0,1]",1.0,1.0,1.0,0.0,"[0,1,0,0,0,0]",Body and appearance,Injury
img2398,"[1,0,0,1,0,0,0,0]",1.0,2.0,1.0,0.0,"[0,1,0,0,0,0]",Body and appearance,Injury
img2399,"[1,0,1,0,0,0,0,0]",1.0,2.0,1.0,0.0,"[0,1,0,0,0,0]",Body and appearance,Injury
img24,"[0,0,0,0,1,0,1,0]",0.0,2.0,2.0,,"[0,0,0,0,0,0]",Risk and crime-related information,Violence/Threat
img240,"[1,1,0,0,0,0,0,0]",2.0,0.0,0.0,0.0,"[0,1,1,1,0,0]",Personal identity and sensitive information,Family events
img2400,"[1,0,1,0,0,0,0,0]",2.0,2.0,1.0,0.0,"[0,1,0,0,0,0]",Body and appearance,Injury
img2401,"[0,0,0,1,0,0,0,0]",0.0,0.0,2.0,0.0,"[0,1,1,0,0,0]",Body and appearance,Injury
img2402,"[1,0,0,1,0,0,0,0]",1.0,2.0,2.0,0.0,"[0,1,1,0,0,0]",Body and appearance,Injury
img2403,"[0,0,1,0,0,0,0,1]",0.0,2.0,1.0,0.0,"[0,1,1,0,0,0]",Body and appearance,Injury
img2404,"[1,1,0,0,0,0,0,0]",2.0,2.0,0.0,0.0,"[0,1,1,0,0,0]",Body and appearance,Injury
img2405,"[0,0,1,0,0,0,0,1]",0.0,2.0,1.0,0.0,"[0,1,1,0,0,0]",Body and appearance,Injury
img2406,"[1,0,0,1,0,0,0,0]",1.0,2.0,1.0,1.0,"[0,1,0,0,0,0]",Body and appearance,Injury
img2407,"[1,0,1,1,0,0,0,0]",2.0,2.0,1.0,0.0,"[0,1,0,0,0,0]",Body and appearance,Injury
img2408,"[0,0,1,0,0,0,0,1]",0.0,2.0,1.0,0.0,"[0,1,0,0,0,0]",Body and appearance,Injury
img2409,"[1,0,0,1,0,0,0,0]",2.0,2.0,1.0,0.0,"[0,1,0,0,0,0]",Body and appearance,Injury
img241,"[1,1,0,0,0,0,0,0]",2.0,0.0,0.0,0.0,"[0,1,1,1,0,0]",Personal identity and sensitive information,Family events
img2410,"[1,0,0,1,0,0,0,0]",0.0,2.0,1.0,0.0,"[0,1,0,0,0,0]",Body and appearance,Injury
img2411,"[1,0,1,0,0,0,0,0]",2.0,0.0,0.0,0.0,"[0,1,0,0,0,0]",Body and appearance,Injury
img2412,"[1,0,0,1,1,0,0,0]",1.0,2.0,1.0,0.0,"[0,1,0,0,0,0]",Body and appearance,Injury
img2413,"[1,0,1,1,0,0,0,0]",2.0,2.0,1.0,0.0,"[0,1,0,0,0,0]",Body and appearance,Injury
img2414,"[0,0,0,1,0,0,0,0]",0.0,0.0,2.0,0.0,"[0,1,0,0,0,0]",Body and appearance,Injury
img2415,"[0,0,1,0,0,0,0,1]",0.0,2.0,1.0,0.0,"[0,1,1,0,0,0]",Body and appearance,Injury
img2416,"[0,0,0,1,0,0,0,0]",0.0,2.0,2.0,0.0,"[0,0,0,0,0,0]",Body and appearance,Injury
img2417,"[1,1,0,1,0,0,0,0]",2.0,2.0,1.0,0.0,"[0,1,0,0,0,0]",Body and appearance,Injury
img2418,"[0,0,0,1,0,0,0,0]",0.0,2.0,2.0,0.0,"[0,1,0,0,0,0]",Body and appearance,Injury
img2419,"[1,0,1,0,0,0,0,1]",2.0,2.0,1.0,0.0,"[0,1,0,0,0,0]",Body and appearance,Injury
img242,"[1,1,0,0,0,0,0,0]",2.0,0.0,0.0,0.0,"[0,1,1,1,0,0]",Personal identity and sensitive information,Family events
img2420,"[1,0,0,0,0,0,0,0]",2.0,0.0,0.0,0.0,"[0,1,1,0,0,0]",Personal identity and sensitive information,Personal information
img2421,"[0,0,0,0,0,0,0,1]",0.0,0.0,0.0,0.0,"[0,1,1,0,0,0]",Personal identity and sensitive information,Personal information
img2422,"[1,0,0,0,0,0,0,0]",2.0,0.0,0.0,0.0,"[0,1,1,0,0,0]",Personal identity and sensitive information,Personal information
img2423,"[0,0,0,0,0,0,0,1]",0.0,0.0,0.0,0.0,"[0,1,1,1,0,0]",Personal identity and sensitive information,Personal information
img2424,"[1,0,0,0,0,0,0,0]",2.0,0.0,0.0,0.0,"[0,1,1,0,0,0]",Personal identity and sensitive information,Personal information
img2425,"[0,0,0,0,0,0,0,1]",0.0,0.0,0.0,0.0,"[0,1,1,1,0,0]",Personal identity and sensitive information,Personal information
img2426,"[1,0,1,0,0,0,0,0]",0.0,0.0,0.0,1.0,"[0,1,1,0,0,0]",Personal identity and sensitive information,Personal information
img2427,"[1,0,0,0,0,0,0,0]",2.0,0.0,0.0,0.0,"[0,1,0,0,0,0]",Personal identity and sensitive information,Personal information
img2428,"[0,0,0,0,0,0,0,1]",0.0,0.0,0.0,0.0,"[0,1,1,0,0,0]",Personal identity and sensitive information,Personal information
img2429,"[0,0,0,0,0,0,0,1]",0.0,0.0,0.0,0.0,"[0,1,1,1,0,0]",Personal identity and sensitive information,Personal information
img243,"[1,1,0,1,0,0,0,0]",2.0,0.0,1.0,0.0,"[0,1,1,1,0,0]",Personal identity and sensitive information,Family events
img2430,"[0,0,0,0,0,0,0,1]",0.0,0.0,0.0,0.0,"[0,1,1,1,0,0]",Personal identity and sensitive information,Personal information
img2431,"[0,0,0,0,1,0,0,0]",0.0,0.0,0.0,0.0,"[0,1,1,1,0,0]",Personal identity and sensitive information,Personal information
img2432,"[0,0,0,0,0,0,0,1]",0.0,0.0,0.0,0.0,"[0,1,1,0,0,0]",Personal identity and sensitive information,Personal information
img2433,"[0,0,0,0,0,0,0,1]",0.0,0.0,0.0,0.0,"[0,1,1,1,1,0]",Personal identity and sensitive information,Personal information
img2434,"[1,0,0,0,0,0,0,0]",2.0,0.0,0.0,0.0,"[0,1,1,1,0,0]",Personal identity and sensitive information,Personal information
img2435,"[1,0,0,0,0,0,0,0]",2.0,0.0,0.0,1.0,"[0,1,0,0,0,0]",Personal identity and sensitive information,Personal information
img2436,"[0,0,0,0,0,0,0,1]",0.0,0.0,0.0,0.0,"[0,1,1,1,0,0]",Personal identity and sensitive information,Personal information
img2437,"[1,0,1,0,1,0,0,0]",2.0,0.0,0.0,0.0,"[0,1,1,0,0,0]",Personal identity and sensitive information,Personal information
img2438,"[0,0,1,0,1,0,0,0]",0.0,0.0,0.0,0.0,"[0,1,1,0,0,0]",Personal identity and sensitive information,Personal information
img2439,"[1,0,0,0,0,0,0,0]",2.0,0.0,0.0,0.0,"[0,1,1,0,0,0]",Personal identity and sensitive information,Personal information
img244,"[1,1,0,1,0,0,0,0]",2.0,0.0,1.0,0.0,"[0,1,1,1,0,0]",Personal identity and sensitive information,Family events
img2440,"[0,0,0,0,0,0,0,1]",0.0,0.0,0.0,0.0,"[0,1,1,1,0,0]",Personal identity and sensitive information,Personal information
img2441,"[0,0,0,0,0,0,0,1]",0.0,0.0,0.0,0.0,"[0,1,1,1,0,0]",Personal identity and sensitive information,Personal information
img2442,"[0,0,0,0,0,0,0,1]",0.0,0.0,0.0,0.0,"[0,1,1,1,0,0]",Personal identity and sensitive information,Personal information
img2443,"[0,0,0,0,0,0,0,1]",0.0,0.0,0.0,0.0,"[0,1,1,1,0,0]",Personal identity and sensitive information,Personal information
img2444,"[0,0,0,0,1,0,0,1]",0.0,0.0,0.0,0.0,"[0,1,1,1,0,0]",Personal identity and sensitive information,Personal information
img2445,"[1,0,0,0,0,0,0,0]",2.0,0.0,0.0,,"[0,1,1,1,0,0]",Personal identity and sensitive information,Personal information
img2446,"[1,1,0,0,0,0,0,0]",2.0,0.0,0.0,0.0,"[0,1,1,1,0,0]",Personal identity and sensitive information,Personal information
img2447,"[1,0,1,0,0,0,0,0]",2.0,1.0,0.0,0.0,"[0,1,0,0,0,0]",Personal identity and sensitive information,Personal information
img2448,"[0,0,0,0,0,0,0,1]",0.0,0.0,0.0,0.0,"[0,1,1,0,0,0]",Personal identity and sensitive information,Personal information
img2449,"[1,0,0,0,0,0,0,0]",2.0,0.0,0.0,1.0,"[0,1,1,0,0,0]",Personal identity and sensitive information,Personal information
img245,"[1,1,0,1,0,0,0,0]",2.0,0.0,1.0,0.0,"[0,1,1,0,0,0]",Personal identity and sensitive information,Family events
img2450,"[0,0,0,0,0,0,0,1]",0.0,0.0,0.0,0.0,"[0,1,1,1,0,0]",Personal identity and sensitive information,Personal information
img2451,"[0,0,0,0,0,0,0,1]",0.0,0.0,0.0,0.0,"[0,1,1,1,0,0]",Personal identity and sensitive information,Personal information
img2452,"[1,0,0,0,0,0,0,0]",2.0,0.0,0.0,0.0,"[0,1,1,1,0,0]",Personal identity and sensitive information,Personal information
img2453,"[0,0,0,0,0,0,0,1]",0.0,0.0,0.0,0.0,"[0,1,1,1,0,0]",Personal identity and sensitive information,Personal information
img2454,"[0,0,0,0,0,0,0,1]",0.0,0.0,0.0,0.0,"[0,1,1,1,0,0]",Personal identity and sensitive information,Personal information
img2455,"[0,0,0,0,0,0,0,1]",0.0,0.0,0.0,0.0,"[0,1,1,1,1,0]",Personal identity and sensitive information,Personal information
img2456,"[1,0,0,0,0,0,0,0]",2.0,0.0,0.0,0.0,"[0,0,0,0,0,0]",Personal identity and sensitive information,Personal information
img2457,"[0,0,0,0,0,0,0,1]",0.0,0.0,0.0,0.0,"[0,1,1,1,0,0]",Personal identity and sensitive information,Personal information
img2458,"[1,0,0,0,1,0,0,0]",2.0,0.0,0.0,0.0,"[0,1,1,1,0,0]",Personal identity and sensitive information,Personal information
img2459,"[0,0,0,0,0,0,0,0]",0.0,0.0,0.0,0.0,"[0,1,1,1,0,0]",Personal identity and sensitive information,Personal information
img246,"[1,1,1,0,0,0,0,0]",2.0,0.0,0.0,0.0,"[0,1,1,1,0,0]",Personal identity and sensitive information,Family events
img2460,"[0,0,0,0,0,0,0,1]",0.0,0.0,0.0,0.0,"[0,1,1,1,0,0]",Personal identity and sensitive information,Personal information
img2461,"[1,0,0,0,0,0,0,0]",2.0,0.0,0.0,0.0,"[0,1,1,1,0,0]",Personal identity and sensitive information,Personal information
img2462,"[1,0,0,0,0,0,0,1]",2.0,0.0,0.0,0.0,"[0,1,1,1,0,0]",Personal identity and sensitive information,Personal information
img2463,"[0,0,0,0,0,0,0,1]",0.0,0.0,0.0,0.0,"[0,1,1,0,0,0]",Personal identity and sensitive information,Personal information
img2464,"[0,0,0,0,0,0,0,1]",0.0,0.0,0.0,0.0,"[0,1,1,1,1,0]",Personal identity and sensitive information,Personal information
img2465,"[1,0,0,0,0,0,0,0]",2.0,0.0,0.0,1.0,"[0,1,0,0,0,0]",Personal identity and sensitive information,Personal information
img2466,"[0,0,0,0,0,0,0,1]",0.0,0.0,0.0,0.0,"[0,1,1,1,0,0]",Personal identity and sensitive information,Personal information
img2467,"[0,0,0,0,0,0,0,1]",0.0,0.0,0.0,0.0,"[0,1,1,0,0,0]",Personal identity and sensitive information,Personal information
img2468,"[0,0,1,0,1,0,0,0]",0.0,0.0,0.0,0.0,"[0,1,1,0,0,0]",Personal identity and sensitive information,Personal information
img2469,"[0,0,0,0,0,0,0,1]",0.0,0.0,0.0,0.0,"[0,1,1,1,1,0]",Personal identity and sensitive information,Personal information
img247,"[1,1,0,0,0,0,0,0]",2.0,0.0,0.0,0.0,"[0,1,1,0,0,0]",Personal identity and sensitive information,Family events
img2470,"[0,0,0,0,0,0,0,1]",0.0,0.0,0.0,0.0,"[0,1,1,0,0,0]",Personal identity and sensitive information,Personal information
img2471,"[1,0,0,0,0,0,0,0]",2.0,0.0,0.0,0.0,"[0,1,1,0,0,0]",Personal identity and sensitive information,Personal information
img2472,"[1,0,0,0,0,0,0,0]",2.0,0.0,0.0,0.0,"[0,1,1,0,0,0]",Personal identity and sensitive information,Personal information
img2473,"[1,0,0,0,0,0,0,0]",2.0,0.0,0.0,0.0,"[0,1,1,1,0,0]",Personal identity and sensitive information,Personal information
img2474,"[0,0,0,0,0,0,0,1]",0.0,0.0,0.0,0.0,"[0,1,1,1,0,0]",Personal identity and sensitive information,Personal information
img2475,"[1,0,0,0,0,0,0,1]",0.0,0.0,0.0,0.0,"[0,1,1,0,0,0]",Personal identity and sensitive information,Personal information
img2476,"[0,0,0,0,0,0,0,1]",0.0,0.0,0.0,0.0,"[0,1,1,1,0,0]",Personal identity and sensitive information,Personal information
img2477,"[0,0,0,1,0,1,0,0]",0.0,0.0,2.0,0.0,"[0,0,0,0,0,0]",Body and appearance,Injury
img2478,"[0,0,0,1,0,0,0,0]",0.0,0.0,1.0,0.0,"[1,0,0,0,0,0]",Body and appearance,Injury
img2479,"[1,0,0,1,0,0,0,0]",1.0,0.0,1.0,0.0,"[0,1,0,0,0,0]",Body and appearance,Injury
img248,"[1,1,0,0,0,0,0,0]",2.0,0.0,0.0,0.0,"[0,1,1,1,0,0]",Personal identity and sensitive information,Family events
img2480,"[0,0,0,1,0,0,0,0]",0.0,0.0,1.0,0.0,"[0,1,0,0,0,0]",Body and appearance,Injury
img2481,"[1,0,0,1,0,0,0,0]",1.0,1.0,1.0,0.0,"[0,1,0,0,0,0]",Body and appearance,Injury
img2482,"[1,0,0,1,0,0,0,0]",1.0,0.0,2.0,0.0,"[0,0,0,0,0,0]",Body and appearance,Injury
img2483,"[1,0,1,1,0,0,0,0]",1.0,2.0,1.0,0.0,"[0,1,0,0,0,0]",Body and appearance,Injury
img2484,"[1,0,0,1,0,0,0,0]",2.0,0.0,1.0,0.0,"[0,1,0,0,0,0]",Body and appearance,Injury
img2485,"[1,0,1,1,0,0,0,0]",1.0,0.0,2.0,0.0,"[0,1,0,0,0,0]",Body and appearance,Injury
img2486,"[1,0,0,1,0,0,0,0]",2.0,0.0,2.0,0.0,"[0,0,0,0,0,0]",Body and appearance,Injury
img2487,"[1,0,0,1,0,0,0,0]",0.0,0.0,1.0,0.0,"[0,0,0,0,0,0]",Body and appearance,Injury
img2488,"[1,0,0,1,0,0,0,0]",2.0,0.0,1.0,0.0,"[0,1,0,0,0,0]",Body and appearance,Injury
img2489,"[1,0,0,1,0,0,0,0]",1.0,0.0,2.0,0.0,"[0,1,0,0,0,0]",Body and appearance,Injury
img249,"[1,1,1,1,0,0,0,0]",2.0,0.0,0.0,0.0,"[0,1,1,1,0,0]",Personal identity and sensitive information,Family events
img2490,"[1,0,1,1,0,0,0,0]",1.0,0.0,2.0,0.0,"[0,1,0,0,0,0]",Body and appearance,Injury
img2491,"[1,0,1,1,0,0,0,0]",1.0,0.0,2.0,0.0,"[0,0,0,0,0,0]",Body and appearance,Injury
img2492,"[1,0,0,1,0,0,0,0]",1.0,2.0,2.0,0.0,"[0,0,0,0,0,0]",Body and appearance,Injury
img2493,"[1,0,0,1,0,0,0,0]",1.0,0.0,2.0,0.0,"[0,1,0,0,0,0]",Body and appearance,Injury
img2494,"[1,0,0,1,0,0,0,0]",1.0,0.0,1.0,0.0,"[0,1,0,0,0,0]",Body and appearance,Injury
img2495,"[1,0,0,1,0,0,0,0]",2.0,0.0,1.0,0.0,"[0,1,0,0,0,0]",Body and appearance,Injury
img2496,"[1,0,0,1,0,0,0,0]",1.0,0.0,2.0,0.0,"[0,1,0,0,0,0]",Body and appearance,Injury
img2497,"[1,0,0,1,0,0,0,0]",1.0,0.0,1.0,0.0,"[0,1,0,0,0,0]",Body and appearance,Injury
img2498,"[1,0,0,0,1,0,0,0]",2.0,0.0,1.0,0.0,"[0,1,1,0,0,0]",Public,Public
img2499,"[1,1,0,0,1,0,0,0]",2.0,0.0,0.0,1.0,"[0,1,1,1,0,0]",Public,Public
img25,"[0,0,0,0,0,0,1,0]",0.0,2.0,2.0,0.0,"[0,0,0,0,0,0]",Risk and crime-related information,Violence/Threat
img250,"[1,1,0,0,0,0,0,1]",2.0,0.0,0.0,0.0,"[0,1,1,1,0,0]",Personal identity and sensitive information,Family events
img2500,"[1,0,0,1,0,0,0,0]",2.0,1.0,1.0,0.0,"[0,0,0,0,0,0]",Public,Public
img2501,"[1,0,0,1,0,0,0,0]",2.0,1.0,1.0,0.0,"[0,0,0,0,0,0]",Public,Public
img2502,"[1,0,0,1,0,0,0,0]",2.0,0.0,2.0,0.0,"[0,0,0,0,0,0]",Public,Public
img2503,"[1,0,0,1,0,0,0,0]",2.0,1.0,2.0,0.0,"[0,0,0,0,0,0]",Public,Public
img2504,"[1,0,0,1,0,0,0,0]",1.0,0.0,1.0,1.0,"[0,0,0,0,0,0]",Public,Public
img2505,"[1,0,0,1,1,0,0,0]",2.0,0.0,1.0,0.0,"[0,0,0,0,0,0]",Public,Public
img2506,"[1,0,0,1,0,0,0,0]",2.0,1.0,2.0,0.0,"[0,0,0,0,0,0]",Public,Public
img2507,"[1,0,0,1,1,0,0,0]",2.0,1.0,2.0,0.0,"[0,0,0,0,0,0]",Public,Public
img2508,"[1,0,0,1,0,0,0,0]",2.0,0.0,2.0,0.0,"[1,0,0,0,0,0]",Public,Public
img2509,"[1,0,0,1,0,0,0,0]",2.0,1.0,2.0,,"[0,0,0,0,0,0]",Public,Public
img251,"[1,1,0,0,0,0,0,0]",2.0,0.0,0.0,0.0,"[0,1,1,1,0,0]",Personal identity and sensitive information,Family events
img2510,"[1,0,0,1,1,0,0,0]",2.0,0.0,1.0,0.0,"[0,1,0,0,0,0]",Public,Public
img2511,"[1,0,1,1,0,0,0,0]",1.0,1.0,1.0,0.0,"[0,0,0,0,0,0]",Public,Public
img2512,"[1,0,0,1,0,0,0,0]",2.0,1.0,1.0,0.0,"[0,0,0,0,0,0]",Public,Public
img2513,"[1,0,0,1,0,0,0,0]",2.0,1.0,2.0,0.0,"[0,0,0,0,0,0]",Public,Public
img2514,"[1,0,1,1,1,0,0,0]",2.0,1.0,1.0,0.0,"[0,0,0,0,0,0]",Public,Public
img2515,"[0,0,0,1,1,0,0,0]",0.0,0.0,2.0,0.0,"[1,0,0,0,0,0]",Public,Public
img2516,"[1,0,0,1,1,0,0,0]",2.0,0.0,1.0,0.0,"[0,0,0,0,0,0]",Public,Public
img2517,"[1,0,0,1,0,0,0,0]",2.0,1.0,1.0,0.0,"[0,0,0,0,0,0]",Public,Public
img2518,"[1,0,0,1,0,0,0,0]",2.0,1.0,2.0,0.0,"[1,0,0,0,0,0]",Public,Public
img2519,"[1,0,0,1,0,0,0,0]",2.0,1.0,2.0,0.0,"[1,0,0,0,0,0]",Public,Public
img252,"[1,1,0,0,0,0,0,0]",2.0,0.0,0.0,0.0,"[0,1,1,1,0,0]",Personal identity and sensitive information,Family events
img2520,"[1,0,0,1,0,0,0,0]",2.0,0.0,2.0,0.0,"[0,1,0,0,0,0]",Public,Public
img2521,"[1,0,0,1,0,0,0,0]",1.0,1.0,2.0,0.0,"[0,0,0,0,0,0]",Public,Public
img2522,"[1,0,0,1,0,0,0,0]",2.0,0.0,2.0,0.0,"[0,0,0,0,0,0]",Public,Public
img2523,"[1,0,0,1,0,0,0,0]",2.0,1.0,1.0,0.0,"[1,0,0,0,0,0]",Public,Public
img2524,"[1,0,0,1,0,0,0,0]",2.0,0.0,2.0,0.0,"[0,0,0,0,0,0]",Public,Public
img2525,"[1,0,0,1,0,0,0,0]",2.0,0.0,2.0,,"[0,0,0,0,0,0]",Public,Public
img2526,"[1,0,1,1,0,0,0,0]",2.0,1.0,2.0,0.0,"[1,0,0,0,0,0]",Public,Public
img2527,"[1,0,0,1,0,0,0,0]",2.0,1.0,2.0,0.0,"[0,0,0,0,0,0]",Public,Public
img2528,"[1,0,0,1,0,0,0,0]",2.0,1.0,1.0,0.0,"[0,0,0,0,0,0]",Public,Public
img2529,"[1,0,0,1,0,0,0,0]",2.0,1.0,2.0,0.0,"[1,0,0,0,0,0]",Public,Public
img253,"[1,1,1,0,0,0,0,0]",2.0,0.0,0.0,0.0,"[0,1,1,1,0,0]",Personal identity and sensitive information,Family events
img2530,"[1,0,1,1,1,0,0,0]",2.0,1.0,2.0,0.0,"[1,0,0,0,0,0]",Public,Public
img2531,"[1,0,0,1,0,0,0,0]",2.0,0.0,1.0,0.0,"[0,0,0,0,0,0]",Public,Public
img2532,"[1,0,0,1,0,0,0,0]",2.0,1.0,1.0,0.0,"[0,0,0,0,0,0]",Public,Public
img2533,"[1,0,0,1,0,0,0,0]",2.0,1.0,2.0,,"[1,0,0,0,0,0]",Public,Public
img2534,"[1,0,0,1,1,0,0,0]",2.0,1.0,2.0,0.0,"[0,0,0,0,0,0]",Public,Public
img2535,"[1,0,0,1,1,0,0,0]",2.0,1.0,2.0,0.0,"[1,0,0,0,0,0]",Public,Public
img2536,"[1,0,0,1,1,0,0,0]",2.0,1.0,1.0,0.0,"[0,0,0,0,0,0]",Public,Public
img2537,"[1,0,0,1,0,0,0,0]",2.0,1.0,1.0,0.0,"[0,0,0,0,0,0]",Public,Public
img2538,"[1,0,0,0,1,0,0,0]",2.0,0.0,0.0,0.0,"[0,1,1,1,0,0]",Personal preferences,Hobbies/Leisure/Style
img2539,"[0,0,0,0,0,0,0,0]",0.0,0.0,0.0,0.0,"[0,1,1,1,1,1]",Personal preferences,Hobbies/Leisure/Style
img254,"[1,1,0,0,0,0,0,0]",2.0,0.0,0.0,0.0,"[0,1,1,1,0,0]",Personal identity and sensitive information,Family events
img2540,"[1,0,0,0,1,0,0,0]",2.0,0.0,0.0,0.0,"[0,1,1,1,0,0]",Personal preferences,Hobbies/Leisure/Style
img2541,"[1,1,0,0,0,0,0,0]",2.0,0.0,0.0,0.0,"[0,1,1,1,0,0]",Personal preferences,Hobbies/Leisure/Style
img2542,"[1,0,0,0,0,0,0,0]",2.0,0.0,0.0,0.0,"[0,1,1,1,0,0]",Personal preferences,Hobbies/Leisure/Style
img2543,"[1,0,0,0,1,0,0,0]",2.0,0.0,0.0,0.0,"[0,1,1,1,0,0]",Personal preferences,Hobbies/Leisure/Style
img2544,"[1,0,0,0,1,0,0,0]",2.0,0.0,0.0,0.0,"[0,1,1,1,0,0]",Personal preferences,Hobbies/Leisure/Style
img2545,"[1,0,0,0,1,0,0,0]",2.0,0.0,0.0,0.0,"[0,1,1,1,0,0]",Personal preferences,Hobbies/Leisure/Style
img2546,"[1,0,1,0,1,0,0,0]",2.0,0.0,0.0,0.0,"[0,1,1,1,0,0]",Personal preferences,Hobbies/Leisure/Style
img2547,"[1,0,1,0,1,0,0,0]",2.0,0.0,0.0,0.0,"[0,1,1,1,0,0]",Personal preferences,Hobbies/Leisure/Style
img2548,"[1,0,0,0,1,0,0,0]",2.0,0.0,0.0,0.0,"[0,1,1,1,0,0]",Personal preferences,Hobbies/Leisure/Style
img2549,"[0,0,0,0,0,0,0,0]",0.0,0.0,0.0,0.0,"[0,1,1,1,1,1]",Personal preferences,Hobbies/Leisure/Style
img255,"[1,1,0,1,0,0,0,0]",2.0,0.0,1.0,0.0,"[0,1,1,1,0,0]",Personal identity and sensitive information,Family events
img2550,"[1,0,0,0,1,0,0,0]",2.0,0.0,0.0,0.0,"[0,1,1,1,0,0]",Personal preferences,Hobbies/Leisure/Style
img2551,"[1,0,0,0,1,0,0,0]",2.0,0.0,0.0,0.0,"[0,1,1,1,0,0]",Personal preferences,Hobbies/Leisure/Style
img2552,"[1,0,1,0,0,0,0,0]",2.0,0.0,0.0,0.0,"[0,1,1,1,0,0]",Personal preferences,Hobbies/Leisure/Style
img2553,"[1,0,0,0,1,0,0,0]",2.0,0.0,0.0,0.0,"[0,1,1,1,0,0]",Personal preferences,Hobbies/Leisure/Style
img2554,"[1,0,0,0,0,0,0,0]",2.0,0.0,0.0,0.0,"[0,1,1,1,0,0]",Personal preferences,Hobbies/Leisure/Style
img2555,"[1,0,0,0,0,0,0,0]",2.0,0.0,0.0,0.0,"[0,1,1,1,0,0]",Personal preferences,Hobbies/Leisure/Style
img2556,"[1,0,0,0,1,0,0,0]",2.0,0.0,0.0,0.0,"[0,1,1,1,0,0]",Personal preferences,Hobbies/Leisure/Style
img2557,"[1,0,1,0,1,0,0,0]",2.0,0.0,0.0,0.0,"[0,1,1,1,0,0]",Personal preferences,Hobbies/Leisure/Style
img2558,"[1,0,0,0,1,0,0,0]",2.0,0.0,0.0,0.0,"[0,1,1,1,0,0]",Personal preferences,Hobbies/Leisure/Style
img2559,"[1,1,0,1,1,0,0,0]",2.0,0.0,1.0,0.0,"[0,1,1,1,0,0]",Personal preferences,Hobbies/Leisure/Style
img256,"[1,1,0,0,0,0,0,0]",2.0,0.0,1.0,0.0,"[0,1,1,1,0,0]",Personal identity and sensitive information,Family events
img2560,"[1,0,0,1,1,0,0,0]",2.0,0.0,1.0,0.0,"[0,1,1,0,0,0]",Personal preferences,Hobbies/Leisure/Style
img2561,"[1,0,0,0,0,0,0,0]",2.0,0.0,0.0,0.0,"[0,1,1,1,0,0]",Personal preferences,Hobbies/Leisure/Style
img2562,"[1,0,0,0,1,0,0,0]",2.0,0.0,1.0,0.0,"[0,1,1,0,0,0]",Personal preferences,Hobbies/Leisure/Style
img2563,"[0,0,0,0,0,0,0,0]",0.0,0.0,0.0,0.0,"[0,1,1,1,1,1]",Personal preferences,Hobbies/Leisure/Style
img2564,"[1,1,0,0,1,0,0,0]",2.0,0.0,0.0,0.0,"[0,1,1,1,0,0]",Personal preferences,Hobbies/Leisure/Style
img2565,"[1,0,0,0,1,0,0,0]",2.0,0.0,0.0,0.0,"[0,1,1,1,0,0]",Personal preferences,Hobbies/Leisure/Style
img2566,"[1,0,0,0,1,0,0,0]",2.0,0.0,0.0,0.0,"[0,1,1,1,0,0]",Personal preferences,Hobbies/Leisure/Style
img2567,"[1,1,0,0,1,0,0,0]",2.0,0.0,0.0,0.0,"[0,1,1,1,0,0]",Personal preferences,Hobbies/Leisure/Style
img2568,"[1,0,0,1,1,0,0,0]",2.0,0.0,1.0,0.0,"[0,1,1,0,0,0]",Personal preferences,Hobbies/Leisure/Style
img2569,"[1,0,1,0,0,0,0,1]",1.0,0.0,0.0,0.0,"[0,1,1,1,0,0]",Personal preferences,Hobbies/Leisure/Style
img257,"[1,1,0,0,0,0,0,0]",2.0,0.0,0.0,0.0,"[0,1,1,1,0,0]",Personal identity and sensitive information,Family events
img2570,"[1,0,0,0,1,0,0,0]",2.0,0.0,0.0,0.0,"[0,1,1,1,0,0]",Personal preferences,Hobbies/Leisure/Style
img2571,"[0,0,0,0,0,0,0,1]",0.0,0.0,0.0,0.0,"[0,1,1,1,0,0]",Personal preferences,Hobbies/Leisure/Style
img2572,"[1,0,0,0,0,0,0,0]",2.0,0.0,0.0,0.0,"[0,1,1,1,0,0]",Personal preferences,Hobbies/Leisure/Style
img2573,"[0,0,0,0,0,0,0,1]",0.0,0.0,0.0,0.0,"[0,1,1,1,0,0]",Personal preferences,Hobbies/Leisure/Style
img2574,"[0,0,0,0,0,0,0,0]",0.0,0.0,0.0,0.0,"[0,1,1,1,1,0]",Personal preferences,Hobbies/Leisure/Style
img2575,"[0,0,1,0,0,0,0,0]",0.0,0.0,0.0,0.0,"[0,1,1,1,1,0]",Personal preferences,Hobbies/Leisure/Style
img2576,"[1,0,0,0,0,0,0,0]",2.0,0.0,0.0,0.0,"[0,1,1,0,0,0]",Personal preferences,Hobbies/Leisure/Style
img2577,"[1,0,0,0,1,0,0,0]",2.0,0.0,0.0,0.0,"[0,1,1,1,0,0]",Personal preferences,Hobbies/Leisure/Style
img2578,"[1,0,0,0,1,0,0,0]",2.0,0.0,0.0,0.0,"[0,1,1,1,0,0]",Personal preferences,Hobbies/Leisure/Style
img2579,"[1,0,1,0,1,0,0,0]",1.0,0.0,0.0,0.0,"[0,1,1,0,0,0]",Personal preferences,Hobbies/Leisure/Style
img258,"[1,1,0,0,0,0,0,0]",1.0,0.0,0.0,0.0,"[0,1,1,1,0,0]",Personal identity and sensitive information,Family events
img2580,"[0,0,0,0,0,0,0,1]",0.0,0.0,0.0,0.0,"[0,1,1,1,0,0]",Personal preferences,Hobbies/Leisure/Style
img2581,"[1,0,0,0,0,0,0,1]",0.0,0.0,0.0,0.0,"[0,1,1,1,0,0]",Personal preferences,Hobbies/Leisure/Style
img2582,"[1,0,0,0,0,1,0,0]",2.0,1.0,1.0,0.0,"[0,1,1,1,0,0]",Personal preferences,Hobbies/Leisure/Style
img2583,"[0,0,0,0,0,0,0,1]",0.0,0.0,0.0,0.0,"[0,1,1,1,0,0]",Personal preferences,Hobbies/Leisure/Style
img2584,"[1,0,0,0,1,0,0,0]",2.0,0.0,0.0,0.0,"[0,1,1,1,0,0]",Personal preferences,Hobbies/Leisure/Style
img2585,"[0,0,1,0,0,1,0,0]",0.0,0.0,1.0,0.0,"[0,1,1,0,0,0]",Personal preferences,Hobbies/Leisure/Style
img2586,"[1,0,0,0,0,0,0,0]",1.0,0.0,0.0,0.0,"[0,1,1,1,0,0]",Personal preferences,Hobbies/Leisure/Style
img2587,"[1,0,0,0,0,0,0,0]",2.0,0.0,0.0,0.0,"[0,1,1,1,0,0]",Personal preferences,Hobbies/Leisure/Style
img2588,"[0,0,0,0,0,1,0,0]",0.0,1.0,1.0,1.0,"[0,1,1,0,0,0]",Personal preferences,Hobbies/Leisure/Style
img2589,"[1,0,0,0,0,0,0,0]",2.0,0.0,0.0,0.0,"[0,1,1,1,0,0]",Personal preferences,Hobbies/Leisure/Style
img259,"[1,1,0,0,0,0,0,0]",2.0,0.0,0.0,0.0,"[0,1,1,1,0,0]",Personal identity and sensitive information,Family events
img2590,"[1,0,1,0,1,0,0,0]",2.0,0.0,0.0,0.0,"[0,1,1,1,0,0]",Personal preferences,Hobbies/Leisure/Style
img2591,"[1,1,0,0,0,0,0,0]",1.0,0.0,0.0,0.0,"[0,1,1,1,0,0]",Personal preferences,Hobbies/Leisure/Style
img2592,"[1,0,0,0,1,0,0,0]",2.0,0.0,0.0,0.0,"[0,1,1,0,0,0]",Personal preferences,Hobbies/Leisure/Style
img2593,"[0,0,0,0,0,0,0,0]",0.0,0.0,0.0,0.0,"[0,1,1,1,1,1]",Personal preferences,Hobbies/Leisure/Style
img2594,"[1,0,0,0,1,0,0,0]",2.0,0.0,0.0,0.0,"[0,1,1,1,0,0]",Personal preferences,Hobbies/Leisure/Style
img2595,"[1,0,0,0,0,0,0,0]",2.0,0.0,0.0,0.0,"[0,1,1,1,0,0]",Personal preferences,Hobbies/Leisure/Style
img2596,"[0,0,0,0,0,1,0,0]",0.0,1.0,1.0,0.0,"[0,1,1,0,0,0]",Personal preferences,Hobbies/Leisure/Style
img2597,"[1,0,0,0,0,0,0,0]",2.0,0.0,0.0,0.0,"[0,1,1,1,0,0]",Personal preferences,Hobbies/Leisure/Style
img2598,"[1,0,0,0,0,0,0,0]",2.0,0.0,0.0,0.0,"[0,1,1,1,0,0]",Personal preferences,Hobbies/Leisure/Style
img2599,"[1,0,0,0,0,0,0,0]",2.0,0.0,0.0,0.0,"[0,1,1,0,0,0]",Personal preferences,Hobbies/Leisure/Style
img26,"[1,0,0,0,1,0,1,0]",2.0,2.0,2.0,0.0,"[0,1,1,0,0,0]",Risk and crime-related information,Violence/Threat
img260,"[1,1,0,0,1,0,0,0]",2.0,0.0,0.0,0.0,"[0,1,1,1,0,0]",Personal identity and sensitive information,Family events
img2600,"[1,0,0,1,1,0,0,0]",2.0,0.0,1.0,0.0,"[0,1,1,0,0,0]",Personal preferences,Hobbies/Leisure/Style
img2601,"[1,0,0,0,1,0,0,0]",1.0,0.0,0.0,0.0,"[0,1,1,1,0,0]",Personal preferences,Hobbies/Leisure/Style
img2602,"[1,0,0,0,1,0,0,0]",2.0,0.0,0.0,0.0,"[0,1,1,1,0,0]",Personal preferences,Hobbies/Leisure/Style
img2603,"[1,0,0,0,0,0,0,0]",2.0,0.0,0.0,0.0,"[0,1,1,1,0,0]",Personal preferences,Hobbies/Leisure/Style
img2604,"[0,0,0,0,0,0,0,0]",0.0,0.0,0.0,0.0,"[0,1,1,1,1,0]",Personal preferences,Hobbies/Leisure/Style
img2605,"[0,0,0,0,0,0,0,0]",0.0,0.0,0.0,0.0,"[0,1,1,1,0,0]",Personal preferences,Hobbies/Leisure/Style
img2606,"[0,0,0,0,0,0,0,0]",0.0,0.0,0.0,0.0,"[0,1,1,1,1,0]",Personal preferences,Hobbies/Leisure/Style
img2607,"[1,0,0,0,1,0,0,0]",2.0,0.0,0.0,0.0,"[0,1,1,1,0,0]",Personal preferences,Hobbies/Leisure/Style
img2608,"[0,0,0,0,1,0,0,0]",0.0,0.0,0.0,0.0,"[0,0,0,0,0,0]",Personal preferences,Hobbies/Leisure/Style
img2609,"[0,0,1,0,0,0,0,0]",0.0,0.0,0.0,0.0,"[0,1,1,1,0,0]",Personal preferences,Hobbies/Leisure/Style
img261,"[1,1,0,0,0,1,0,0]",2.0,0.0,1.0,0.0,"[0,1,1,0,0,0]",Personal identity and sensitive information,Family events
img2610,"[1,0,0,1,1,0,0,0]",2.0,0.0,1.0,0.0,"[0,1,1,0,0,0]",Personal preferences,Hobbies/Leisure/Style
img2611,"[0,0,0,0,1,0,0,0]",0.0,0.0,0.0,0.0,"[0,1,1,1,0,0]",Personal preferences,Hobbies/Leisure/Style
img2612,"[1,1,1,1,0,0,0,0]",2.0,0.0,1.0,0.0,"[0,1,1,0,0,0]",Personal preferences,Hobbies/Leisure/Style
img2613,"[1,0,0,0,0,0,0,0]",1.0,0.0,0.0,0.0,"[0,1,1,1,0,0]",Personal preferences,Hobbies/Leisure/Style
img2614,"[0,0,0,0,0,0,0,0]",0.0,0.0,0.0,0.0,"[0,1,1,1,0,0]",Personal preferences,Hobbies/Leisure/Style
img2615,"[1,0,0,0,0,0,0,0]",2.0,0.0,0.0,0.0,"[0,1,1,1,0,0]",Personal preferences,Hobbies/Leisure/Style
img2616,"[1,0,1,0,0,0,0,0]",2.0,0.0,0.0,0.0,"[0,1,1,1,0,0]",Personal preferences,Hobbies/Leisure/Style
img2617,"[0,0,0,0,1,0,0,1]",0.0,0.0,0.0,0.0,"[0,1,1,0,0,0]",Personal preferences,Hobbies/Leisure/Style
img2618,"[1,1,0,0,1,0,0,0]",2.0,0.0,0.0,0.0,"[0,1,1,1,0,0]",Personal preferences,Hobbies/Leisure/Style
img2619,"[1,0,0,0,0,0,0,0]",2.0,0.0,0.0,0.0,"[0,1,1,1,0,0]",Personal preferences,Hobbies/Leisure/Style
img262,"[1,1,0,1,0,0,0,0]",2.0,0.0,1.0,0.0,"[0,1,1,1,0,0]",Personal identity and sensitive information,Family events
img2620,"[1,1,1,0,0,0,0,0]",2.0,0.0,0.0,0.0,"[0,1,1,1,0,0]",Personal preferences,Hobbies/Leisure/Style
img2621,"[0,0,0,0,0,1,0,0]",0.0,1.0,1.0,0.0,"[0,1,1,1,0,0]",Personal preferences,Hobbies/Leisure/Style
img2622,"[1,0,0,0,0,0,0,0]",2.0,0.0,0.0,0.0,"[0,1,1,1,0,0]",Personal preferences,Hobbies/Leisure/Style
img2623,"[0,0,0,0,0,0,0,1]",0.0,0.0,0.0,0.0,"[0,1,1,1,0,0]",Personal preferences,Hobbies/Leisure/Style
img2624,"[1,0,0,0,1,0,0,0]",2.0,0.0,0.0,0.0,"[0,1,1,1,0,0]",Personal preferences,Hobbies/Leisure/Style
img2625,"[1,0,0,0,1,0,0,0]",2.0,0.0,0.0,0.0,"[0,1,1,1,0,0]",Personal preferences,Hobbies/Leisure/Style
img2626,"[0,0,0,0,1,1,0,0]",0.0,0.0,1.0,0.0,"[0,1,1,1,0,0]",Personal preferences,Hobbies/Leisure/Style
img2627,"[1,0,0,0,1,0,0,0]",2.0,0.0,0.0,0.0,"[0,1,1,1,0,0]",Personal preferences,Hobbies/Leisure/Style
img2628,"[0,0,0,0,0,1,0,0]",0.0,0.0,1.0,0.0,"[0,1,1,0,0,0]",Personal preferences,Hobbies/Leisure/Style
img2629,"[0,0,0,0,0,0,0,0]",0.0,0.0,0.0,0.0,"[0,1,1,1,1,0]",Personal preferences,Hobbies/Leisure/Style
img263,"[1,1,1,0,0,0,0,0]",2.0,0.0,0.0,0.0,"[0,1,1,1,0,0]",Personal identity and sensitive information,Family events
img2630,"[0,0,0,0,0,0,0,0]",0.0,0.0,0.0,0.0,"[0,1,1,1,0,0]",Personal preferences,Hobbies/Leisure/Style
img2631,"[0,0,0,0,0,0,0,1]",0.0,0.0,0.0,0.0,"[0,1,1,1,0,0]",Personal preferences,Hobbies/Leisure/Style
img2632,"[0,0,1,0,0,0,0,0]",0.0,0.0,0.0,0.0,"[0,1,1,1,1,0]",Personal preferences,Hobbies/Leisure/Style
img2633,"[0,0,0,0,0,0,0,0]",0.0,0.0,0.0,0.0,"[0,1,1,1,0,0]",Personal preferences,Hobbies/Leisure/Style
img2634,"[1,0,0,0,0,0,0,0]",1.0,0.0,0.0,0.0,"[0,1,1,1,0,0]",Personal preferences,Hobbies/Leisure/Style
img2635,"[1,1,1,0,0,0,0,0]",1.0,0.0,0.0,0.0,"[0,1,1,0,0,0]",Personal preferences,Hobbies/Leisure/Style
img2636,"[0,0,0,0,0,0,0,0]",0.0,0.0,0.0,0.0,"[0,1,1,1,1,0]",Personal preferences,Hobbies/Leisure/Style
img2637,"[1,0,1,0,0,1,0,0]",2.0,1.0,1.0,0.0,"[0,1,1,0,0,0]",Personal preferences,Hobbies/Leisure/Style
img2638,"[1,1,0,0,0,0,0,0]",1.0,0.0,0.0,0.0,"[0,1,1,1,0,0]",Personal preferences,Hobbies/Leisure/Style
img2639,"[1,0,0,1,0,0,0,0]",2.0,0.0,1.0,0.0,"[0,1,0,0,0,0]",Personal preferences,Hobbies/Leisure/Style
img264,"[1,0,0,0,0,0,0,0]",2.0,0.0,0.0,0.0,"[0,1,1,1,0,0]",Personal identity and sensitive information,Family events
img2640,"[0,0,0,0,0,0,0,0]",0.0,0.0,0.0,0.0,"[0,1,1,1,1,0]",Personal preferences,Hobbies/Leisure/Style
img2641,"[0,0,0,0,0,0,0,0]",0.0,0.0,0.0,0.0,"[0,1,1,1,0,0]",Personal preferences,Hobbies/Leisure/Style
img2642,"[0,0,1,0,0,0,0,1]",0.0,0.0,0.0,0.0,"[0,1,1,1,0,0]",Personal preferences,Hobbies/Leisure/Style
img2643,"[0,0,0,0,0,0,0,1]",0.0,0.0,0.0,0.0,"[0,1,1,1,0,0]",Personal preferences,Hobbies/Leisure/Style
img2644,"[1,0,1,0,0,1,0,0]",1.0,0.0,0.0,0.0,"[0,1,1,1,0,0]",Personal preferences,Hobbies/Leisure/Style
img2645,"[0,0,1,0,1,0,0,0]",0.0,0.0,0.0,0.0,"[0,1,1,1,0,0]",Personal preferences,Hobbies/Leisure/Style
img2646,"[1,1,0,0,0,0,0,0]",2.0,0.0,0.0,0.0,"[0,1,1,1,0,0]",Personal preferences,Hobbies/Leisure/Style
img2647,"[0,0,0,0,0,0,0,1]",0.0,0.0,0.0,0.0,"[0,1,1,1,0,0]",Personal preferences,Hobbies/Leisure/Style
img2648,"[1,0,0,0,1,0,0,0]",2.0,0.0,0.0,0.0,"[0,1,1,1,0,0]",Personal preferences,Hobbies/Leisure/Style
img2649,"[0,0,1,0,0,0,0,0]",0.0,0.0,0.0,0.0,"[0,1,1,1,0,0]",Personal preferences,Hobbies/Leisure/Style
img265,"[1,1,0,0,0,0,0,0]",2.0,0.0,0.0,0.0,"[0,1,1,1,0,0]",Personal identity and sensitive information,Family events
img2650,"[1,1,1,0,0,0,0,0]",2.0,0.0,0.0,0.0,"[0,1,1,1,0,0]",Personal preferences,Hobbies/Leisure/Style
img2651,"[1,0,0,0,1,0,0,0]",2.0,0.0,1.0,0.0,"[0,1,1,1,0,0]",Personal preferences,Hobbies/Leisure/Style
img2652,"[0,0,0,0,1,0,0,0]",0.0,0.0,0.0,0.0,"[0,1,1,1,0,0]",Personal preferences,Hobbies/Leisure/Style
img2653,"[1,0,0,0,1,0,0,0]",2.0,0.0,0.0,0.0,"[0,1,1,1,0,0]",Personal preferences,Hobbies/Leisure/Style
img2654,"[1,0,0,0,1,0,0,0]",2.0,0.0,0.0,0.0,"[0,1,1,0,0,0]",Personal preferences,Hobbies/Leisure/Style
img2655,"[1,0,0,0,1,0,0,0]",0.0,0.0,0.0,0.0,"[0,1,1,0,0,0]",Personal preferences,Hobbies/Leisure/Style
img2656,"[0,0,0,0,1,0,0,0]",0.0,0.0,0.0,0.0,"[0,1,1,1,0,0]",Personal preferences,Hobbies/Leisure/Style
img2657,"[1,0,0,0,1,0,0,0]",2.0,0.0,0.0,0.0,"[0,1,1,1,0,0]",Personal preferences,Hobbies/Leisure/Style
img2658,"[1,0,0,0,0,0,0,0]",2.0,0.0,0.0,0.0,"[0,1,1,0,0,0]",Personal preferences,Hobbies/Leisure/Style
img2659,"[1,0,0,0,1,0,0,0]",2.0,0.0,0.0,0.0,"[0,1,1,1,0,0]",Personal preferences,Hobbies/Leisure/Style
img266,"[1,1,0,0,0,0,0,0]",2.0,0.0,0.0,0.0,"[0,1,1,1,0,0]",Personal identity and sensitive information,Family events
img2660,"[1,0,0,0,1,0,0,0]",1.0,0.0,1.0,0.0,"[0,1,1,1,0,0]",Personal preferences,Hobbies/Leisure/Style
img2661,"[1,0,0,0,1,0,0,0]",2.0,0.0,0.0,0.0,"[0,1,1,1,0,0]",Personal preferences,Hobbies/Leisure/Style
img2662,"[0,0,0,0,1,0,0,0]",1.0,0.0,0.0,0.0,"[0,1,1,1,1,0]",Personal preferences,Hobbies/Leisure/Style
img2663,"[1,0,0,0,1,0,0,0]",2.0,0.0,0.0,0.0,"[0,1,1,1,0,0]",Personal preferences,Hobbies/Leisure/Style
img2664,"[1,0,0,0,1,0,0,0]",2.0,0.0,0.0,0.0,"[0,1,1,0,0,0]",Personal preferences,Hobbies/Leisure/Style
img2665,"[1,0,0,0,0,0,0,0]",2.0,0.0,0.0,0.0,"[0,1,1,1,0,0]",Personal preferences,Hobbies/Leisure/Style
img2666,"[0,0,0,0,1,0,0,0]",0.0,0.0,0.0,0.0,"[0,1,1,1,0,0]",Personal preferences,Hobbies/Leisure/Style
img2667,"[1,0,0,0,0,0,0,0]",2.0,0.0,0.0,0.0,"[0,1,1,1,0,0]",Personal preferences,Hobbies/Leisure/Style
img2668,"[1,0,0,0,1,0,0,0]",1.0,0.0,1.0,0.0,"[0,1,1,1,1,0]",Personal preferences,Hobbies/Leisure/Style
img2669,"[1,0,0,0,1,0,0,0]",1.0,0.0,0.0,0.0,"[0,1,1,1,1,0]",Personal preferences,Hobbies/Leisure/Style
img267,"[1,1,1,0,0,0,0,0]",2.0,0.0,0.0,0.0,"[0,1,1,1,0,0]",Personal identity and sensitive information,Family events
img2670,"[0,0,0,0,1,0,0,0]",0.0,0.0,0.0,0.0,"[0,1,1,1,1,0]",Personal preferences,Hobbies/Leisure/Style
img2671,"[1,0,0,0,0,0,0,0]",2.0,0.0,0.0,0.0,"[0,1,1,1,0,0]",Personal preferences,Hobbies/Leisure/Style
img2672,"[1,0,0,0,0,0,0,1]",0.0,0.0,0.0,0.0,"[0,1,1,1,0,0]",Personal preferences,Hobbies/Leisure/Style
img2673,"[1,0,0,0,1,0,0,0]",2.0,0.0,1.0,0.0,"[0,1,1,1,0,0]",Personal preferences,Hobbies/Leisure/Style
img2674,"[1,0,0,0,1,0,0,0]",1.0,0.0,0.0,0.0,"[0,1,1,1,0,0]",Personal preferences,Hobbies/Leisure/Style
img2675,"[1,0,0,1,1,0,0,0]",2.0,0.0,1.0,0.0,"[0,1,1,1,0,0]",Personal preferences,Hobbies/Leisure/Style
img2676,"[0,0,0,0,1,0,0,0]",1.0,0.0,0.0,0.0,"[0,1,1,1,0,0]",Personal preferences,Hobbies/Leisure/Style
img2677,"[1,0,0,0,0,0,0,0]",2.0,0.0,0.0,0.0,"[0,1,1,0,0,0]",Personal preferences,Hobbies/Leisure/Style
img2678,"[1,0,0,0,1,0,0,0]",2.0,0.0,0.0,0.0,"[0,1,1,1,0,0]",Personal preferences,Hobbies/Leisure/Style
img2679,"[1,0,0,0,1,0,0,0]",1.0,0.0,0.0,0.0,"[0,1,1,1,0,0]",Personal preferences,Hobbies/Leisure/Style
img268,"[1,1,0,0,0,0,0,0]",2.0,0.0,0.0,0.0,"[0,1,1,0,0,0]",Personal identity and sensitive information,Family events
img2680,"[1,0,0,1,1,0,0,0]",2.0,0.0,1.0,0.0,"[0,1,1,1,0,0]",Personal preferences,Hobbies/Leisure/Style
img2681,"[1,0,0,0,1,0,0,0]",1.0,0.0,0.0,0.0,"[0,1,1,0,0,0]",Personal preferences,Hobbies/Leisure/Style
img2682,"[0,0,0,0,1,0,0,0]",0.0,0.0,0.0,0.0,"[0,1,1,1,0,0]",Personal preferences,Hobbies/Leisure/Style
img2683,"[1,0,0,0,0,0,0,0]",2.0,0.0,0.0,0.0,"[0,1,1,1,0,0]",Personal preferences,Hobbies/Leisure/Style
img2684,"[1,0,0,0,1,0,0,0]",1.0,0.0,1.0,0.0,"[0,1,1,1,0,0]",Personal preferences,Hobbies/Leisure/Style
img2685,"[1,0,0,0,0,0,0,0]",2.0,0.0,0.0,0.0,"[0,1,1,1,0,0]",Personal preferences,Hobbies/Leisure/Style
img2686,"[0,0,0,0,0,0,0,0]",0.0,0.0,0.0,0.0,"[0,1,1,1,1,1]",Public,Public
img2687,"[0,0,0,0,0,0,0,0]",0.0,0.0,0.0,0.0,"[0,1,1,1,0,0]",Public,Public
img2688,"[0,0,0,0,0,0,0,0]",0.0,0.0,0.0,0.0,"[0,1,1,1,1,1]",Public,Public
img2689,"[0,0,0,0,0,0,0,0]",0.0,0.0,0.0,0.0,"[0,1,1,1,1,1]",Public,Public
img269,"[1,1,1,0,0,0,0,0]",1.0,0.0,0.0,1.0,"[0,1,1,1,0,0]",Personal identity and sensitive information,Family events
img2690,"[0,0,0,0,0,0,0,0]",0.0,0.0,0.0,0.0,"[0,1,1,1,1,1]",Public,Public
img2691,"[0,0,0,0,0,0,0,0]",0.0,0.0,0.0,0.0,"[0,1,1,1,1,1]",Public,Public
img2692,"[0,0,0,0,1,0,0,0]",0.0,0.0,0.0,0.0,"[0,1,1,1,1,1]",Public,Public
img2693,"[0,0,1,0,0,0,0,0]",0.0,0.0,0.0,0.0,"[0,1,1,1,0,0]",Public,Public
img2694,"[0,0,0,0,0,0,0,0]",0.0,0.0,0.0,0.0,"[0,1,1,1,1,1]",Public,Public
img2695,"[0,0,0,0,0,0,0,0]",0.0,0.0,0.0,0.0,"[0,1,1,1,1,1]",Public,Public
img2696,"[0,0,0,0,0,0,0,0]",0.0,0.0,0.0,0.0,"[0,1,1,1,1,1]",Public,Public
img2697,"[0,0,0,0,0,0,0,0]",0.0,0.0,0.0,0.0,"[0,1,1,1,1,0]",Public,Public
img2698,"[0,0,0,0,0,0,0,0]",0.0,0.0,0.0,0.0,"[0,1,1,1,1,1]",Public,Public
img2699,"[0,0,0,0,1,0,0,0]",0.0,0.0,0.0,0.0,"[0,1,1,1,1,0]",Public,Public
img27,"[0,0,0,0,1,0,1,0]",0.0,2.0,2.0,0.0,"[0,1,0,0,0,0]",Risk and crime-related information,Violence/Threat
img270,"[1,1,1,0,0,0,0,0]",2.0,0.0,0.0,0.0,"[0,1,1,1,0,0]",Personal identity and sensitive information,Family events
img2700,"[0,0,0,0,0,0,0,0]",0.0,0.0,0.0,0.0,"[0,1,1,1,1,1]",Public,Public
img2701,"[0,0,0,0,1,0,0,0]",0.0,0.0,0.0,0.0,"[0,1,1,1,1,1]",Public,Public
img2702,"[0,0,0,0,0,0,0,0]",0.0,0.0,0.0,0.0,"[0,1,1,1,1,1]",Public,Public
img2703,"[0,0,0,0,0,0,0,0]",0.0,0.0,0.0,0.0,"[0,1,1,1,1,1]",Public,Public
img2704,"[0,0,0,0,0,0,0,0]",0.0,0.0,0.0,0.0,"[0,1,1,1,1,1]",Public,Public
img2705,"[0,0,0,0,1,0,0,0]",0.0,0.0,0.0,0.0,"[0,1,1,1,1,1]",Public,Public
img2706,"[0,0,0,0,0,0,0,0]",0.0,0.0,0.0,0.0,"[0,1,1,1,1,1]",Public,Public
img2707,"[0,0,0,0,0,0,0,0]",0.0,0.0,0.0,0.0,"[0,1,1,1,1,1]",Public,Public
img2708,"[0,0,0,0,0,0,0,0]",0.0,0.0,0.0,0.0,"[0,1,1,1,1,1]",Public,Public
img2709,"[0,0,0,0,0,0,0,0]",0.0,0.0,0.0,0.0,"[0,1,1,1,1,1]",Public,Public
img271,"[1,1,0,1,1,0,0,0]",2.0,0.0,1.0,0.0,"[0,1,1,1,0,0]",Personal identity and sensitive information,Family events
img2710,"[0,0,0,0,1,0,0,0]",0.0,0.0,0.0,0.0,"[0,1,1,1,0,0]",Public,Public
img2711,"[0,0,0,0,0,0,0,0]",0.0,0.0,0.0,0.0,"[0,1,1,1,0,0]",Public,Public
img2712,"[0,0,0,0,0,0,0,0]",0.0,0.0,0.0,0.0,"[0,1,1,1,1,1]",Public,Public
img2713,"[0,0,0,0,0,0,0,0]",0.0,0.0,0.0,0.0,"[0,1,1,1,1,1]",Public,Public
img2714,"[0,0,0,0,0,0,0,0]",0.0,0.0,0.0,0.0,"[0,1,1,1,1,1]",Public,Public
img2715,"[0,0,0,0,0,0,0,0]",0.0,0.0,0.0,0.0,"[0,1,1,1,1,1]",Public,Public
img2716,"[0,0,0,0,0,0,0,0]",0.0,0.0,0.0,0.0,"[0,1,1,1,1,1]",Public,Public
img2717,"[0,0,0,0,0,0,0,0]",0.0,0.0,0.0,0.0,"[0,1,1,1,1,1]",Public,Public
img2718,"[0,0,0,0,1,0,0,0]",0.0,0.0,1.0,0.0,"[0,1,1,1,1,0]",Public,Public
img2719,"[0,0,0,0,0,0,0,0]",0.0,0.0,0.0,0.0,"[0,1,1,1,1,0]",Public,Public
img272,"[1,1,0,0,0,0,0,0]",2.0,0.0,0.0,0.0,"[0,1,1,1,0,0]",Personal identity and sensitive information,Family events
img2720,"[0,0,0,0,0,0,0,0]",0.0,0.0,0.0,0.0,"[0,1,1,1,1,1]",Public,Public
img2721,"[0,0,0,0,0,0,0,0]",0.0,0.0,0.0,0.0,"[0,1,1,1,1,1]",Public,Public
img2722,"[0,0,0,0,0,0,0,0]",0.0,0.0,0.0,0.0,"[0,1,1,1,1,1]",Public,Public
img2723,"[0,0,0,0,0,0,0,0]",0.0,0.0,0.0,0.0,"[0,1,1,1,1,1]",Public,Public
img2724,"[0,0,0,0,0,0,0,0]",0.0,0.0,0.0,0.0,"[0,1,1,1,1,1]",Public,Public
img2725,"[0,0,0,0,0,0,0,0]",0.0,0.0,0.0,0.0,"[0,1,1,1,1,1]",Public,Public
img2726,"[0,0,0,0,1,0,0,0]",0.0,0.0,0.0,0.0,"[0,1,1,1,1,1]",Public,Public
img2727,"[0,0,0,0,0,0,0,0]",0.0,0.0,0.0,0.0,"[0,1,1,1,1,1]",Public,Public
img2728,"[0,0,0,0,0,0,0,0]",0.0,0.0,0.0,0.0,"[0,1,1,1,1,1]",Public,Public
img2729,"[0,0,0,0,0,0,0,0]",0.0,0.0,0.0,0.0,"[0,1,1,1,1,1]",Public,Public
img273,"[1,1,0,0,0,0,0,0]",2.0,0.0,0.0,0.0,"[0,1,1,1,0,0]",Personal identity and sensitive information,Family events
img2730,"[0,0,0,0,0,0,0,0]",0.0,0.0,0.0,0.0,"[0,1,1,1,1,1]",Public,Public
img2731,"[0,0,0,0,0,0,0,0]",0.0,0.0,0.0,0.0,"[0,1,1,1,1,1]",Public,Public
img2732,"[0,0,0,0,0,0,0,0]",0.0,0.0,0.0,0.0,"[0,1,1,1,1,1]",Public,Public
img2733,"[0,0,0,0,0,0,0,0]",0.0,0.0,0.0,0.0,"[0,1,1,1,1,1]",Public,Public
img2734,"[0,0,0,0,0,0,0,0]",0.0,0.0,0.0,0.0,"[0,1,1,1,1,1]",Public,Public
img2735,"[0,0,0,0,0,0,0,0]",0.0,0.0,0.0,0.0,"[0,1,1,1,1,0]",Public,Public
img2736,"[0,0,0,0,0,0,0,0]",0.0,0.0,0.0,0.0,"[0,1,1,1,1,1]",Public,Public
img2737,"[0,0,0,0,0,0,0,0]",0.0,0.0,0.0,0.0,"[0,1,1,1,1,1]",Public,Public
img2738,"[0,0,0,0,0,0,0,0]",0.0,0.0,0.0,0.0,"[0,1,1,1,1,1]",Public,Public
img2739,"[0,0,0,0,0,0,0,0]",0.0,0.0,0.0,0.0,"[0,1,1,1,1,1]",Public,Public
img274,"[1,1,0,0,0,1,0,0]",2.0,0.0,1.0,0.0,"[0,1,1,1,0,0]",Personal identity and sensitive information,Family events
img2740,"[0,0,0,0,0,0,0,0]",0.0,0.0,0.0,0.0,"[0,1,1,1,1,1]",Public,Public
img2741,"[0,0,0,0,0,0,0,0]",0.0,0.0,0.0,0.0,"[0,1,1,1,1,0]",Public,Public
img2742,"[0,0,0,0,0,0,0,0]",0.0,0.0,0.0,0.0,"[0,1,1,1,1,0]",Public,Public
img2743,"[1,0,0,0,0,0,0,0]",2.0,0.0,0.0,0.0,"[0,1,1,1,0,0]",Public,Public
img2744,"[0,0,0,0,1,0,0,0]",0.0,0.0,0.0,0.0,"[0,1,1,1,1,1]",Public,Public
img2745,"[0,0,0,0,0,0,0,0]",0.0,0.0,0.0,0.0,"[0,1,1,1,1,1]",Public,Public
img2746,"[0,0,0,0,1,0,0,0]",0.0,0.0,1.0,0.0,"[0,1,1,1,1,0]",Public,Public
img2747,"[0,0,0,0,0,0,0,0]",0.0,0.0,0.0,0.0,"[0,1,1,1,1,1]",Public,Public
img2748,"[0,0,0,0,1,0,0,0]",0.0,0.0,0.0,0.0,"[0,1,1,1,0,0]",Public,Public
img2749,"[0,0,0,0,0,0,0,0]",0.0,0.0,0.0,0.0,"[0,1,1,1,1,1]",Public,Public
img275,"[1,1,0,1,0,0,0,0]",2.0,0.0,1.0,0.0,"[0,1,1,1,0,0]",Personal identity and sensitive information,Family events
img2750,"[0,0,0,0,1,0,0,0]",0.0,0.0,0.0,0.0,"[0,1,1,1,1,0]",Public,Public
img2751,"[0,0,0,0,1,0,0,0]",0.0,0.0,0.0,0.0,"[0,1,1,1,0,0]",Public,Public
img2752,"[0,0,0,0,0,0,0,0]",0.0,0.0,0.0,0.0,"[0,1,1,1,1,1]",Public,Public
img2753,"[0,0,0,0,0,0,0,0]",0.0,0.0,0.0,0.0,"[0,1,1,1,1,1]",Public,Public
img2754,"[0,0,0,0,1,0,0,0]",0.0,0.0,0.0,0.0,"[0,1,1,1,1,1]",Public,Public
img2755,"[0,0,0,0,0,0,0,0]",0.0,0.0,0.0,0.0,"[0,1,1,1,1,1]",Public,Public
img2756,"[0,0,0,0,0,0,0,0]",0.0,0.0,0.0,0.0,"[0,1,1,1,1,1]",Public,Public
img2757,"[0,0,0,0,0,0,0,0]",0.0,0.0,0.0,0.0,"[0,1,1,1,1,0]",Public,Public
img2758,"[0,0,0,0,0,0,0,0]",0.0,0.0,0.0,0.0,"[0,1,1,1,1,1]",Public,Public
img2759,"[0,0,0,0,0,0,0,0]",0.0,0.0,0.0,0.0,"[0,1,1,1,1,1]",Public,Public
img276,"[1,0,0,0,0,0,1,0]",2.0,0.0,0.0,0.0,"[0,1,1,0,0,0]",Personal identity and sensitive information,Personal information
img2760,"[0,0,0,0,0,0,0,0]",0.0,0.0,0.0,0.0,"[0,1,1,1,1,1]",Public,Public
img2761,"[0,0,0,0,0,0,0,0]",0.0,0.0,0.0,0.0,"[0,1,1,1,1,1]",Public,Public
img2762,"[0,0,0,0,0,0,0,0]",0.0,0.0,0.0,0.0,"[0,1,1,1,1,1]",Public,Public
img2763,"[0,0,0,0,0,0,0,0]",0.0,0.0,0.0,0.0,"[0,1,1,1,1,1]",Public,Public
img2764,"[0,0,0,0,0,0,0,0]",0.0,0.0,0.0,0.0,"[0,1,1,1,1,1]",Public,Public
img2765,"[0,0,0,0,0,0,0,0]",0.0,0.0,0.0,0.0,"[0,1,1,1,1,1]",Public,Public
img2766,"[0,0,0,0,1,0,0,0]",0.0,0.0,0.0,0.0,"[0,1,1,1,1,1]",Public,Public
img2767,"[0,0,0,0,0,0,0,0]",0.0,0.0,0.0,0.0,"[0,1,1,1,1,1]",Public,Public
img2768,"[0,0,0,0,0,0,0,0]",0.0,0.0,0.0,0.0,"[0,1,1,1,1,0]",Public,Public
img2769,"[0,0,0,0,0,0,0,0]",0.0,0.0,0.0,0.0,"[0,1,1,1,1,1]",Public,Public
img277,"[1,1,0,0,1,0,0,0]",2.0,,0.0,0.0,"[0,1,1,0,0,0]",Personal identity and sensitive information,Personal information
img2770,"[0,0,0,0,0,0,0,0]",0.0,0.0,0.0,0.0,"[0,1,1,1,1,1]",Public,Public
img2771,"[0,0,0,0,0,0,0,0]",0.0,0.0,0.0,0.0,"[0,1,1,1,1,1]",Public,Public
img2772,"[0,0,0,0,0,0,0,0]",0.0,0.0,0.0,0.0,"[0,1,1,1,1,1]",Public,Public
img2773,"[0,0,0,0,0,0,0,0]",0.0,0.0,0.0,0.0,"[0,1,1,1,1,1]",Public,Public
img2774,"[0,0,0,0,0,0,0,0]",0.0,0.0,0.0,0.0,"[0,1,1,1,1,1]",Public,Public
img2775,"[0,0,0,0,0,0,0,0]",0.0,0.0,0.0,0.0,"[0,1,1,1,1,1]",Public,Public
img2776,"[0,0,0,0,0,0,0,0]",0.0,0.0,0.0,0.0,"[0,1,1,1,1,1]",Public,Public
img2777,"[0,0,0,0,0,0,0,0]",0.0,0.0,0.0,0.0,"[0,1,1,1,1,1]",Public,Public
img2778,"[0,0,0,0,0,0,0,0]",0.0,0.0,0.0,0.0,"[0,1,1,1,1,1]",Public,Public
img2779,"[0,0,0,0,1,0,0,0]",0.0,0.0,0.0,0.0,"[0,1,1,1,1,1]",Public,Public
img278,"[1,1,1,0,0,0,0,0]",2.0,1.0,0.0,0.0,"[0,1,1,1,0,0]",Personal identity and sensitive information,Personal information
img2780,"[0,0,0,0,0,0,0,0]",0.0,0.0,0.0,0.0,"[0,1,1,1,1,1]",Public,Public
img2781,"[1,0,1,0,1,0,0,1]",0.0,0.0,0.0,0.0,"[0,1,1,1,0,0]",Public,Public
img2782,"[1,0,0,0,0,0,0,0]",1.0,0.0,0.0,0.0,"[0,1,1,1,1,0]",Public,Public
img2783,"[0,0,0,0,0,0,0,1]",0.0,0.0,0.0,0.0,"[0,1,1,1,1,1]",Public,Public
img2784,"[0,0,0,0,0,0,0,0]",0.0,0.0,0.0,0.0,"[0,1,1,1,1,1]",Public,Public
img2785,"[0,0,0,0,0,0,0,0]",0.0,0.0,0.0,0.0,"[0,1,1,1,1,0]",Public,Public
img2786,"[0,0,0,0,0,0,0,0]",0.0,0.0,0.0,0.0,"[0,1,1,1,1,0]",Public,Public
img2787,"[0,0,0,0,0,0,0,0]",0.0,0.0,0.0,0.0,"[0,1,1,1,1,1]",Public,Public
img2788,"[0,0,0,0,0,0,0,0]",0.0,0.0,0.0,0.0,"[0,1,1,1,1,1]",Public,Public
img2789,"[0,0,0,0,0,0,0,0]",0.0,0.0,0.0,0.0,"[0,1,1,1,1,1]",Public,Public
img279,"[1,1,0,0,0,0,0,0]",2.0,0.0,0.0,0.0,"[0,1,1,1,0,0]",Personal identity and sensitive information,Personal information
img2790,"[0,0,0,0,1,0,0,0]",0.0,0.0,0.0,0.0,"[0,1,1,1,1,1]",Public,Public
img2791,"[0,0,0,0,0,0,0,0]",0.0,0.0,0.0,0.0,"[0,1,1,1,1,1]",Public,Public
img2792,"[0,0,0,0,0,0,0,0]",0.0,0.0,0.0,0.0,"[0,1,1,1,1,1]",Public,Public
img2793,"[0,0,0,0,0,0,0,0]",0.0,0.0,0.0,0.0,"[0,1,1,1,1,1]",Public,Public
img2794,"[0,0,1,0,0,0,0,1]",0.0,0.0,0.0,0.0,"[0,1,1,1,0,0]",Public,Public
img2795,"[0,0,0,0,0,0,0,0]",0.0,0.0,0.0,0.0,"[0,1,1,1,1,1]",Public,Public
img2796,"[0,0,0,0,1,0,0,0]",0.0,0.0,0.0,0.0,"[0,1,1,1,1,1]",Public,Public
img2797,"[0,0,0,0,0,0,0,0]",0.0,0.0,0.0,0.0,"[0,1,1,1,1,0]",Public,Public
img2798,"[0,0,0,0,0,0,0,0]",0.0,0.0,0.0,0.0,"[0,1,1,1,1,1]",Public,Public
img2799,"[0,0,0,0,0,0,0,0]",0.0,0.0,0.0,0.0,"[0,1,1,1,1,1]",Public,Public
img28,"[0,0,0,0,0,0,1,0]",0.0,2.0,2.0,0.0,"[0,0,0,0,0,0]",Risk and crime-related information,Violence/Threat
img280,"[1,0,0,0,0,0,1,0]",2.0,0.0,1.0,0.0,"[0,1,1,0,0,0]",Personal identity and sensitive information,Personal information
img2800,"[0,0,0,0,1,0,0,0]",0.0,0.0,1.0,0.0,"[0,1,1,1,1,0]",Public,Public
img2801,"[0,0,0,0,0,0,0,0]",0.0,0.0,0.0,0.0,"[0,1,1,1,1,1]",Public,Public
img2802,"[0,0,0,0,0,0,0,0]",0.0,0.0,0.0,0.0,"[0,1,1,1,1,1]",Public,Public
img2803,"[0,0,0,0,1,0,0,0]",0.0,0.0,0.0,,"[0,1,1,1,1,1]",Public,Public
img2804,"[0,0,0,0,0,0,0,0]",0.0,0.0,0.0,0.0,"[0,1,1,1,1,1]",Public,Public
img2805,"[0,0,0,0,0,0,0,0]",0.0,0.0,0.0,0.0,"[0,1,1,1,1,0]",Public,Public
img2806,"[0,0,0,0,0,0,0,0]",0.0,0.0,0.0,0.0,"[0,1,1,1,1,1]",Public,Public
img2807,"[0,0,0,0,0,0,0,0]",0.0,0.0,0.0,0.0,"[0,1,1,1,1,1]",Public,Public
img2808,"[0,0,1,0,0,0,0,1]",0.0,0.0,0.0,0.0,"[0,1,1,1,1,0]",Public,Public
img2809,"[0,0,0,0,1,0,0,0]",0.0,0.0,0.0,0.0,"[0,1,1,1,1,0]",Public,Public
img281,"[1,0,0,0,0,0,1,0]",2.0,0.0,2.0,0.0,"[0,1,1,0,0,0]",Personal identity and sensitive information,Personal information
img2810,"[0,0,0,0,1,0,0,0]",0.0,0.0,0.0,0.0,"[0,1,1,1,1,1]",Public,Public
img2811,"[1,0,0,1,1,0,0,0]",2.0,0.0,1.0,0.0,"[0,0,0,0,0,0]",Personal preferences,Hobbies/Leisure/Style
img2812,"[1,0,0,0,1,0,0,0]",2.0,0.0,0.0,0.0,"[0,1,1,0,0,0]",Personal preferences,Hobbies/Leisure/Style
img2813,"[1,0,0,1,1,0,0,0]",1.0,0.0,1.0,0.0,"[0,1,0,0,0,0]",Personal preferences,Hobbies/Leisure/Style
img2814,"[1,0,0,1,1,0,0,0]",2.0,0.0,1.0,0.0,"[0,1,1,0,0,0]",Personal preferences,Hobbies/Leisure/Style
img2815,"[1,0,0,1,1,0,0,0]",1.0,0.0,1.0,0.0,"[0,1,0,0,0,0]",Personal preferences,Hobbies/Leisure/Style
img2816,"[1,0,0,1,1,0,0,0]",2.0,0.0,1.0,0.0,"[0,1,1,0,0,0]",Personal preferences,Hobbies/Leisure/Style
img2817,"[1,0,0,1,1,0,0,0]",1.0,0.0,1.0,0.0,"[0,1,0,0,0,0]",Personal preferences,Hobbies/Leisure/Style
img2818,"[1,0,0,0,1,0,0,0]",2.0,0.0,0.0,0.0,"[0,1,1,0,0,0]",Personal preferences,Hobbies/Leisure/Style
img2819,"[1,0,0,1,1,0,0,0]",2.0,0.0,1.0,0.0,"[0,1,1,0,0,0]",Personal preferences,Hobbies/Leisure/Style
img282,"[1,0,1,0,0,0,0,0]",2.0,0.0,0.0,0.0,"[0,1,1,0,0,0]",Personal identity and sensitive information,Personal information
img2820,"[1,0,0,0,1,0,0,0]",2.0,0.0,1.0,0.0,"[0,1,1,1,0,0]",Personal preferences,Hobbies/Leisure/Style
img2821,"[1,0,0,1,0,0,0,0]",1.0,0.0,1.0,0.0,"[0,1,0,0,0,0]",Personal preferences,Hobbies/Leisure/Style
img2822,"[1,0,0,1,1,0,0,0]",1.0,0.0,1.0,0.0,"[0,1,0,0,0,0]",Personal preferences,Hobbies/Leisure/Style
img2823,"[1,0,0,1,1,0,0,0]",2.0,0.0,1.0,0.0,"[0,1,1,0,0,0]",Personal preferences,Hobbies/Leisure/Style
img2824,"[1,0,0,1,1,0,0,0]",2.0,0.0,1.0,0.0,"[0,1,0,0,0,0]",Personal preferences,Hobbies/Leisure/Style
img2825,"[1,0,0,1,1,0,0,0]",2.0,0.0,1.0,0.0,"[0,1,0,0,0,0]",Personal preferences,Hobbies/Leisure/Style
img2826,"[1,0,0,0,1,0,0,0]",2.0,0.0,0.0,0.0,"[0,1,1,0,0,0]",Personal preferences,Hobbies/Leisure/Style
img2827,"[1,0,0,1,1,0,0,0]",2.0,0.0,1.0,0.0,"[0,1,1,0,0,0]",Personal preferences,Hobbies/Leisure/Style
img2828,"[1,0,0,1,1,0,0,0]",1.0,0.0,1.0,0.0,"[0,1,0,0,0,0]",Personal preferences,Hobbies/Leisure/Style
img2829,"[1,0,0,1,1,0,0,0]",2.0,0.0,1.0,0.0,"[0,1,1,0,0,0]",Personal preferences,Hobbies/Leisure/Style
img283,"[1,0,0,0,0,0,1,0]",1.0,0.0,2.0,0.0,"[0,1,0,0,0,0]",Personal identity and sensitive information,Personal information
img2830,"[1,0,0,1,1,0,0,0]",2.0,0.0,1.0,0.0,"[0,1,1,0,0,0]",Personal preferences,Hobbies/Leisure/Style
img2831,"[1,0,0,1,1,0,0,0]",2.0,0.0,1.0,0.0,"[0,1,0,0,0,0]",Personal preferences,Hobbies/Leisure/Style
img2832,"[1,0,0,1,1,0,0,0]",2.0,0.0,1.0,0.0,"[0,1,0,0,0,0]",Personal preferences,Hobbies/Leisure/Style
img2833,"[1,0,0,1,1,0,0,0]",2.0,0.0,1.0,0.0,"[0,1,0,0,0,0]",Personal preferences,Hobbies/Leisure/Style
img2834,"[1,0,0,0,1,0,0,0]",2.0,0.0,0.0,1.0,"[0,1,1,1,0,0]",Personal preferences,Hobbies/Leisure/Style
img2835,"[0,0,0,0,1,0,0,0]",0.0,0.0,0.0,0.0,"[0,1,1,1,0,0]",Personal preferences,Hobbies/Leisure/Style
img2836,"[1,0,1,1,1,0,0,0]",1.0,0.0,1.0,0.0,"[0,1,0,0,0,0]",Personal preferences,Hobbies/Leisure/Style
img2837,"[1,0,0,1,1,0,0,0]",2.0,0.0,1.0,0.0,"[0,1,0,0,0,0]",Personal preferences,Hobbies/Leisure/Style
img2838,"[1,0,0,1,1,0,0,0]",2.0,0.0,1.0,0.0,"[0,1,1,0,0,0]",Personal preferences,Hobbies/Leisure/Style
img2839,"[1,0,0,1,1,0,0,0]",2.0,0.0,1.0,0.0,"[0,0,0,0,0,0]",Personal preferences,Hobbies/Leisure/Style
img284,"[1,0,0,0,0,0,1,0]",1.0,1.0,2.0,0.0,"[0,1,0,0,0,0]",Personal identity and sensitive information,Personal information
img2840,"[1,0,0,0,1,0,0,0]",2.0,0.0,0.0,0.0,"[0,1,1,1,0,0]",Personal preferences,Hobbies/Leisure/Style
img2841,"[1,0,0,1,1,0,0,0]",1.0,0.0,1.0,0.0,"[0,1,0,0,0,0]",Personal preferences,Hobbies/Leisure/Style
img2842,"[1,0,0,1,1,0,0,0]",2.0,0.0,1.0,0.0,"[0,1,1,0,0,0]",Personal preferences,Hobbies/Leisure/Style
img2843,"[1,0,0,1,1,0,0,0]",2.0,0.0,1.0,0.0,"[0,1,0,0,0,0]",Personal preferences,Hobbies/Leisure/Style
img2844,"[1,0,0,1,1,0,0,0]",2.0,0.0,1.0,0.0,"[0,1,0,0,0,0]",Personal preferences,Hobbies/Leisure/Style
img2845,"[1,0,0,1,1,0,0,0]",2.0,0.0,1.0,0.0,"[0,1,0,0,0,0]",Personal preferences,Hobbies/Leisure/Style
img2846,"[1,1,1,1,1,0,0,0]",,,1.0,0.0,"[0,1,0,0,0,0]",Personal preferences,Hobbies/Leisure/Style
img2847,"[1,0,0,1,1,0,0,0]",2.0,0.0,1.0,0.0,"[0,1,1,0,0,0]",Personal preferences,Hobbies/Leisure/Style
img2848,"[1,0,0,1,1,0,0,0]",1.0,1.0,1.0,0.0,"[0,1,1,0,0,0]",Personal preferences,Hobbies/Leisure/Style
img2849,"[1,0,0,0,1,0,0,0]",1.0,0.0,0.0,1.0,"[0,1,1,1,0,0]",Personal preferences,Hobbies/Leisure/Style
img285,"[1,1,1,0,0,0,0,0]",2.0,0.0,0.0,0.0,"[0,1,1,1,0,0]",Personal identity and sensitive information,Personal information
img2850,"[1,0,0,1,1,0,0,0]",2.0,0.0,1.0,0.0,"[0,1,1,0,0,0]",Personal preferences,Hobbies/Leisure/Style
img2851,"[1,0,0,0,1,0,0,0]",2.0,0.0,0.0,0.0,"[0,1,1,0,0,0]",Personal preferences,Hobbies/Leisure/Style
img2852,"[1,0,0,0,1,0,0,0]",2.0,0.0,0.0,0.0,"[0,1,1,0,0,0]",Personal preferences,Hobbies/Leisure/Style
img2853,"[1,0,0,0,0,0,0,0]",2.0,0.0,0.0,1.0,"[0,1,1,0,0,0]",Personal identity and sensitive information,Personal information
img2854,"[0,0,1,0,0,0,0,1]",0.0,0.0,0.0,1.0,"[0,1,1,1,0,0]",Personal identity and sensitive information,Personal information
img2855,"[1,1,0,0,0,0,0,0]",1.0,1.0,0.0,0.0,"[0,1,1,0,0,0]",Personal identity and sensitive information,Personal information
img2856,"[1,0,0,0,0,0,0,0]",2.0,0.0,0.0,1.0,"[0,1,1,1,0,0]",Personal identity and sensitive information,Personal information
img2857,"[0,0,1,0,0,0,0,0]",0.0,0.0,0.0,0.0,"[0,1,1,1,1,0]",Personal identity and sensitive information,Personal information
img2858,"[0,0,0,0,0,0,0,1]",0.0,0.0,0.0,0.0,"[0,1,1,1,0,0]",Personal identity and sensitive information,Personal information
img2859,"[1,0,0,0,0,0,0,0]",2.0,0.0,1.0,0.0,"[0,1,0,0,0,0]",Personal identity and sensitive information,Personal information
img286,"[1,0,1,0,0,0,0,0]",2.0,2.0,0.0,0.0,"[0,1,1,1,0,0]",Personal identity and sensitive information,Personal information
img2860,"[1,0,0,0,0,0,0,0]",2.0,0.0,0.0,0.0,"[0,1,1,1,0,0]",Personal identity and sensitive information,Personal information
img2861,"[0,0,1,0,0,0,0,0]",0.0,2.0,1.0,0.0,"[0,1,0,0,0,0]",Personal identity and sensitive information,Personal information
img2862,"[1,1,1,0,0,0,0,0]",2.0,1.0,0.0,0.0,"[0,1,1,1,0,0]",Personal identity and sensitive information,Personal information
img2863,"[1,0,0,0,0,0,1,0]",1.0,0.0,2.0,0.0,"[0,0,0,0,0,0]",Personal identity and sensitive information,Personal information
img2864,"[0,0,0,0,0,0,0,1]",0.0,0.0,0.0,0.0,"[0,1,0,0,0,0]",Personal identity and sensitive information,Personal information
img2865,"[1,0,1,0,0,0,0,0]",2.0,0.0,0.0,1.0,"[0,1,1,0,0,0]",Personal identity and sensitive information,Personal information
img2866,"[1,0,1,0,0,0,0,0]",2.0,1.0,1.0,0.0,"[0,1,0,0,0,0]",Personal identity and sensitive information,Personal information
img2867,"[1,0,0,0,0,0,0,0]",2.0,0.0,0.0,0.0,"[0,1,1,0,0,0]",Personal identity and sensitive information,Personal information
img2868,"[1,0,1,0,0,0,0,0]",2.0,0.0,0.0,1.0,"[0,1,1,0,0,0]",Personal identity and sensitive information,Personal information
img2869,"[1,0,0,0,0,0,0,0]",2.0,0.0,0.0,0.0,"[0,1,1,1,0,0]",Personal identity and sensitive information,Personal information
img287,"[1,1,0,0,0,0,0,0]",1.0,0.0,1.0,0.0,"[0,1,1,0,0,0]",Personal identity and sensitive information,Personal information
img2870,"[1,0,0,0,0,0,0,0]",2.0,0.0,0.0,0.0,"[0,1,1,1,0,0]",Personal identity and sensitive information,Personal information
img2871,"[1,0,0,0,1,0,0,1]",0.0,0.0,0.0,0.0,"[0,1,1,0,0,0]",Personal identity and sensitive information,Personal information
img2872,"[1,0,1,0,0,0,0,0]",2.0,0.0,0.0,0.0,"[0,1,1,0,0,0]",Personal identity and sensitive information,Personal information
img2873,"[0,0,1,0,0,0,0,0]",0.0,0.0,0.0,0.0,"[0,1,1,1,1,0]",Personal identity and sensitive information,Personal information
img2874,"[1,0,1,0,0,0,0,0]",2.0,0.0,0.0,1.0,"[0,1,1,0,0,0]",Personal identity and sensitive information,Personal information
img2875,"[0,0,1,0,0,0,0,0]",0.0,0.0,0.0,0.0,"[0,1,1,0,0,0]",Personal identity and sensitive information,Personal information
img2876,"[1,0,1,0,0,0,0,0]",2.0,0.0,0.0,1.0,"[0,1,1,0,0,0]",Personal identity and sensitive information,Personal information
img2877,"[0,0,1,0,0,0,0,0]",0.0,0.0,0.0,0.0,"[0,1,1,0,0,0]",Personal identity and sensitive information,Personal information
img2878,"[0,0,0,0,0,0,0,0]",0.0,0.0,0.0,0.0,"[0,1,1,1,0,0]",Personal identity and sensitive information,Personal information
img2879,"[1,0,0,0,0,0,0,0]",1.0,0.0,0.0,1.0,"[0,1,1,0,0,0]",Personal identity and sensitive information,Personal information
img288,"[1,1,0,0,0,0,0,0]",2.0,0.0,0.0,0.0,"[0,1,1,0,0,0]",Personal identity and sensitive information,Personal information
img2880,"[1,0,0,0,0,0,0,0]",2.0,0.0,0.0,1.0,"[0,0,0,0,0,0]",Personal identity and sensitive information,Personal information
img2881,"[1,0,1,0,0,0,0,0]",2.0,0.0,0.0,0.0,"[0,1,1,1,0,0]",Personal identity and sensitive information,Personal information
img2882,"[0,0,1,0,0,0,0,1]",0.0,0.0,0.0,0.0,"[0,1,1,0,0,0]",Personal identity and sensitive information,Personal information
img2883,"[1,0,1,1,1,0,0,0]",2.0,1.0,0.0,0.0,"[0,1,1,1,0,0]",Location information,Public facilities
img2884,"[1,0,0,0,1,0,0,0]",2.0,0.0,0.0,0.0,"[0,1,1,1,0,0]",Location information,Public facilities
img2885,"[1,1,0,0,1,0,0,0]",2.0,0.0,0.0,0.0,"[0,1,1,0,0,0]",Location information,Public facilities
img2886,"[1,0,1,1,1,0,0,0]",2.0,0.0,1.0,0.0,"[0,1,0,0,0,0]",Location information,Public facilities
img2887,"[1,0,0,0,1,0,0,0]",2.0,0.0,0.0,0.0,"[0,1,1,1,0,0]",Location information,Public facilities
img2888,"[1,0,0,1,1,0,0,0]",2.0,0.0,1.0,0.0,"[0,1,1,0,0,0]",Location information,Public facilities
img2889,"[0,0,1,1,0,0,0,0]",0.0,0.0,1.0,,"[0,1,0,0,0,0]",Location information,Public facilities
img289,"[1,0,0,0,0,0,0,0]",2.0,0.0,0.0,0.0,"[0,1,1,1,0,0]",Personal identity and sensitive information,Personal information
img2890,"[1,0,0,1,1,0,0,0]",2.0,0.0,1.0,0.0,"[0,1,1,0,0,0]",Location information,Public facilities
img2891,"[1,0,1,0,1,0,0,0]",2.0,0.0,0.0,0.0,"[0,1,1,1,0,0]",Location information,Public facilities
img2892,"[1,0,0,0,1,0,0,0]",2.0,0.0,0.0,0.0,"[0,1,1,1,0,0]",Location information,Public facilities
img2893,"[0,0,0,0,0,0,0,0]",0.0,0.0,0.0,0.0,"[0,1,1,1,0,0]",Location information,Public facilities
img2894,"[1,0,0,0,1,0,0,1]",1.0,0.0,0.0,0.0,"[0,1,1,1,0,0]",Location information,Public facilities
img2895,"[1,0,0,0,1,0,0,0]",2.0,0.0,0.0,0.0,"[0,1,1,1,0,0]",Location information,Public facilities
img2896,"[1,1,1,0,1,0,0,0]",2.0,0.0,0.0,0.0,"[0,1,1,1,0,0]",Location information,Public facilities
img2897,"[1,0,0,1,1,0,0,0]",2.0,0.0,1.0,1.0,"[0,1,0,0,0,0]",Location information,Public facilities
img2898,"[0,0,0,0,1,1,0,0]",0.0,1.0,0.0,0.0,"[0,1,1,1,1,0]",Location information,Public facilities
img2899,"[1,0,1,0,0,0,0,0]",2.0,0.0,0.0,0.0,"[0,1,1,1,0,0]",Location information,Public facilities
img29,"[0,0,0,0,1,0,1,0]",0.0,1.0,2.0,0.0,"[0,1,0,0,0,0]",Risk and crime-related information,Violence/Threat
img290,"[1,0,0,0,0,0,1,0]",1.0,1.0,2.0,0.0,"[0,1,0,0,0,0]",Personal identity and sensitive information,Personal information
img2900,"[1,0,1,0,1,0,0,0]",2.0,0.0,0.0,0.0,"[0,1,1,1,0,0]",Location information,Public facilities
img2901,"[1,1,1,0,1,0,0,0]",2.0,0.0,0.0,0.0,"[0,1,1,0,0,0]",Location information,Public facilities
img2902,"[1,0,1,0,1,0,0,0]",1.0,0.0,0.0,0.0,"[0,1,1,1,0,0]",Location information,Public facilities
img2903,"[1,1,1,0,1,0,0,0]",2.0,0.0,0.0,1.0,"[0,1,1,1,0,0]",Location information,Public facilities
img2904,"[0,0,0,0,1,0,0,0]",0.0,1.0,1.0,0.0,"[0,1,1,0,0,0]",Personal preferences,Private activities
img2905,"[1,1,0,0,1,0,0,0]",2.0,0.0,1.0,0.0,"[0,1,1,0,0,0]",Personal preferences,Private activities
img2906,"[1,0,0,0,0,1,1,0]",1.0,1.0,2.0,0.0,"[0,1,0,0,0,0]",Personal preferences,Private activities
img2907,"[0,0,0,0,1,0,0,0]",0.0,0.0,1.0,0.0,"[0,1,1,1,0,0]",Personal preferences,Private activities
img2908,"[0,0,0,0,1,0,0,0]",0.0,1.0,1.0,0.0,"[0,1,1,1,0,0]",Personal preferences,Private activities
img2909,"[0,0,0,0,0,0,1,0]",0.0,1.0,2.0,0.0,"[0,1,0,0,0,0]",Personal preferences,Private activities
img291,"[1,0,1,0,0,0,0,0]",2.0,0.0,0.0,0.0,"[0,1,1,0,0,0]",Personal identity and sensitive information,Personal information
img2910,"[0,0,0,0,1,0,0,1]",0.0,0.0,1.0,0.0,"[0,1,1,1,0,0]",Personal preferences,Private activities
img2911,"[0,0,0,0,1,0,0,0]",0.0,0.0,1.0,0.0,"[0,1,1,0,0,0]",Personal preferences,Private activities
img2912,"[1,1,1,0,1,0,0,0]",2.0,1.0,1.0,0.0,"[0,1,1,0,0,0]",Personal preferences,Private activities
img2913,"[1,0,1,0,0,0,0,0]",2.0,0.0,1.0,0.0,"[0,1,0,0,0,0]",Personal preferences,Private activities
img2914,"[0,0,0,0,1,0,0,0]",0.0,0.0,1.0,0.0,"[0,1,1,1,0,0]",Personal preferences,Private activities
img2915,"[1,1,0,0,1,0,0,0]",2.0,0.0,1.0,0.0,"[0,1,1,1,0,0]",Personal preferences,Private activities
img2916,"[1,1,0,0,1,0,0,0]",2.0,0.0,1.0,0.0,"[0,1,1,1,0,0]",Personal preferences,Private activities
img2917,"[1,0,0,0,1,0,0,0]",2.0,0.0,1.0,0.0,"[0,1,1,0,0,0]",Personal preferences,Private activities
img2918,"[1,0,0,0,1,0,0,0]",0.0,1.0,1.0,0.0,"[0,1,1,0,0,0]",Personal preferences,Private activities
img2919,"[0,0,0,0,1,0,0,0]",0.0,0.0,1.0,0.0,"[0,1,1,1,0,0]",Personal preferences,Private activities
img292,"[1,0,0,0,0,0,0,0]",2.0,1.0,0.0,0.0,"[0,1,1,0,0,0]",Personal identity and sensitive information,Personal information
img2920,"[1,1,0,0,1,0,0,0]",2.0,0.0,1.0,0.0,"[0,1,1,0,0,0]",Personal preferences,Private activities
img2921,"[1,0,0,0,1,0,0,0]",2.0,0.0,1.0,0.0,"[0,1,1,1,0,0]",Personal preferences,Private activities
img2922,"[1,0,0,0,1,0,0,0]",2.0,0.0,1.0,0.0,"[0,1,1,0,0,0]",Personal preferences,Private activities
img2923,"[1,1,0,0,1,0,0,0]",2.0,0.0,1.0,0.0,"[0,1,1,0,0,0]",Personal preferences,Private activities
img2924,"[1,0,0,0,1,0,0,0]",2.0,0.0,1.0,0.0,"[0,1,1,0,0,0]",Personal preferences,Private activities
img2925,"[0,0,0,0,1,0,0,0]",0.0,0.0,1.0,0.0,"[0,1,1,0,0,0]",Personal preferences,Private activities
img2926,"[1,0,0,0,1,0,0,0]",2.0,0.0,1.0,0.0,"[0,1,1,1,0,0]",Personal preferences,Private activities
img2927,"[0,0,0,0,1,0,0,0]",0.0,0.0,1.0,0.0,"[0,1,1,1,0,0]",Personal preferences,Private activities
img2928,"[0,0,0,0,1,0,0,0]",0.0,0.0,1.0,0.0,"[0,1,1,0,0,0]",Personal preferences,Private activities
img2929,"[0,0,0,0,0,1,0,0]",0.0,1.0,1.0,0.0,"[0,1,1,0,0,0]",Socio-cultural sensitive information,Religion/Culture
img293,"[1,0,1,0,0,0,0,0]",2.0,0.0,0.0,0.0,"[0,1,1,0,0,0]",Personal identity and sensitive information,Personal information
img2930,"[0,0,1,0,0,1,0,1]",0.0,1.0,0.0,0.0,"[0,1,1,0,0,0]",Socio-cultural sensitive information,Religion/Culture
img2931,"[0,0,0,0,0,0,0,1]",0.0,0.0,0.0,0.0,"[0,1,1,1,1,0]",Socio-cultural sensitive information,Religion/Culture
img2932,"[0,0,1,0,0,1,0,0]",0.0,1.0,1.0,0.0,"[0,1,1,0,0,0]",Socio-cultural sensitive information,Religion/Culture
img2933,"[0,0,0,0,0,1,0,0]",0.0,1.0,1.0,0.0,"[0,1,1,1,0,0]",Socio-cultural sensitive information,Religion/Culture
img2934,"[0,0,0,0,0,1,0,1]",0.0,1.0,1.0,0.0,"[0,1,1,0,0,0]",Socio-cultural sensitive information,Religion/Culture
img2935,"[0,0,0,0,0,1,0,0]",0.0,1.0,1.0,0.0,"[0,1,1,0,0,0]",Socio-cultural sensitive information,Religion/Culture
img2936,"[0,0,1,0,0,1,0,0]",0.0,1.0,1.0,0.0,"[0,1,0,0,0,0]",Socio-cultural sensitive information,Religion/Culture
img2937,"[0,0,1,0,0,1,0,0]",0.0,1.0,1.0,0.0,"[0,1,0,0,0,0]",Socio-cultural sensitive information,Religion/Culture
img2938,"[0,0,1,0,0,1,0,0]",0.0,1.0,0.0,0.0,"[0,1,1,1,0,0]",Socio-cultural sensitive information,Religion/Culture
img2939,"[0,0,0,0,0,1,0,0]",0.0,1.0,1.0,0.0,"[0,1,1,1,0,0]",Socio-cultural sensitive information,Religion/Culture
img294,"[1,0,0,0,0,0,1,0]",1.0,0.0,2.0,0.0,"[0,1,0,0,0,0]",Personal identity and sensitive information,Personal information
img2940,"[0,0,1,0,0,1,0,0]",0.0,1.0,1.0,0.0,"[0,1,1,1,0,0]",Socio-cultural sensitive information,Religion/Culture
img2941,"[0,0,0,0,0,1,0,0]",0.0,1.0,1.0,0.0,"[0,1,1,0,0,0]",Socio-cultural sensitive information,Religion/Culture
img2942,"[0,0,0,0,0,1,0,0]",0.0,1.0,1.0,0.0,"[0,1,1,1,0,0]",Socio-cultural sensitive information,Religion/Culture
img2943,"[1,0,1,0,0,0,0,0]",1.0,2.0,1.0,0.0,"[0,1,0,0,0,0]",Personal identity and sensitive information,Personal information
img2944,"[1,0,0,0,0,0,0,0]",2.0,0.0,0.0,1.0,"[0,1,0,0,0,0]",Personal identity and sensitive information,Personal information
img2945,"[1,0,0,0,0,0,0,0]",1.0,0.0,0.0,1.0,"[0,1,0,0,0,0]",Personal identity and sensitive information,Personal information
img2946,"[1,0,0,0,0,0,0,0]",2.0,0.0,0.0,0.0,"[0,1,0,0,0,0]",Personal identity and sensitive information,Personal information
img2947,"[1,0,1,0,0,0,0,0]",1.0,0.0,0.0,1.0,"[0,1,0,0,0,0]",Personal identity and sensitive information,Personal information
img2948,"[1,0,0,0,0,0,0,0]",2.0,0.0,0.0,0.0,"[0,1,0,0,0,0]",Personal identity and sensitive information,Personal information
img2949,"[1,0,0,0,0,0,0,0]",1.0,0.0,0.0,0.0,"[0,1,0,0,0,0]",Personal identity and sensitive information,Personal information
img295,"[1,0,0,0,0,0,1,0]",1.0,2.0,2.0,0.0,"[0,1,0,0,0,0]",Personal identity and sensitive information,Personal information
img2950,"[1,0,0,0,0,0,0,0]",2.0,0.0,0.0,0.0,"[0,1,0,0,0,0]",Personal identity and sensitive information,Personal information
img2951,"[1,0,0,0,0,0,0,0]",1.0,0.0,0.0,1.0,"[0,1,0,0,0,0]",Personal identity and sensitive information,Personal information
img2952,"[1,0,0,0,0,0,0,0]",1.0,0.0,0.0,1.0,"[0,1,0,0,0,0]",Personal identity and sensitive information,Personal information
img2953,"[1,0,0,0,0,0,0,0]",1.0,0.0,0.0,1.0,"[0,1,0,0,0,0]",Personal identity and sensitive information,Personal information
img2954,"[1,0,0,0,0,0,0,0]",2.0,0.0,0.0,0.0,"[0,1,0,0,0,0]",Personal identity and sensitive information,Personal information
img2955,"[1,0,0,0,0,0,0,0]",1.0,0.0,0.0,1.0,"[0,1,0,0,0,0]",Personal identity and sensitive information,Personal information
img2956,"[1,0,0,0,0,0,0,0]",0.0,0.0,0.0,1.0,"[0,0,0,0,0,0]",Personal identity and sensitive information,Personal information
img2957,"[1,0,1,0,0,0,0,0]",2.0,0.0,0.0,0.0,"[0,1,0,0,0,0]",Personal identity and sensitive information,Personal information
img2958,"[1,0,0,0,0,0,0,0]",1.0,0.0,0.0,0.0,"[0,1,0,0,0,0]",Personal identity and sensitive information,Personal information
img2959,"[1,0,0,1,0,0,0,0]",2.0,0.0,1.0,0.0,"[0,0,0,0,0,0]",Personal identity and sensitive information,Personal information
img296,"[1,0,0,0,0,0,1,0]",2.0,1.0,2.0,0.0,"[0,1,0,0,0,0]",Personal identity and sensitive information,Personal information
img2960,"[1,0,0,0,0,0,0,0]",1.0,0.0,0.0,1.0,"[0,0,0,0,0,0]",Personal identity and sensitive information,Personal information
img2961,"[1,0,0,0,0,0,0,0]",1.0,0.0,0.0,0.0,"[0,1,0,0,0,0]",Personal identity and sensitive information,Personal information
img2962,"[1,0,0,0,0,0,0,0]",1.0,0.0,0.0,0.0,"[0,1,0,0,0,0]",Personal identity and sensitive information,Personal information
img2963,"[1,0,0,0,0,0,0,0]",1.0,0.0,0.0,0.0,"[0,1,0,0,0,0]",Personal identity and sensitive information,Personal information
img2964,"[1,0,0,0,0,0,0,0]",2.0,0.0,0.0,1.0,"[0,1,0,0,0,0]",Personal identity and sensitive information,Personal information
img2965,"[1,0,0,0,0,0,0,0]",1.0,0.0,0.0,1.0,"[0,1,0,0,0,0]",Personal identity and sensitive information,Personal information
img2966,"[1,0,0,0,0,0,0,0]",1.0,0.0,1.0,0.0,"[0,1,0,0,0,0]",Personal identity and sensitive information,Personal information
img2967,"[1,0,0,0,0,0,0,0]",1.0,0.0,0.0,1.0,"[0,1,0,0,0,0]",Personal identity and sensitive information,Personal information
img2968,"[1,0,0,0,0,0,0,0]",1.0,0.0,0.0,0.0,"[0,1,0,0,0,0]",Personal identity and sensitive information,Personal information
img2969,"[1,0,0,0,0,0,0,0]",1.0,0.0,0.0,0.0,"[0,1,0,0,0,0]",Personal identity and sensitive information,Personal information
img297,"[1,1,1,0,0,0,1,0]",2.0,0.0,1.0,0.0,"[0,1,0,0,0,0]",Personal identity and sensitive information,Personal information
img2970,"[1,0,0,0,0,0,0,0]",1.0,0.0,1.0,0.0,"[0,1,0,0,0,0]",Personal identity and sensitive information,Personal information
img2971,"[1,0,0,0,0,0,0,0]",1.0,0.0,0.0,0.0,"[0,1,0,0,0,0]",Personal identity and sensitive information,Personal information
img2972,"[1,0,1,0,0,0,0,0]",1.0,0.0,0.0,0.0,"[0,1,0,0,0,0]",Personal identity and sensitive information,Personal information
img2973,"[0,0,0,0,0,0,0,0]",0.0,0.0,0.0,0.0,"[0,1,1,1,1,0]",Personal identity and sensitive information,Personal information
img2974,"[1,0,0,0,0,0,0,0]",2.0,0.0,0.0,0.0,"[0,1,1,1,0,0]",Personal identity and sensitive information,Personal information
img2975,"[1,0,0,0,1,0,0,0]",2.0,0.0,0.0,0.0,"[0,1,1,0,0,0]",Personal identity and sensitive information,Personal information
img2976,"[1,0,0,0,0,0,0,0]",2.0,0.0,0.0,0.0,"[0,1,1,1,0,0]",Personal identity and sensitive information,Personal information
img2977,"[1,0,0,0,0,0,0,0]",2.0,0.0,0.0,0.0,"[0,1,1,0,0,0]",Personal identity and sensitive information,Personal information
img2978,"[1,0,0,0,0,0,0,0]",2.0,0.0,1.0,0.0,"[0,1,1,0,0,0]",Personal identity and sensitive information,Personal information
img2979,"[0,0,0,0,0,0,0,1]",0.0,0.0,0.0,0.0,"[0,1,1,1,0,0]",Personal identity and sensitive information,Personal information
img298,"[1,1,0,0,0,0,0,0]",2.0,0.0,0.0,0.0,"[0,1,1,1,0,0]",Personal identity and sensitive information,Personal information
img2980,"[1,0,0,0,1,0,0,0]",1.0,0.0,1.0,0.0,"[0,1,1,0,0,0]",Personal identity and sensitive information,Personal information
img2981,"[1,0,0,0,0,0,0,0]",2.0,0.0,0.0,0.0,"[0,1,1,0,0,0]",Personal identity and sensitive information,Personal information
img2982,"[1,0,0,0,0,0,0,0]",2.0,0.0,0.0,0.0,"[0,1,1,0,0,0]",Personal identity and sensitive information,Personal information
img2983,"[1,0,0,0,0,0,0,0]",2.0,0.0,0.0,0.0,"[0,1,1,0,0,0]",Personal identity and sensitive information,Personal information
img2984,"[1,0,0,0,0,0,0,0]",2.0,0.0,0.0,0.0,"[0,1,1,0,0,0]",Personal identity and sensitive information,Personal information
img2985,"[1,0,0,0,0,0,0,0]",2.0,0.0,0.0,0.0,"[0,1,0,0,0,0]",Personal identity and sensitive information,Personal information
img2986,"[1,0,0,0,0,0,0,0]",2.0,0.0,0.0,0.0,"[0,1,1,0,0,0]",Personal identity and sensitive information,Personal information
img2987,"[1,0,0,0,0,0,0,0]",2.0,0.0,0.0,0.0,"[0,1,1,0,0,0]",Personal identity and sensitive information,Personal information
img2988,"[1,0,0,0,0,0,0,0]",2.0,0.0,0.0,0.0,"[0,1,1,0,0,0]",Personal identity and sensitive information,Personal information
img2989,"[0,0,0,0,0,0,0,1]",0.0,0.0,0.0,0.0,"[0,1,1,0,0,0]",Personal identity and sensitive information,Personal information
img299,"[1,1,1,0,0,0,0,0]",2.0,2.0,0.0,0.0,"[0,1,1,0,0,0]",Personal identity and sensitive information,Personal information
img2990,"[1,0,0,0,0,0,0,0]",2.0,0.0,0.0,1.0,"[0,1,1,1,0,0]",Personal identity and sensitive information,Personal information
img2991,"[0,0,0,0,0,0,0,1]",0.0,0.0,0.0,1.0,"[0,1,1,1,0,0]",Personal identity and sensitive information,Personal information
img2992,"[0,0,0,0,0,0,0,1]",0.0,0.0,0.0,1.0,"[0,1,1,1,0,0]",Personal identity and sensitive information,Personal information
img2993,"[1,0,1,0,0,0,0,0]",2.0,0.0,0.0,0.0,"[0,1,0,0,0,0]",Personal identity and sensitive information,Personal information
img2994,"[0,0,0,0,0,0,0,0]",0.0,0.0,0.0,0.0,"[0,1,1,1,1,0]",Personal identity and sensitive information,Personal information
img2995,"[1,0,1,0,0,0,0,0]",2.0,0.0,0.0,0.0,"[0,1,0,0,0,0]",Personal identity and sensitive information,Personal information
img2996,"[1,0,0,0,1,0,0,0]",2.0,0.0,1.0,1.0,"[0,1,1,0,0,0]",Personal identity and sensitive information,Personal information
img2997,"[1,0,0,0,0,0,0,0]",2.0,0.0,0.0,0.0,"[0,1,1,0,0,0]",Personal identity and sensitive information,Personal information
img2998,"[1,0,0,0,0,0,0,0]",2.0,0.0,0.0,0.0,"[0,1,1,0,0,0]",Personal identity and sensitive information,Personal information
img2999,"[1,0,0,0,0,0,0,0]",2.0,0.0,0.0,0.0,"[0,1,1,0,0,0]",Personal identity and sensitive information,Personal information
img3,"[1,0,1,0,1,0,0,0]",2.0,1.0,1.0,0.0,"[0,1,1,0,0,0]",Location information,Public facilities
img30,"[1,0,0,0,0,0,1,0]",2.0,2.0,2.0,0.0,"[0,1,0,0,0,0]",Risk and crime-related information,Violence/Threat
img300,"[1,0,0,0,0,0,0,0]",2.0,0.0,0.0,0.0,"[0,1,1,1,0,0]",Personal identity and sensitive information,Personal information
img3000,"[1,0,0,0,0,0,0,0]",2.0,0.0,0.0,0.0,"[0,1,1,0,0,0]",Personal identity and sensitive information,Personal information
img3001,"[1,0,0,0,0,0,0,0]",2.0,0.0,0.0,0.0,"[0,1,0,0,0,0]",Personal identity and sensitive information,Personal information
img3002,"[1,0,0,0,0,0,0,0]",2.0,0.0,0.0,1.0,"[0,1,1,0,0,0]",Personal identity and sensitive information,Personal information
img3003,"[1,0,0,0,0,0,0,0]",2.0,0.0,0.0,0.0,"[0,1,1,1,0,0]",Personal identity and sensitive information,Personal information
img3004,"[1,0,0,0,0,0,0,0]",2.0,0.0,0.0,0.0,"[0,1,1,0,0,0]",Personal identity and sensitive information,Personal information
img3005,"[0,0,1,0,0,0,0,1]",0.0,0.0,0.0,0.0,"[0,1,1,0,0,0]",Personal identity and sensitive information,Personal information
img3006,"[1,0,0,0,1,0,0,0]",2.0,0.0,1.0,0.0,"[0,1,0,0,0,0]",Personal identity and sensitive information,Personal information
img3007,"[0,0,0,0,1,0,0,1]",0.0,0.0,0.0,0.0,"[0,1,1,1,0,0]",Personal identity and sensitive information,Personal information
img3008,"[1,0,0,0,0,0,0,0]",2.0,0.0,0.0,0.0,"[0,1,1,0,0,0]",Personal identity and sensitive information,Personal information
img3009,"[1,0,0,0,0,0,0,0]",1.0,0.0,0.0,0.0,"[0,1,1,0,0,0]",Personal identity and sensitive information,Personal information
img301,"[1,0,0,0,0,0,1,0]",2.0,0.0,1.0,0.0,"[0,1,0,0,0,0]",Personal identity and sensitive information,Personal information
img3010,"[1,0,0,0,0,0,0,0]",2.0,0.0,0.0,0.0,"[0,1,1,0,0,0]",Personal identity and sensitive information,Personal information
img3011,"[0,0,0,0,0,0,0,1]",0.0,0.0,0.0,1.0,"[0,1,1,1,0,0]",Personal identity and sensitive information,Personal information
img3012,"[1,0,0,0,1,0,0,0]",2.0,0.0,0.0,0.0,"[0,1,0,0,0,0]",Personal identity and sensitive information,Personal information
img3013,"[0,0,0,0,0,0,0,1]",0.0,0.0,0.0,0.0,"[0,1,1,1,0,0]",Personal identity and sensitive information,Personal information
img3014,"[0,0,0,0,0,0,0,0]",0.0,0.0,0.0,0.0,"[0,1,1,1,0,0]",Personal identity and sensitive information,Personal information
img3015,"[1,0,0,0,0,0,0,0]",2.0,0.0,0.0,1.0,"[0,1,0,0,0,0]",Personal identity and sensitive information,Personal information
img3016,"[1,0,0,0,1,0,0,0]",2.0,0.0,1.0,0.0,"[0,1,0,0,0,0]",Personal identity and sensitive information,Personal information
img3017,"[1,0,0,0,0,0,0,0]",2.0,0.0,0.0,0.0,"[0,1,0,0,0,0]",Personal identity and sensitive information,Personal information
img3018,"[0,0,0,0,0,0,0,0]",0.0,0.0,0.0,0.0,"[0,1,1,0,0,0]",Personal identity and sensitive information,Personal information
img3019,"[1,0,1,0,0,0,0,0]",2.0,0.0,0.0,0.0,"[0,1,1,0,0,0]",Personal identity and sensitive information,Personal information
img302,"[1,0,1,0,0,0,1,0]",2.0,2.0,1.0,0.0,"[0,1,1,0,0,0]",Personal identity and sensitive information,Personal information
img3020,"[1,0,0,0,0,0,0,0]",1.0,0.0,0.0,0.0,"[0,1,1,1,0,0]",Personal identity and sensitive information,Personal information
img3021,"[1,0,0,0,0,0,0,0]",2.0,0.0,0.0,0.0,"[0,1,0,0,0,0]",Personal identity and sensitive information,Personal information
img3022,"[1,0,0,0,0,0,0,0]",1.0,0.0,0.0,0.0,"[0,1,1,0,0,0]",Personal identity and sensitive information,Personal information
img3023,"[0,0,0,0,0,0,0,0]",0.0,0.0,0.0,0.0,"[0,1,1,0,0,0]",Personal identity and sensitive information,Personal information
img3024,"[0,0,0,0,0,0,0,1]",0.0,0.0,0.0,0.0,"[0,1,1,0,0,0]",Personal identity and sensitive information,Personal information
img3025,"[1,0,0,0,0,0,0,0]",2.0,0.0,0.0,1.0,"[0,1,1,0,0,0]",Personal identity and sensitive information,Personal information
img3026,"[1,1,0,0,0,1,0,0]",2.0,2.0,1.0,0.0,"[0,1,0,0,0,0]",Personal identity and sensitive information,Family events
img3027,"[1,0,0,0,0,1,0,0]",2.0,2.0,1.0,0.0,"[0,1,0,0,0,0]",Personal identity and sensitive information,Family events
img3028,"[0,0,0,0,0,1,0,0]",0.0,0.0,1.0,0.0,"[0,1,0,0,0,0]",Personal identity and sensitive information,Family events
img3029,"[1,0,0,0,0,1,0,0]",2.0,2.0,1.0,0.0,"[0,1,0,0,0,0]",Personal identity and sensitive information,Family events
img303,"[0,0,0,0,0,1,1,0]",0.0,2.0,1.0,0.0,"[0,1,0,0,0,0]",Personal identity and sensitive information,Personal information
img3030,"[1,1,1,0,0,1,0,0]",2.0,2.0,1.0,0.0,"[0,1,0,0,0,0]",Personal identity and sensitive information,Family events
img3031,"[0,0,0,0,0,1,0,0]",0.0,2.0,1.0,0.0,"[0,1,0,0,0,0]",Personal identity and sensitive information,Family events
img3032,"[1,0,0,0,0,1,0,0]",2.0,2.0,1.0,0.0,"[0,1,0,0,0,0]",Personal identity and sensitive information,Family events
img3033,"[0,0,0,0,0,1,0,0]",0.0,2.0,1.0,0.0,"[0,1,0,0,0,0]",Personal identity and sensitive information,Family events
img3034,"[0,0,1,0,0,1,0,0]",0.0,2.0,1.0,0.0,"[0,1,0,0,0,0]",Personal identity and sensitive information,Family events
img3035,"[1,1,0,0,0,1,0,0]",2.0,2.0,1.0,0.0,"[0,1,0,0,0,0]",Personal identity and sensitive information,Family events
img3036,"[1,1,0,0,0,1,0,0]",2.0,2.0,1.0,0.0,"[0,1,0,0,0,0]",Personal identity and sensitive information,Family events
img3037,"[0,0,1,0,0,0,0,0]",0.0,2.0,1.0,0.0,"[0,1,1,0,0,0]",Personal identity and sensitive information,Family events
img3038,"[1,0,0,0,0,1,0,0]",2.0,2.0,1.0,0.0,"[0,1,0,0,0,0]",Personal identity and sensitive information,Family events
img3039,"[1,0,0,0,0,0,0,0]",2.0,0.0,0.0,0.0,"[0,1,1,1,0,0]",Personal identity and sensitive information,Family events
img304,"[1,0,0,0,0,0,0,0]",1.0,0.0,0.0,0.0,"[0,1,1,1,0,0]",Personal identity and sensitive information,Personal information
img3040,"[0,1,0,0,0,1,0,0]",0.0,2.0,1.0,0.0,"[0,0,0,0,0,0]",Personal identity and sensitive information,Family events
img3041,"[1,1,1,0,0,1,0,0]",2.0,2.0,1.0,1.0,"[0,1,0,0,0,0]",Personal identity and sensitive information,Family events
img3042,"[0,0,0,0,0,1,0,0]",0.0,2.0,1.0,0.0,"[0,1,0,0,0,0]",Personal identity and sensitive information,Family events
img3043,"[1,1,1,0,0,1,0,0]",2.0,2.0,1.0,0.0,"[0,1,0,0,0,0]",Personal identity and sensitive information,Family events
img3044,"[1,1,0,0,0,1,0,0]",2.0,2.0,1.0,0.0,"[0,1,1,0,0,0]",Personal identity and sensitive information,Family events
img3045,"[1,0,0,0,0,1,0,0]",1.0,2.0,1.0,0.0,"[0,1,0,0,0,0]",Personal identity and sensitive information,Family events
img3046,"[1,1,0,0,0,1,0,0]",2.0,2.0,1.0,0.0,"[0,1,0,0,0,0]",Personal identity and sensitive information,Family events
img3047,"[0,0,1,0,0,0,0,0]",0.0,2.0,1.0,0.0,"[0,1,0,0,0,0]",Personal identity and sensitive information,Family events
img3048,"[1,0,0,0,0,1,0,0]",2.0,2.0,1.0,0.0,"[0,1,0,0,0,0]",Personal identity and sensitive information,Family events
img3049,"[0,0,1,0,0,1,0,0]",0.0,2.0,1.0,0.0,"[0,1,0,0,0,0]",Personal identity and sensitive information,Family events
img305,"[1,0,0,0,0,0,0,0]",2.0,0.0,0.0,0.0,"[0,1,1,1,0,0]",Personal identity and sensitive information,Personal information
img3050,"[1,0,0,0,0,1,0,0]",2.0,2.0,1.0,0.0,"[0,1,0,0,0,0]",Personal identity and sensitive information,Family events
img3051,"[1,0,1,0,0,1,0,0]",1.0,2.0,1.0,0.0,"[0,1,0,0,0,0]",Personal identity and sensitive information,Family events
img3052,"[0,0,0,0,0,1,0,0]",0.0,2.0,1.0,0.0,"[0,1,0,0,0,0]",Personal identity and sensitive information,Family events
img3053,"[1,1,0,0,0,1,0,0]",2.0,2.0,2.0,0.0,"[0,0,0,0,0,0]",Personal identity and sensitive information,Family events
img3054,"[0,1,0,0,1,0,0,1]",0.0,2.0,2.0,0.0,"[0,1,0,0,0,0]",Personal identity and sensitive information,Family events
img3055,"[1,0,1,0,0,1,0,0]",0.0,2.0,1.0,0.0,"[0,1,0,0,0,0]",Personal identity and sensitive information,Family events
img3056,"[1,0,0,0,0,1,0,0]",2.0,2.0,1.0,0.0,"[0,1,0,0,0,0]",Personal identity and sensitive information,Family events
img3057,"[1,1,0,0,0,1,0,0]",2.0,1.0,1.0,0.0,"[0,1,0,0,0,0]",Personal identity and sensitive information,Family events
img3058,"[1,0,0,0,0,1,0,0]",2.0,2.0,1.0,0.0,"[0,1,0,0,0,0]",Personal identity and sensitive information,Family events
img3059,"[1,1,1,0,0,1,0,0]",2.0,2.0,1.0,0.0,"[0,1,0,0,0,0]",Personal identity and sensitive information,Family events
img306,"[0,0,0,0,0,1,0,0]",2.0,2.0,1.0,0.0,"[0,1,1,0,0,0]",Personal identity and sensitive information,Personal information
img3060,"[1,1,0,0,0,1,0,0]",2.0,2.0,1.0,0.0,"[0,0,0,0,0,0]",Personal identity and sensitive information,Family events
img3061,"[0,0,0,0,0,1,0,0]",0.0,2.0,2.0,0.0,"[0,1,0,0,0,0]",Personal identity and sensitive information,Family events
img3062,"[0,0,0,0,0,0,0,0]",0.0,0.0,0.0,0.0,"[0,1,1,1,0,0]",Personal identity and sensitive information,Family events
img3063,"[0,0,1,0,0,0,0,0]",0.0,2.0,1.0,0.0,"[0,1,0,0,0,0]",Personal identity and sensitive information,Family events
img3064,"[0,0,0,0,0,0,0,0]",0.0,0.0,0.0,0.0,"[0,1,1,0,0,0]",Personal identity and sensitive information,Family events
img3065,"[1,0,0,0,0,1,0,0]",2.0,1.0,1.0,0.0,"[0,1,0,0,0,0]",Personal identity and sensitive information,Family events
img3066,"[1,1,0,0,0,1,0,0]",2.0,2.0,1.0,0.0,"[0,1,0,0,0,0]",Personal identity and sensitive information,Family events
img3067,"[1,0,0,0,0,1,0,0]",2.0,2.0,1.0,0.0,"[0,1,0,0,0,0]",Personal identity and sensitive information,Family events
img3068,"[1,1,0,0,0,1,0,0]",2.0,2.0,1.0,0.0,"[0,0,0,0,0,0]",Personal identity and sensitive information,Family events
img3069,"[1,1,1,0,0,1,0,0]",2.0,2.0,1.0,0.0,"[0,1,0,0,0,0]",Personal identity and sensitive information,Family events
img307,"[0,0,1,0,0,0,1,0]",1.0,0.0,2.0,1.0,"[0,1,0,0,0,0]",Public,Public
img3070,"[0,0,0,0,0,1,0,0]",0.0,2.0,1.0,0.0,"[0,1,0,0,0,0]",Personal identity and sensitive information,Family events
img3071,"[1,0,0,0,0,0,1,0]",2.0,1.0,2.0,1.0,"[0,0,0,0,0,0]",Public,Public
img3072,"[0,0,0,0,0,1,0,0]",0.0,1.0,2.0,0.0,"[0,1,0,0,0,0]",Public,Public
img3073,"[1,0,0,0,0,1,0,0]",1.0,1.0,2.0,0.0,"[0,1,0,0,0,0]",Public,Public
img3074,"[1,0,1,0,0,0,1,0]",1.0,1.0,2.0,0.0,"[0,1,0,0,0,0]",Public,Public
img3075,"[1,0,0,0,0,1,0,0]",1.0,1.0,2.0,0.0,"[0,1,0,0,0,0]",Public,Public
img3076,"[0,0,0,0,0,1,0,0]",1.0,1.0,1.0,0.0,"[0,1,0,0,0,0]",Public,Public
img3077,"[1,0,0,0,0,1,0,0]",1.0,1.0,1.0,0.0,"[0,1,0,0,0,0]",Public,Public
img3078,"[1,1,1,0,0,1,0,0]",2.0,1.0,1.0,0.0,"[0,1,0,0,0,0]",Public,Public
img3079,"[1,0,1,0,0,1,0,0]",1.0,1.0,1.0,0.0,"[0,1,0,0,0,0]",Public,Public
img308,"[1,0,0,0,0,0,1,0]",1.0,1.0,2.0,0.0,"[0,1,0,0,0,0]",Public,Public
img3080,"[1,0,0,0,0,1,1,0]",2.0,1.0,2.0,0.0,"[0,1,0,0,0,0]",Public,Public
img3081,"[1,0,0,0,0,0,1,0]",1.0,1.0,2.0,0.0,"[0,1,0,0,0,0]",Public,Public
img3082,"[1,0,0,1,0,0,0,0]",1.0,1.0,2.0,0.0,"[0,1,0,0,0,0]",Public,Public
img3083,"[1,0,0,0,0,1,0,0]",1.0,1.0,2.0,0.0,"[0,1,0,0,0,0]",Public,Public
img3084,"[1,0,0,0,0,1,0,0]",1.0,1.0,1.0,0.0,"[0,1,0,0,0,0]",Public,Public
img3085,"[1,0,0,0,0,1,0,0]",1.0,1.0,2.0,0.0,"[0,1,0,0,0,0]",Public,Public
img3086,"[1,0,1,0,0,0,1,0]",2.0,1.0,2.0,0.0,"[0,1,0,0,0,0]",Public,Public
img3087,"[1,0,0,0,0,1,0,0]",,1.0,2.0,0.0,"[0,1,0,0,0,0]",Public,Public
img3088,"[1,0,0,0,0,0,1,0]",1.0,1.0,2.0,0.0,"[0,1,0,0,0,0]",Public,Public
img3089,"[1,0,0,0,0,1,0,0]",1.0,0.0,2.0,0.0,"[0,0,0,0,0,0]",Public,Public
img309,"[1,0,0,0,0,0,1,0]",1.0,1.0,2.0,0.0,"[0,1,0,0,0,0]",Public,Public
img3090,"[1,0,1,0,0,1,0,0]",1.0,1.0,2.0,0.0,"[0,1,0,0,0,0]",Public,Public
img3091,"[1,0,0,0,0,1,0,0]",1.0,1.0,2.0,0.0,"[0,1,0,0,0,0]",Public,Public
img3092,"[1,0,0,0,0,1,0,0]",2.0,1.0,1.0,0.0,"[0,1,0,0,0,0]",Public,Public
img3093,"[1,0,0,0,0,1,1,0]",2.0,1.0,2.0,0.0,"[0,1,0,0,0,0]",Public,Public
img3094,"[1,0,0,0,0,1,0,0]",2.0,1.0,2.0,0.0,"[0,1,0,0,0,0]",Public,Public
img3095,"[1,1,0,0,0,1,0,0]",2.0,1.0,1.0,0.0,"[0,1,1,0,0,0]",Socio-cultural sensitive information,Racial/Ethnic origin
img3096,"[1,0,0,0,0,1,0,0]",2.0,0.0,1.0,0.0,"[0,1,1,1,0,0]",Socio-cultural sensitive information,Racial/Ethnic origin
img3097,"[1,0,0,0,0,1,0,0]",2.0,0.0,1.0,0.0,"[0,1,1,1,0,0]",Socio-cultural sensitive information,Racial/Ethnic origin
img3098,"[1,1,0,0,1,0,0,0]",2.0,0.0,0.0,0.0,"[0,1,1,1,0,0]",Socio-cultural sensitive information,Racial/Ethnic origin
img3099,"[1,0,0,0,0,1,0,0]",2.0,0.0,1.0,0.0,"[0,1,1,0,0,0]",Socio-cultural sensitive information,Racial/Ethnic origin
img31,"[0,0,0,0,0,0,1,0]",0.0,1.0,2.0,,"[0,1,0,0,0,0]",Risk and crime-related information,Violence/Threat
img310,"[1,0,0,0,0,0,1,0]",1.0,1.0,2.0,0.0,"[0,1,0,0,0,0]",Public,Public
img3100,"[1,1,0,0,0,1,0,0]",2.0,1.0,1.0,0.0,"[0,1,1,0,0,0]",Socio-cultural sensitive information,Racial/Ethnic origin
img3101,"[1,0,0,0,0,1,0,0]",2.0,1.0,1.0,0.0,"[0,1,1,1,0,0]",Socio-cultural sensitive information,Racial/Ethnic origin
img3102,"[1,1,0,0,0,1,0,0]",2.0,1.0,1.0,0.0,"[0,1,1,0,0,0]",Socio-cultural sensitive information,Racial/Ethnic origin
img3103,"[0,0,0,0,0,1,0,0]",0.0,0.0,1.0,0.0,"[0,1,1,1,0,0]",Socio-cultural sensitive information,Racial/Ethnic origin
img3104,"[1,1,0,0,0,1,0,0]",2.0,0.0,1.0,0.0,"[0,1,1,0,0,0]",Socio-cultural sensitive information,Racial/Ethnic origin
img3105,"[1,0,0,0,1,1,0,0]",2.0,0.0,1.0,0.0,"[0,1,1,0,0,0]",Socio-cultural sensitive information,Racial/Ethnic origin
img3106,"[1,0,1,0,0,0,0,0]",2.0,0.0,0.0,0.0,"[0,1,1,0,0,0]",Socio-cultural sensitive information,Racial/Ethnic origin
img3107,"[1,0,0,0,1,1,0,0]",2.0,0.0,1.0,0.0,"[0,1,1,0,0,0]",Socio-cultural sensitive information,Racial/Ethnic origin
img3108,"[1,0,0,0,0,1,0,0]",2.0,1.0,1.0,0.0,"[0,1,1,0,0,0]",Socio-cultural sensitive information,Racial/Ethnic origin
img3109,"[1,1,0,0,0,1,0,0]",2.0,0.0,1.0,0.0,"[0,1,1,1,0,0]",Socio-cultural sensitive information,Racial/Ethnic origin
img311,"[1,0,0,0,0,0,1,0]",1.0,1.0,2.0,0.0,"[0,1,0,0,0,0]",Public,Public
img3110,"[1,0,1,0,1,1,0,0]",2.0,1.0,1.0,0.0,"[0,1,0,0,0,0]",Socio-cultural sensitive information,Racial/Ethnic origin
img3111,"[1,0,0,0,0,1,0,0]",2.0,1.0,1.0,0.0,"[0,1,1,1,0,0]",Socio-cultural sensitive information,Racial/Ethnic origin
img3112,"[1,0,0,0,0,1,0,0]",2.0,1.0,1.0,0.0,"[0,1,1,1,0,0]",Socio-cultural sensitive information,Racial/Ethnic origin
img3113,"[1,0,0,0,0,1,0,0]",2.0,1.0,,0.0,"[0,1,1,0,0,0]",Socio-cultural sensitive information,Racial/Ethnic origin
img3114,"[1,0,0,0,0,1,0,0]",2.0,0.0,1.0,0.0,"[0,1,1,0,0,0]",Socio-cultural sensitive information,Racial/Ethnic origin
img3115,"[1,1,0,0,0,1,0,0]",2.0,0.0,1.0,0.0,"[0,1,1,0,0,0]",Socio-cultural sensitive information,Racial/Ethnic origin
img3116,"[1,0,0,0,1,1,0,0]",2.0,0.0,1.0,0.0,"[0,1,1,1,0,0]",Socio-cultural sensitive information,Racial/Ethnic origin
img3117,"[1,1,0,0,0,1,0,0]",2.0,0.0,1.0,0.0,"[0,1,1,0,0,0]",Socio-cultural sensitive information,Racial/Ethnic origin
img3118,"[1,0,0,0,0,1,0,0]",2.0,1.0,1.0,0.0,"[0,1,1,1,0,0]",Socio-cultural sensitive information,Racial/Ethnic origin
img3119,"[0,0,0,0,0,1,0,0]",0.0,0.0,1.0,0.0,"[0,1,1,1,0,0]",Socio-cultural sensitive information,Racial/Ethnic origin
img312,"[0,0,0,0,0,0,1,0]",1.0,1.0,2.0,0.0,"[0,1,0,0,0,0]",Public,Public
img3120,"[1,0,0,0,0,1,0,0]",2.0,0.0,1.0,0.0,"[0,1,1,1,0,0]",Socio-cultural sensitive information,Racial/Ethnic origin
img3121,"[1,0,0,0,0,1,0,0]",2.0,1.0,1.0,0.0,"[0,1,1,0,0,0]",Socio-cultural sensitive information,Racial/Ethnic origin
img3122,"[1,0,0,0,1,1,0,0]",2.0,0.0,1.0,0.0,"[0,1,1,0,0,0]",Socio-cultural sensitive information,Racial/Ethnic origin
img3123,"[1,0,0,0,0,1,0,0]",2.0,0.0,1.0,0.0,"[0,1,1,1,0,0]",Socio-cultural sensitive information,Racial/Ethnic origin
img3124,"[1,0,0,0,0,1,0,0]",2.0,0.0,1.0,0.0,"[0,1,1,0,0,0]",Socio-cultural sensitive information,Racial/Ethnic origin
img3125,"[1,0,0,0,0,1,0,0]",2.0,0.0,1.0,0.0,"[0,1,1,0,0,0]",Socio-cultural sensitive information,Racial/Ethnic origin
img3126,"[1,1,0,0,0,1,0,0]",2.0,1.0,1.0,0.0,"[0,1,1,0,0,0]",Socio-cultural sensitive information,Racial/Ethnic origin
img3127,"[1,1,0,0,0,1,0,0]",2.0,0.0,1.0,0.0,"[0,1,1,0,0,0]",Socio-cultural sensitive information,Racial/Ethnic origin
img3128,"[1,0,0,0,0,1,0,0]",2.0,1.0,1.0,0.0,"[0,1,1,0,0,0]",Socio-cultural sensitive information,Racial/Ethnic origin
img3129,"[1,0,0,0,0,1,0,0]",2.0,0.0,1.0,0.0,"[0,1,1,1,0,0]",Socio-cultural sensitive information,Racial/Ethnic origin
img313,"[1,0,0,0,0,1,0,0]",2.0,1.0,2.0,0.0,"[0,1,0,0,0,0]",Public,Public
img3130,"[1,0,0,0,0,1,0,0]",2.0,0.0,1.0,0.0,"[0,1,1,1,0,0]",Socio-cultural sensitive information,Racial/Ethnic origin
img3131,"[1,0,0,0,0,1,0,0]",2.0,0.0,1.0,0.0,"[0,1,1,0,0,0]",Socio-cultural sensitive information,Racial/Ethnic origin
img3132,"[0,0,0,0,0,1,0,0]",0.0,0.0,1.0,0.0,"[0,1,1,1,0,0]",Socio-cultural sensitive information,Racial/Ethnic origin
img3133,"[1,0,0,0,0,1,0,0]",2.0,0.0,1.0,0.0,"[0,1,1,1,0,0]",Socio-cultural sensitive information,Racial/Ethnic origin
img3134,"[1,0,0,0,0,1,0,0]",2.0,1.0,1.0,0.0,"[0,1,1,0,0,0]",Socio-cultural sensitive information,Racial/Ethnic origin
img3135,"[1,0,0,0,0,1,0,0]",2.0,0.0,1.0,0.0,"[0,1,1,1,0,0]",Socio-cultural sensitive information,Racial/Ethnic origin
img3136,"[1,0,0,0,0,1,0,0]",2.0,0.0,1.0,0.0,"[0,1,1,1,0,0]",Socio-cultural sensitive information,Racial/Ethnic origin
img3137,"[1,0,0,0,0,1,0,0]",2.0,0.0,1.0,0.0,"[0,1,1,1,0,0]",Socio-cultural sensitive information,Racial/Ethnic origin
img3138,"[1,0,0,0,0,1,0,0]",2.0,1.0,1.0,0.0,"[0,1,1,0,0,0]",Socio-cultural sensitive information,Racial/Ethnic origin
img3139,"[1,0,0,0,0,1,0,0]",2.0,1.0,1.0,0.0,"[0,1,1,1,0,0]",Socio-cultural sensitive information,Racial/Ethnic origin
img314,"[1,0,0,0,0,0,1,0]",1.0,0.0,2.0,0.0,"[1,0,0,0,0,0]",Public,Public
img3140,"[1,0,0,0,0,1,0,0]",2.0,0.0,1.0,0.0,"[0,1,1,0,0,0]",Socio-cultural sensitive information,Racial/Ethnic origin
img3141,"[1,1,0,0,0,1,0,0]",2.0,0.0,1.0,0.0,"[0,1,1,0,0,0]",Socio-cultural sensitive information,Racial/Ethnic origin
img3142,"[1,0,0,0,0,1,0,0]",2.0,1.0,1.0,0.0,"[0,1,1,0,0,0]",Socio-cultural sensitive information,Racial/Ethnic origin
img3143,"[0,0,0,0,0,1,0,0]",0.0,1.0,1.0,0.0,"[0,1,1,1,0,0]",Socio-cultural sensitive information,Racial/Ethnic origin
img3144,"[1,0,0,0,0,1,0,0]",2.0,0.0,1.0,0.0,"[0,1,1,1,0,0]",Socio-cultural sensitive information,Racial/Ethnic origin
img3145,"[1,0,0,0,0,1,0,0]",2.0,1.0,1.0,0.0,"[0,1,1,0,0,0]",Socio-cultural sensitive information,Racial/Ethnic origin
img3146,"[1,0,0,0,0,1,0,0]",2.0,1.0,1.0,0.0,"[0,1,1,1,0,0]",Socio-cultural sensitive information,Racial/Ethnic origin
img3147,"[1,0,1,0,1,1,0,0]",2.0,0.0,1.0,0.0,"[0,1,1,0,0,0]",Socio-cultural sensitive information,Racial/Ethnic origin
img3148,"[1,0,0,0,0,1,0,0]",2.0,1.0,1.0,0.0,"[0,1,1,0,0,0]",Socio-cultural sensitive information,Racial/Ethnic origin
img3149,"[1,1,0,0,0,1,0,0]",2.0,1.0,1.0,0.0,"[0,1,1,0,0,0]",Socio-cultural sensitive information,Racial/Ethnic origin
img315,"[0,0,1,0,0,0,1,0]",0.0,0.0,2.0,0.0,"[0,1,0,0,0,0]",Public,Public
img3150,"[1,0,0,0,0,1,0,0]",2.0,0.0,1.0,0.0,"[0,1,1,1,0,0]",Socio-cultural sensitive information,Racial/Ethnic origin
img3151,"[0,0,0,0,0,1,0,0]",0.0,0.0,0.0,0.0,"[0,1,1,1,0,0]",Socio-cultural sensitive information,Racial/Ethnic origin
img3152,"[1,0,0,0,0,1,0,0]",1.0,1.0,0.0,0.0,"[0,1,1,0,0,0]",Socio-cultural sensitive information,Racial/Ethnic origin
img3153,"[1,0,0,0,0,1,0,0]",2.0,0.0,1.0,0.0,"[0,1,1,1,0,0]",Socio-cultural sensitive information,Racial/Ethnic origin
img3154,"[1,0,0,0,0,1,0,0]",2.0,1.0,1.0,0.0,"[0,1,1,0,0,0]",Socio-cultural sensitive information,Racial/Ethnic origin
img3155,"[1,0,0,0,0,1,0,0]",2.0,0.0,1.0,0.0,"[0,1,1,1,0,0]",Socio-cultural sensitive information,Racial/Ethnic origin
img3156,"[1,0,0,0,0,1,0,0]",2.0,0.0,1.0,0.0,"[0,1,1,0,0,0]",Socio-cultural sensitive information,Racial/Ethnic origin
img3157,"[1,0,0,0,0,1,0,0]",2.0,1.0,1.0,0.0,"[0,1,1,0,0,0]",Socio-cultural sensitive information,Racial/Ethnic origin
img3158,"[1,1,0,0,0,1,0,0]",2.0,0.0,1.0,0.0,"[0,1,1,1,0,0]",Socio-cultural sensitive information,Racial/Ethnic origin
img3159,"[1,1,0,0,1,0,0,0]",2.0,0.0,0.0,0.0,"[0,1,1,1,0,0]",Socio-cultural sensitive information,Racial/Ethnic origin
img316,"[1,0,0,0,0,0,1,0]",2.0,0.0,1.0,1.0,"[0,1,0,0,0,0]",Public,Public
img3160,"[1,0,0,0,0,1,0,0]",2.0,0.0,1.0,0.0,"[0,1,1,1,0,0]",Socio-cultural sensitive information,Racial/Ethnic origin
img3161,"[1,0,0,0,0,1,0,0]",2.0,0.0,1.0,0.0,"[0,1,1,1,0,0]",Socio-cultural sensitive information,Racial/Ethnic origin
img3162,"[1,0,0,0,0,1,0,0]",2.0,1.0,1.0,0.0,"[0,1,1,0,0,0]",Socio-cultural sensitive information,Racial/Ethnic origin
img3163,"[1,0,0,0,1,0,0,0]",2.0,0.0,0.0,0.0,"[0,1,1,1,0,0]",Socio-cultural sensitive information,Racial/Ethnic origin
img3164,"[1,0,0,0,0,1,0,0]",2.0,0.0,1.0,0.0,"[0,1,1,0,0,0]",Socio-cultural sensitive information,Racial/Ethnic origin
img3165,"[1,1,0,0,0,1,0,0]",2.0,0.0,1.0,0.0,"[0,1,1,0,0,0]",Socio-cultural sensitive information,Racial/Ethnic origin
img3166,"[0,0,0,0,1,1,0,0]",0.0,0.0,1.0,0.0,"[0,1,1,1,0,0]",Socio-cultural sensitive information,Racial/Ethnic origin
img3167,"[1,0,0,0,0,1,0,0]",2.0,0.0,1.0,0.0,"[0,1,1,1,0,0]",Socio-cultural sensitive information,Racial/Ethnic origin
img3168,"[1,0,1,0,1,1,0,0]",2.0,0.0,1.0,0.0,"[0,1,1,1,0,0]",Socio-cultural sensitive information,Racial/Ethnic origin
img3169,"[1,0,0,0,0,1,0,0]",2.0,1.0,1.0,0.0,"[0,1,1,1,0,0]",Socio-cultural sensitive information,Racial/Ethnic origin
img317,"[1,0,0,0,0,0,1,0]",1.0,1.0,2.0,0.0,"[0,1,0,0,0,0]",Public,Public
img3170,"[1,1,0,0,0,1,0,0]",2.0,0.0,1.0,0.0,"[0,1,1,0,0,0]",Socio-cultural sensitive information,Racial/Ethnic origin
img3171,"[1,1,0,0,0,1,0,0]",2.0,1.0,1.0,,"[0,1,1,0,0,0]",Socio-cultural sensitive information,Racial/Ethnic origin
img3172,"[1,0,0,0,0,1,0,0]",2.0,0.0,1.0,0.0,"[0,1,1,1,0,0]",Socio-cultural sensitive information,Racial/Ethnic origin
img3173,"[1,0,0,0,0,1,0,0]",2.0,0.0,1.0,0.0,"[0,1,0,0,0,0]",Socio-cultural sensitive information,Racial/Ethnic origin
img3174,"[1,0,0,0,0,1,0,0]",2.0,1.0,1.0,0.0,"[0,1,1,0,0,0]",Socio-cultural sensitive information,Racial/Ethnic origin
img3175,"[1,0,0,0,0,1,0,0]",2.0,0.0,1.0,0.0,"[0,1,1,0,0,0]",Socio-cultural sensitive information,Racial/Ethnic origin
img3176,"[1,0,0,0,0,1,0,0]",2.0,0.0,1.0,0.0,"[0,1,1,1,0,0]",Socio-cultural sensitive information,Racial/Ethnic origin
img3177,"[1,0,0,0,0,1,0,0]",2.0,0.0,1.0,0.0,"[0,1,1,1,0,0]",Socio-cultural sensitive information,Racial/Ethnic origin
img3178,"[1,0,0,0,0,1,0,0]",2.0,0.0,1.0,0.0,"[0,1,1,0,0,0]",Socio-cultural sensitive information,Racial/Ethnic origin
img3179,"[1,0,0,1,0,1,0,0]",2.0,0.0,1.0,0.0,"[0,1,1,0,0,0]",Socio-cultural sensitive information,Racial/Ethnic origin
img318,"[1,0,0,0,0,0,1,0]",2.0,1.0,2.0,0.0,"[0,1,0,0,0,0]",Public,Public
img3180,"[1,0,0,0,0,1,0,0]",2.0,1.0,1.0,0.0,"[0,1,1,0,0,0]",Socio-cultural sensitive information,Racial/Ethnic origin
img3181,"[1,0,0,0,0,1,0,0]",2.0,1.0,1.0,0.0,"[0,1,1,1,0,0]",Socio-cultural sensitive information,Racial/Ethnic origin
img3182,"[1,0,0,0,0,1,0,0]",2.0,1.0,1.0,0.0,"[0,1,1,1,0,0]",Public,Public
img3183,"[1,0,0,0,1,1,0,0]",2.0,0.0,1.0,0.0,"[0,1,1,1,0,0]",Public,Public
img3184,"[1,0,0,0,0,1,0,0]",2.0,0.0,1.0,0.0,"[0,1,1,0,0,0]",Public,Public
img3185,"[1,0,0,0,1,1,0,0]",2.0,0.0,1.0,0.0,"[0,1,1,1,0,0]",Public,Public
img3186,"[1,1,0,0,0,1,0,0]",2.0,0.0,1.0,0.0,"[0,1,1,1,0,0]",Public,Public
img3187,"[1,0,0,0,0,1,0,0]",2.0,0.0,1.0,0.0,"[0,1,1,1,0,0]",Public,Public
img3188,"[1,1,0,0,0,1,0,0]",2.0,0.0,1.0,0.0,"[0,1,1,1,0,0]",Public,Public
img3189,"[1,0,0,0,1,1,0,0]",2.0,0.0,0.0,0.0,"[0,1,1,0,0,0]",Public,Public
img319,"[1,0,0,0,0,0,1,0]",1.0,1.0,2.0,0.0,"[0,1,0,0,0,0]",Public,Public
img3190,"[1,1,0,0,0,1,0,0]",2.0,0.0,1.0,0.0,"[0,1,1,1,0,0]",Public,Public
img3191,"[1,0,0,0,1,1,0,0]",2.0,0.0,1.0,0.0,"[0,1,1,1,0,0]",Public,Public
img3192,"[0,0,0,0,0,1,0,0]",1.0,0.0,1.0,0.0,"[0,1,1,0,0,0]",Public,Public
img3193,"[0,0,0,0,0,1,0,0]",0.0,1.0,1.0,0.0,"[0,1,0,0,0,0]",Public,Public
img3194,"[1,0,0,0,0,1,0,0]",1.0,1.0,1.0,0.0,"[0,1,1,1,0,0]",Socio-cultural sensitive information,Religion/Culture
img3195,"[1,0,0,1,0,1,0,0]",2.0,1.0,1.0,0.0,"[0,1,1,0,0,0]",Socio-cultural sensitive information,Religion/Culture
img3196,"[1,0,0,0,0,1,0,0]",2.0,1.0,1.0,0.0,"[0,1,1,0,0,0]",Socio-cultural sensitive information,Religion/Culture
img3197,"[1,0,0,0,0,1,0,0]",0.0,1.0,1.0,0.0,"[0,1,0,0,0,0]",Socio-cultural sensitive information,Religion/Culture
img3198,"[0,0,0,0,0,1,0,0]",0.0,1.0,1.0,0.0,"[0,1,1,0,0,0]",Socio-cultural sensitive information,Religion/Culture
img3199,"[1,0,0,0,0,1,0,0]",2.0,1.0,1.0,0.0,"[0,1,1,0,0,0]",Socio-cultural sensitive information,Religion/Culture
img32,"[1,0,0,1,1,0,1,0]",2.0,2.0,2.0,0.0,"[0,1,0,0,0,0]",Risk and crime-related information,Violence/Threat
img320,"[1,0,0,0,0,0,1,0]",2.0,1.0,2.0,0.0,"[0,1,0,0,0,0]",Public,Public
img3200,"[0,0,1,0,0,1,0,0]",0.0,1.0,1.0,0.0,"[0,1,1,0,0,0]",Socio-cultural sensitive information,Religion/Culture
img3201,"[0,0,0,0,0,1,0,0]",0.0,1.0,1.0,0.0,"[0,1,0,0,0,0]",Socio-cultural sensitive information,Religion/Culture
img3202,"[0,0,1,0,0,1,0,0]",0.0,1.0,0.0,0.0,"[0,1,1,0,0,0]",Socio-cultural sensitive information,Religion/Culture
img3203,"[0,0,0,0,0,1,0,0]",0.0,1.0,1.0,0.0,"[0,1,1,0,0,0]",Socio-cultural sensitive information,Religion/Culture
img3204,"[0,0,0,0,0,1,0,0]",0.0,1.0,1.0,0.0,"[0,1,1,1,0,0]",Socio-cultural sensitive information,Religion/Culture
img3205,"[0,0,0,0,0,1,0,0]",0.0,1.0,0.0,0.0,"[0,1,1,0,0,0]",Socio-cultural sensitive information,Religion/Culture
img3206,"[0,0,0,0,0,1,0,0]",0.0,1.0,1.0,0.0,"[0,1,1,0,0,0]",Socio-cultural sensitive information,Religion/Culture
img3207,"[0,0,0,0,0,1,0,0]",0.0,1.0,1.0,0.0,"[0,1,1,0,0,0]",Socio-cultural sensitive information,Religion/Culture
img3208,"[0,0,1,0,0,1,0,0]",0.0,1.0,1.0,0.0,"[0,0,0,0,0,0]",Socio-cultural sensitive information,Religion/Culture
img3209,"[1,1,0,0,0,1,0,0]",2.0,1.0,1.0,0.0,"[0,1,1,0,0,0]",Socio-cultural sensitive information,Religion/Culture
img321,"[1,0,0,0,0,1,1,0]",1.0,1.0,2.0,1.0,"[0,1,0,0,0,0]",Public,Public
img3210,"[0,0,0,0,0,1,0,0]",0.0,1.0,1.0,0.0,"[0,1,0,0,0,0]",Socio-cultural sensitive information,Religion/Culture
img3211,"[0,0,1,0,0,1,0,0]",0.0,1.0,1.0,0.0,"[0,1,1,0,0,0]",Socio-cultural sensitive information,Religion/Culture
img3212,"[0,0,1,0,0,1,0,0]",0.0,1.0,1.0,0.0,"[0,1,1,0,0,0]",Socio-cultural sensitive information,Religion/Culture
img3213,"[0,0,0,0,0,1,0,0]",0.0,1.0,0.0,0.0,"[0,1,1,0,0,0]",Socio-cultural sensitive information,Religion/Culture
img3214,"[0,0,0,0,0,1,0,0]",0.0,1.0,1.0,0.0,"[0,1,1,0,0,0]",Socio-cultural sensitive information,Religion/Culture
img3215,"[0,0,0,0,0,1,0,0]",0.0,1.0,1.0,0.0,"[0,1,1,0,0,0]",Socio-cultural sensitive information,Religion/Culture
img3216,"[0,0,1,0,0,1,0,0]",0.0,1.0,1.0,0.0,"[0,1,1,1,0,0]",Socio-cultural sensitive information,Religion/Culture
img3217,"[1,0,0,0,0,1,0,0]",2.0,1.0,1.0,0.0,"[0,1,1,0,0,0]",Socio-cultural sensitive information,Religion/Culture
img3218,"[1,0,1,0,0,0,0,0]",2.0,1.0,0.0,0.0,"[0,1,1,1,0,0]",Socio-cultural sensitive information,Religion/Culture
img3219,"[0,0,0,0,0,1,0,0]",0.0,1.0,1.0,0.0,"[0,1,1,0,0,0]",Socio-cultural sensitive information,Religion/Culture
img322,"[0,0,0,0,0,0,0,0]",0.0,0.0,0.0,0.0,"[0,1,1,1,1,0]",Public,Public
img3220,"[0,0,0,0,0,1,0,0]",0.0,1.0,1.0,0.0,"[0,1,1,0,0,0]",Socio-cultural sensitive information,Religion/Culture
img3221,"[0,0,0,0,0,1,0,0]",0.0,1.0,1.0,0.0,"[0,1,1,0,0,0]",Socio-cultural sensitive information,Religion/Culture
img3222,"[1,1,1,0,0,1,0,0]",2.0,1.0,0.0,0.0,"[0,1,1,1,0,0]",Socio-cultural sensitive information,Religion/Culture
img3223,"[0,0,0,0,0,1,0,0]",0.0,1.0,1.0,0.0,"[0,1,1,0,0,0]",Socio-cultural sensitive information,Religion/Culture
img3224,"[0,0,1,0,0,1,0,0]",0.0,1.0,1.0,0.0,"[0,1,0,0,0,0]",Socio-cultural sensitive information,Religion/Culture
img3225,"[0,0,0,0,0,1,0,0]",0.0,0.0,1.0,0.0,"[0,1,1,0,0,0]",Socio-cultural sensitive information,Religion/Culture
img3226,"[0,0,0,0,0,1,0,0]",0.0,1.0,0.0,0.0,"[0,1,1,0,0,0]",Socio-cultural sensitive information,Religion/Culture
img3227,"[0,0,0,0,0,1,0,0]",0.0,1.0,1.0,0.0,"[0,1,1,0,0,0]",Socio-cultural sensitive information,Religion/Culture
img3228,"[0,0,0,0,0,1,0,0]",0.0,1.0,1.0,0.0,"[0,1,1,0,0,0]",Socio-cultural sensitive information,Religion/Culture
img3229,"[0,0,0,0,0,1,0,0]",0.0,1.0,1.0,0.0,"[0,1,1,0,0,0]",Socio-cultural sensitive information,Religion/Culture
img323,"[0,0,0,0,0,0,0,0]",0.0,0.0,0.0,0.0,"[0,1,1,1,1,1]",Public,Public
img3230,"[1,0,0,0,0,1,0,0]",1.0,1.0,1.0,0.0,"[0,1,1,0,0,0]",Socio-cultural sensitive information,Religion/Culture
img3231,"[1,0,0,0,0,1,0,0]",2.0,1.0,1.0,0.0,"[0,1,1,0,0,0]",Socio-cultural sensitive information,Religion/Culture
img3232,"[0,0,0,0,0,1,0,0]",0.0,1.0,1.0,0.0,"[0,1,1,0,0,0]",Socio-cultural sensitive information,Religion/Culture
img3233,"[1,0,1,0,0,0,0,0]",0.0,0.0,0.0,0.0,"[0,1,1,1,1,0]",Location information,Location cues
img3234,"[0,0,0,0,0,1,0,0]",0.0,1.0,1.0,0.0,"[0,1,1,0,0,0]",Location information,Location cues
img3235,"[0,0,1,0,0,0,0,0]",0.0,0.0,0.0,0.0,"[0,1,1,0,0,0]",Location information,Location cues
img3236,"[1,1,1,0,0,0,0,0]",2.0,0.0,0.0,0.0,"[0,1,1,1,0,0]",Location information,Location cues
img3237,"[1,0,1,0,0,0,0,0]",1.0,0.0,0.0,0.0,"[0,1,1,1,0,0]",Location information,Location cues
img3238,"[0,0,1,0,0,0,0,0]",0.0,0.0,0.0,0.0,"[0,1,1,1,1,0]",Location information,Location cues
img3239,"[1,0,1,0,0,0,0,1]",1.0,0.0,0.0,0.0,"[0,1,1,1,0,0]",Location information,Location cues
img324,"[0,0,0,0,0,0,0,0]",0.0,0.0,0.0,0.0,"[0,1,1,1,1,0]",Public,Public
img3240,"[0,0,0,0,0,0,0,0]",0.0,0.0,0.0,0.0,"[0,1,1,1,1,0]",Location information,Location cues
img3241,"[0,0,1,0,0,0,0,0]",0.0,0.0,0.0,0.0,"[0,1,1,1,1,0]",Location information,Location cues
img3242,"[1,0,1,0,0,0,0,0]",1.0,0.0,0.0,0.0,"[0,1,1,0,0,0]",Location information,Location cues
img3243,"[0,0,1,0,0,1,0,0]",0.0,0.0,0.0,0.0,"[0,1,1,1,1,0]",Location information,Location cues
img3244,"[1,0,1,0,0,0,0,0]",1.0,0.0,0.0,0.0,"[0,1,1,1,0,0]",Location information,Location cues
img3245,"[0,0,1,0,0,0,0,0]",0.0,0.0,0.0,0.0,"[0,1,1,1,1,0]",Location information,Location cues
img3246,"[0,0,1,0,0,0,0,0]",0.0,0.0,0.0,0.0,"[0,1,1,1,0,0]",Location information,Location cues
img3247,"[0,0,0,0,0,0,0,0]",0.0,0.0,0.0,0.0,"[0,1,1,1,0,0]",Location information,Location cues
img3248,"[0,0,1,0,0,0,0,0]",0.0,0.0,0.0,0.0,"[0,1,1,1,1,0]",Location information,Location cues
img3249,"[0,0,0,0,0,0,0,1]",0.0,0.0,0.0,0.0,"[0,1,1,1,0,0]",Location information,Location cues
img325,"[0,0,0,0,0,0,0,0]",0.0,0.0,0.0,0.0,"[0,1,1,1,0,0]",Public,Public
img3250,"[0,0,1,0,0,0,0,0]",0.0,0.0,0.0,0.0,"[0,1,1,1,1,0]",Location information,Location cues
img3251,"[0,0,0,0,0,0,0,1]",0.0,0.0,0.0,0.0,"[0,1,1,1,0,0]",Location information,Location cues
img3252,"[0,0,0,0,0,0,0,1]",0.0,0.0,0.0,0.0,"[0,1,1,1,1,0]",Location information,Location cues
img3253,"[0,0,1,0,0,0,0,0]",0.0,0.0,0.0,0.0,"[0,1,1,1,1,1]",Location information,Location cues
img3254,"[0,0,1,0,0,0,0,0]",0.0,0.0,0.0,0.0,"[0,1,1,1,1,0]",Location information,Location cues
img3255,"[1,0,0,0,0,0,0,0]",2.0,0.0,0.0,0.0,"[0,1,1,1,0,0]",Location information,Location cues
img3256,"[0,0,0,0,0,0,0,1]",0.0,0.0,0.0,0.0,"[0,1,1,1,0,0]",Location information,Location cues
img3257,"[1,0,0,0,0,0,0,0]",2.0,0.0,0.0,0.0,"[0,1,1,0,0,0]",Location information,Location cues
img3258,"[1,1,1,0,0,0,0,0]",2.0,0.0,0.0,0.0,"[0,1,1,1,0,0]",Location information,Location cues
img3259,"[1,0,1,0,0,0,0,0]",1.0,0.0,0.0,0.0,"[0,1,1,1,0,0]",Location information,Location cues
img326,"[0,0,0,0,0,0,0,0]",0.0,0.0,0.0,0.0,"[0,1,1,1,1,1]",Public,Public
img3260,"[0,0,1,0,0,0,0,0]",0.0,0.0,0.0,0.0,"[0,1,1,1,1,0]",Location information,Location cues
img3261,"[0,0,1,0,0,0,0,0]",0.0,0.0,0.0,0.0,"[0,1,1,1,0,0]",Location information,Location cues
img3262,"[0,0,1,0,0,0,0,0]",0.0,0.0,0.0,0.0,"[0,1,1,1,1,1]",Location information,Location cues
img3263,"[0,0,1,0,0,0,0,0]",0.0,0.0,0.0,0.0,"[0,1,1,1,1,0]",Location information,Location cues
img3264,"[0,0,1,0,0,0,0,0]",0.0,0.0,0.0,0.0,"[0,1,1,1,0,0]",Location information,Location cues
img3265,"[0,0,1,0,0,1,0,0]",0.0,1.0,0.0,0.0,"[0,1,1,1,1,0]",Location information,Location cues
img3266,"[1,1,0,0,0,0,0,0]",2.0,0.0,0.0,0.0,"[0,1,1,0,0,0]",Personal identity and sensitive information,Workplace/School
img3267,"[1,0,1,0,0,0,0,0]",2.0,0.0,0.0,1.0,"[0,1,1,1,0,0]",Personal identity and sensitive information,Workplace/School
img3268,"[1,0,1,0,0,0,0,0]",2.0,0.0,0.0,0.0,"[0,1,1,1,0,0]",Personal identity and sensitive information,Workplace/School
img3269,"[0,0,1,0,0,0,0,0]",0.0,0.0,0.0,0.0,"[0,1,1,1,0,0]",Personal identity and sensitive information,Workplace/School
img327,"[0,0,0,0,0,0,0,0]",0.0,0.0,0.0,0.0,"[0,1,1,1,1,0]",Public,Public
img3270,"[1,0,1,0,0,0,0,0]",2.0,0.0,0.0,0.0,"[0,1,1,1,0,0]",Personal identity and sensitive information,Workplace/School
img3271,"[1,0,1,0,0,0,0,0]",2.0,0.0,0.0,0.0,"[0,1,1,1,0,0]",Personal identity and sensitive information,Workplace/School
img3272,"[1,0,1,0,0,0,0,0]",2.0,0.0,0.0,0.0,"[0,1,1,1,0,0]",Personal identity and sensitive information,Workplace/School
img3273,"[1,1,0,0,0,0,0,0]",2.0,0.0,0.0,0.0,"[0,1,1,1,0,0]",Personal identity and sensitive information,Workplace/School
img3274,"[1,0,1,0,0,0,0,0]",2.0,0.0,0.0,0.0,"[0,1,1,1,0,0]",Personal identity and sensitive information,Workplace/School
img3275,"[1,0,0,0,0,0,0,0]",2.0,0.0,0.0,0.0,"[0,1,1,1,0,0]",Personal identity and sensitive information,Workplace/School
img3276,"[1,0,0,0,0,0,0,0]",2.0,0.0,0.0,0.0,"[0,1,1,1,0,0]",Personal identity and sensitive information,Workplace/School
img3277,"[1,1,1,0,0,0,0,0]",2.0,0.0,0.0,0.0,"[0,1,1,1,0,0]",Personal identity and sensitive information,Workplace/School
img3278,"[1,0,1,0,0,0,0,0]",2.0,0.0,0.0,0.0,"[0,1,1,1,0,0]",Personal identity and sensitive information,Workplace/School
img3279,"[1,0,1,0,0,0,0,0]",2.0,0.0,0.0,0.0,"[0,1,1,1,0,0]",Personal identity and sensitive information,Workplace/School
img328,"[0,0,1,0,0,0,0,0]",0.0,0.0,0.0,0.0,"[0,1,1,1,1,1]",Public,Public
img3280,"[1,0,1,0,0,0,0,0]",2.0,0.0,0.0,1.0,"[0,1,1,1,0,0]",Personal identity and sensitive information,Workplace/School
img3281,"[1,0,1,0,0,0,0,0]",2.0,0.0,0.0,0.0,"[0,1,1,1,0,0]",Personal identity and sensitive information,Workplace/School
img3282,"[1,0,1,0,0,0,0,0]",2.0,0.0,0.0,0.0,"[0,1,1,1,0,0]",Personal identity and sensitive information,Workplace/School
img3283,"[1,0,1,0,0,0,0,0]",2.0,0.0,0.0,0.0,"[0,1,1,1,0,0]",Personal identity and sensitive information,Workplace/School
img3284,"[1,0,1,0,0,0,0,0]",2.0,0.0,0.0,0.0,"[0,1,1,1,0,0]",Personal identity and sensitive information,Workplace/School
img3285,"[1,0,0,0,0,0,0,0]",2.0,0.0,0.0,0.0,"[0,1,1,1,0,0]",Personal identity and sensitive information,Workplace/School
img3286,"[1,0,1,0,0,0,0,0]",2.0,0.0,0.0,0.0,"[0,1,1,1,0,0]",Personal identity and sensitive information,Workplace/School
img3287,"[1,0,1,0,0,0,0,0]",2.0,0.0,0.0,0.0,"[0,1,1,1,0,0]",Personal identity and sensitive information,Workplace/School
img3288,"[1,0,0,1,0,0,0,0]",2.0,0.0,0.0,0.0,"[0,1,1,1,0,0]",Personal identity and sensitive information,Workplace/School
img3289,"[1,0,1,0,0,0,0,0]",2.0,0.0,0.0,0.0,"[0,1,1,1,0,0]",Personal identity and sensitive information,Workplace/School
img329,"[0,0,1,0,0,0,0,0]",0.0,0.0,0.0,0.0,"[0,1,1,1,1,0]",Public,Public
img3290,"[1,1,1,0,0,0,0,0]",2.0,0.0,0.0,1.0,"[0,1,1,1,0,0]",Personal identity and sensitive information,Workplace/School
img3291,"[1,0,1,0,0,0,0,0]",2.0,0.0,0.0,0.0,"[0,1,1,1,0,0]",Personal identity and sensitive information,Workplace/School
img3292,"[1,1,0,0,0,0,0,0]",2.0,0.0,0.0,0.0,"[0,1,1,0,0,0]",Personal identity and sensitive information,Workplace/School
img3293,"[1,0,1,0,0,0,0,0]",2.0,0.0,0.0,0.0,"[0,1,1,1,0,0]",Personal identity and sensitive information,Workplace/School
img3294,"[1,0,0,0,0,0,0,0]",2.0,0.0,0.0,0.0,"[0,1,1,1,0,0]",Personal identity and sensitive information,Workplace/School
img3295,"[1,0,1,0,0,0,0,0]",2.0,0.0,0.0,0.0,"[0,1,1,1,0,0]",Personal identity and sensitive information,Workplace/School
img3296,"[1,0,1,0,0,0,0,0]",2.0,0.0,0.0,0.0,"[0,1,1,1,0,0]",Personal identity and sensitive information,Workplace/School
img3297,"[1,0,1,0,0,0,0,0]",2.0,0.0,0.0,0.0,"[0,1,1,1,0,0]",Personal identity and sensitive information,Workplace/School
img3298,"[1,0,0,0,0,0,0,0]",2.0,0.0,0.0,0.0,"[0,1,1,1,0,0]",Personal identity and sensitive information,Workplace/School
img3299,"[1,1,0,0,0,0,0,0]",2.0,0.0,0.0,0.0,"[0,1,1,1,0,0]",Personal identity and sensitive information,Workplace/School
img33,"[1,0,0,0,0,0,1,0]",1.0,2.0,2.0,0.0,"[0,0,0,0,0,0]",Risk and crime-related information,Violence/Threat
img330,"[0,0,0,0,0,0,0,0]",0.0,0.0,0.0,0.0,"[0,1,1,1,0,0]",Public,Public
img3300,"[1,0,1,0,0,0,0,0]",2.0,0.0,0.0,0.0,"[0,1,1,1,0,0]",Personal identity and sensitive information,Workplace/School
img3301,"[1,0,1,0,0,0,0,0]",2.0,0.0,0.0,0.0,"[0,1,1,1,0,0]",Personal identity and sensitive information,Workplace/School
img3302,"[1,0,1,0,0,0,0,0]",2.0,0.0,0.0,0.0,"[0,1,1,1,0,0]",Personal identity and sensitive information,Workplace/School
img3303,"[1,0,1,0,0,0,0,0]",2.0,0.0,0.0,0.0,"[0,1,1,1,0,0]",Personal identity and sensitive information,Workplace/School
img3304,"[1,0,1,0,0,0,0,0]",2.0,0.0,0.0,0.0,"[0,1,1,1,0,0]",Personal identity and sensitive information,Workplace/School
img3305,"[1,0,1,0,0,0,0,0]",2.0,0.0,0.0,0.0,"[0,1,1,1,0,0]",Personal identity and sensitive information,Workplace/School
img3306,"[1,0,1,0,0,0,0,0]",2.0,0.0,0.0,0.0,"[0,1,1,1,0,0]",Personal identity and sensitive information,Workplace/School
img3307,"[1,0,1,0,0,0,0,0]",2.0,0.0,0.0,0.0,"[0,1,1,1,0,0]",Personal identity and sensitive information,Workplace/School
img3308,"[1,0,1,0,0,0,0,0]",2.0,0.0,0.0,0.0,"[0,1,1,1,0,0]",Personal identity and sensitive information,Workplace/School
img3309,"[1,0,1,0,0,0,0,0]",2.0,0.0,0.0,0.0,"[0,1,1,1,0,0]",Personal identity and sensitive information,Workplace/School
img331,"[0,0,0,0,0,0,0,1]",0.0,0.0,0.0,0.0,"[0,1,1,1,0,0]",Public,Public
img3310,"[1,0,1,0,0,0,0,0]",2.0,0.0,0.0,0.0,"[0,1,1,1,0,0]",Personal identity and sensitive information,Workplace/School
img3311,"[1,0,1,0,0,0,0,0]",2.0,0.0,0.0,0.0,"[0,1,1,1,0,0]",Personal identity and sensitive information,Workplace/School
img3312,"[1,1,1,0,0,0,0,0]",2.0,0.0,0.0,0.0,"[0,1,1,1,0,0]",Personal identity and sensitive information,Workplace/School
img3313,"[1,0,1,0,0,0,0,0]",2.0,0.0,0.0,0.0,"[0,1,1,1,0,0]",Personal identity and sensitive information,Workplace/School
img3314,"[1,0,1,0,0,0,0,0]",2.0,0.0,0.0,0.0,"[0,1,1,1,0,0]",Personal identity and sensitive information,Workplace/School
img3315,"[1,0,1,0,1,0,0,0]",2.0,0.0,0.0,0.0,"[0,1,1,1,0,0]",Personal identity and sensitive information,Workplace/School
img3316,"[1,0,1,0,0,0,0,0]",2.0,0.0,0.0,0.0,"[0,1,1,1,0,0]",Personal identity and sensitive information,Workplace/School
img3317,"[1,0,0,0,0,0,0,0]",2.0,0.0,0.0,0.0,"[0,1,1,1,0,0]",Personal identity and sensitive information,Workplace/School
img3318,"[1,1,1,1,0,0,0,0]",2.0,0.0,1.0,0.0,"[0,1,1,0,0,0]",Personal identity and sensitive information,Workplace/School
img3319,"[1,1,1,0,0,0,0,0]",2.0,0.0,0.0,0.0,"[0,1,1,1,0,0]",Personal identity and sensitive information,Workplace/School
img332,"[0,0,0,0,0,0,0,0]",0.0,0.0,0.0,0.0,"[0,1,1,1,1,0]",Public,Public
img3320,"[1,0,1,0,0,0,0,0]",2.0,0.0,0.0,0.0,"[0,0,0,0,0,0]",Personal identity and sensitive information,Workplace/School
img3321,"[1,0,1,0,0,0,0,0]",2.0,0.0,0.0,0.0,"[0,1,1,0,0,0]",Personal identity and sensitive information,Workplace/School
img3322,"[1,0,1,0,0,0,0,0]",2.0,0.0,0.0,0.0,"[0,1,1,1,0,0]",Personal identity and sensitive information,Workplace/School
img3323,"[1,1,1,0,0,0,0,0]",2.0,0.0,0.0,0.0,"[0,1,1,1,0,0]",Personal identity and sensitive information,Workplace/School
img3324,"[1,1,0,0,0,0,0,0]",2.0,0.0,0.0,0.0,"[0,1,1,1,0,0]",Personal identity and sensitive information,Workplace/School
img3325,"[1,0,1,0,0,0,0,0]",2.0,0.0,0.0,0.0,"[0,1,1,1,0,0]",Personal identity and sensitive information,Workplace/School
img3326,"[1,0,1,0,0,0,0,0]",2.0,0.0,0.0,0.0,"[0,1,1,0,0,0]",Personal identity and sensitive information,Personal information
img3327,"[0,0,0,0,0,0,0,0]",0.0,0.0,0.0,0.0,"[0,1,0,0,0,0]",Personal identity and sensitive information,Personal information
img3328,"[1,0,0,0,0,0,0,0]",2.0,0.0,0.0,1.0,"[0,1,0,0,0,0]",Personal identity and sensitive information,Personal information
img3329,"[1,0,1,0,0,0,0,0]",2.0,0.0,1.0,1.0,"[0,0,0,0,0,0]",Personal identity and sensitive information,Personal information
img333,"[0,0,0,0,0,0,0,0]",0.0,0.0,0.0,0.0,"[0,1,1,1,0,0]",Public,Public
img3330,"[1,0,0,0,0,0,0,0]",2.0,0.0,1.0,1.0,"[0,1,0,0,0,0]",Personal identity and sensitive information,Personal information
img3331,"[1,0,0,0,0,0,0,0]",2.0,0.0,0.0,1.0,"[0,1,0,0,0,0]",Personal identity and sensitive information,Personal information
img3332,"[1,0,0,0,0,0,0,0]",2.0,0.0,0.0,1.0,"[0,1,0,0,0,0]",Personal identity and sensitive information,Personal information
img3333,"[1,0,1,0,0,0,0,0]",2.0,0.0,1.0,1.0,"[0,1,0,0,0,0]",Personal identity and sensitive information,Personal information
img3334,"[0,0,0,0,0,0,0,1]",0.0,0.0,0.0,0.0,"[0,1,1,1,0,0]",Personal identity and sensitive information,Personal information
img3335,"[1,0,1,0,0,0,0,0]",2.0,0.0,1.0,1.0,"[0,1,0,0,0,0]",Personal identity and sensitive information,Personal information
img3336,"[1,0,1,0,0,0,0,0]",2.0,0.0,0.0,1.0,"[0,1,1,0,0,0]",Personal identity and sensitive information,Personal information
img3337,"[1,0,0,0,0,0,0,0]",2.0,0.0,0.0,0.0,"[0,1,1,1,0,0]",Personal identity and sensitive information,Personal information
img3338,"[1,0,1,0,0,0,0,0]",2.0,0.0,0.0,1.0,"[0,1,1,0,0,0]",Personal identity and sensitive information,Personal information
img3339,"[1,0,1,0,0,0,0,0]",2.0,0.0,0.0,0.0,"[0,1,1,0,0,0]",Personal identity and sensitive information,Personal information
img334,"[0,0,0,0,0,0,0,0]",0.0,0.0,0.0,0.0,"[0,1,1,1,1,1]",Public,Public
img3340,"[1,0,1,0,0,0,0,0]",2.0,0.0,1.0,0.0,"[0,1,1,0,0,0]",Personal identity and sensitive information,Personal information
img3341,"[1,0,1,0,0,0,0,0]",2.0,0.0,2.0,0.0,"[0,0,0,0,0,0]",Personal identity and sensitive information,Personal information
img3342,"[0,0,0,0,0,0,0,0]",0.0,0.0,0.0,0.0,"[0,1,1,1,0,0]",Personal identity and sensitive information,Personal information
img3343,"[1,0,0,0,0,0,0,0]",2.0,0.0,1.0,0.0,"[0,1,1,0,0,0]",Personal identity and sensitive information,Personal information
img3344,"[1,0,1,0,0,0,0,0]",2.0,0.0,0.0,1.0,"[0,0,0,0,0,0]",Personal identity and sensitive information,Personal information
img3345,"[1,1,1,0,0,0,0,0]",2.0,0.0,2.0,0.0,"[0,1,0,0,0,0]",Personal identity and sensitive information,Personal information
img3346,"[1,0,0,0,0,0,0,0]",2.0,0.0,0.0,1.0,"[0,1,1,0,0,0]",Personal identity and sensitive information,Personal information
img3347,"[1,0,0,0,0,0,0,0]",2.0,0.0,0.0,0.0,"[0,1,1,1,0,0]",Personal identity and sensitive information,Personal information
img3348,"[1,0,1,0,0,0,0,0]",1.0,1.0,0.0,0.0,"[0,1,1,0,0,0]",Personal identity and sensitive information,Personal information
img3349,"[0,0,0,0,0,0,0,1]",0.0,0.0,0.0,0.0,"[0,1,1,1,0,0]",Personal identity and sensitive information,Personal information
img335,"[0,0,0,0,1,0,0,1]",0.0,0.0,0.0,0.0,"[0,1,1,1,0,0]",Public,Public
img3350,"[1,0,1,0,0,0,0,0]",2.0,0.0,0.0,0.0,"[0,1,1,0,0,0]",Location information,Public facilities
img3351,"[0,0,1,0,0,0,0,0]",0.0,2.0,1.0,0.0,"[0,1,0,0,0,0]",Location information,Public facilities
img3352,"[0,0,0,0,0,0,0,1]",0.0,0.0,0.0,0.0,"[0,1,1,1,1,0]",Location information,Public facilities
img3353,"[0,0,1,0,0,0,0,0]",0.0,0.0,0.0,0.0,"[0,1,1,1,1,0]",Location information,Public facilities
img3354,"[1,1,1,0,0,0,0,0]",2.0,0.0,0.0,0.0,"[0,1,1,1,0,0]",Location information,Public facilities
img3355,"[1,1,1,0,0,0,0,0]",2.0,0.0,0.0,0.0,"[0,1,1,1,0,0]",Location information,Public facilities
img3356,"[0,0,1,0,1,0,0,0]",0.0,0.0,0.0,0.0,"[0,1,1,1,0,0]",Location information,Public facilities
img3357,"[1,0,1,0,0,0,0,1]",1.0,0.0,0.0,1.0,"[0,1,1,0,0,0]",Location information,Public facilities
img3358,"[1,0,1,0,0,0,0,0]",2.0,0.0,0.0,0.0,"[0,1,1,0,0,0]",Location information,Public facilities
img3359,"[0,0,0,0,0,0,0,1]",0.0,0.0,0.0,0.0,"[0,1,1,1,1,0]",Location information,Public facilities
img336,"[1,0,0,0,0,0,0,0]",1.0,0.0,0.0,0.0,"[0,1,1,1,0,0]",Public,Public
img3360,"[0,0,0,0,0,0,0,0]",0.0,0.0,0.0,0.0,"[0,1,1,1,0,0]",Location information,Public facilities
img3361,"[1,0,0,0,0,0,0,0]",2.0,0.0,2.0,0.0,"[0,1,1,0,0,0]",Location information,Public facilities
img3362,"[1,0,1,0,0,0,0,0]",2.0,0.0,0.0,0.0,"[0,1,1,0,0,0]",Location information,Public facilities
img3363,"[1,1,1,0,0,0,0,0]",0.0,0.0,0.0,,"[0,1,1,1,0,0]",Location information,Public facilities
img3364,"[0,0,1,0,0,0,0,0]",0.0,0.0,0.0,0.0,"[0,1,1,1,0,0]",Location information,Public facilities
img3365,"[1,1,1,0,0,0,0,0]",2.0,0.0,0.0,0.0,"[0,1,1,1,0,0]",Location information,Public facilities
img3366,"[1,1,1,0,0,0,0,0]",2.0,0.0,0.0,0.0,"[0,1,1,1,0,0]",Location information,Public facilities
img3367,"[1,1,0,0,0,0,0,1]",0.0,0.0,0.0,1.0,"[0,1,1,0,0,0]",Location information,Public facilities
img3368,"[0,0,1,0,0,0,0,0]",0.0,0.0,0.0,0.0,"[0,1,1,1,1,0]",Location information,Public facilities
img3369,"[0,0,1,0,0,0,0,0]",0.0,0.0,0.0,0.0,"[0,1,1,1,1,0]",Location information,Public facilities
img337,"[0,0,0,0,0,0,0,0]",0.0,0.0,0.0,0.0,"[0,1,1,1,1,1]",Public,Public
img3370,"[1,1,1,0,0,0,0,0]",2.0,0.0,0.0,0.0,"[0,1,1,1,0,0]",Location information,Public facilities
img3371,"[1,0,0,0,0,0,0,0]",2.0,0.0,0.0,0.0,"[0,1,1,1,0,0]",Location information,Public facilities
img3372,"[0,0,1,0,0,0,0,0]",0.0,0.0,0.0,0.0,"[0,1,1,1,0,0]",Location information,Public facilities
img3373,"[1,0,1,0,0,0,0,0]",2.0,0.0,0.0,0.0,"[0,1,1,1,0,0]",Location information,Public facilities
img3374,"[1,1,1,0,0,0,0,0]",2.0,0.0,0.0,0.0,"[0,1,1,1,0,0]",Location information,Public facilities
img3375,"[1,0,1,0,0,0,0,0]",1.0,0.0,0.0,0.0,"[0,1,1,0,0,0]",Location information,Public facilities
img3376,"[1,1,1,0,0,0,0,0]",1.0,0.0,0.0,0.0,"[0,1,1,1,0,0]",Location information,Public facilities
img3377,"[0,0,1,0,0,0,0,1]",0.0,1.0,0.0,0.0,"[0,1,1,1,0,0]",Public,Public
img3378,"[0,0,1,0,0,0,0,1]",0.0,1.0,0.0,0.0,"[0,1,1,0,0,0]",Public,Public
img3379,"[0,0,1,0,0,0,0,1]",0.0,0.0,0.0,0.0,"[0,1,1,1,0,0]",Public,Public
img338,"[1,0,0,0,0,0,0,0]",2.0,0.0,0.0,0.0,"[0,1,1,0,0,0]",Public,Public
img3380,"[0,0,1,0,0,0,0,1]",0.0,1.0,0.0,0.0,"[0,1,1,1,0,0]",Public,Public
img3381,"[0,0,0,0,1,0,0,1]",0.0,0.0,0.0,0.0,"[0,1,1,1,0,0]",Public,Public
img3382,"[0,0,1,0,0,0,0,1]",0.0,0.0,0.0,0.0,"[0,1,1,0,0,0]",Public,Public
img3383,"[0,0,1,0,0,0,0,1]",0.0,0.0,0.0,0.0,"[0,1,1,1,0,0]",Public,Public
img3384,"[1,1,1,0,0,0,0,0]",2.0,1.0,0.0,0.0,"[0,1,1,1,0,0]",Public,Public
img3385,"[0,0,1,0,0,0,0,1]",0.0,1.0,0.0,0.0,"[0,1,1,0,0,0]",Public,Public
img3386,"[0,0,1,0,0,0,0,0]",0.0,0.0,0.0,0.0,"[0,1,1,1,1,0]",Public,Public
img3387,"[0,0,1,0,0,0,0,1]",0.0,1.0,0.0,0.0,"[0,1,1,0,0,0]",Public,Public
img3388,"[0,0,1,0,0,0,0,1]",0.0,1.0,0.0,0.0,"[0,1,1,1,0,0]",Public,Public
img3389,"[0,0,0,0,0,0,0,1]",0.0,0.0,0.0,0.0,"[0,1,1,1,1,0]",Public,Public
img339,"[0,0,0,0,0,0,0,0]",0.0,0.0,0.0,0.0,"[0,1,1,1,1,1]",Public,Public
img3390,"[0,0,1,0,0,0,0,1]",0.0,1.0,0.0,0.0,"[0,1,1,0,0,0]",Public,Public
img3391,"[0,0,1,0,0,0,0,1]",0.0,1.0,0.0,0.0,"[0,1,1,0,0,0]",Public,Public
img3392,"[0,0,1,0,0,0,0,1]",0.0,1.0,0.0,0.0,"[0,1,1,0,0,0]",Public,Public
img3393,"[0,0,1,0,0,0,0,1]",0.0,1.0,0.0,0.0,"[0,1,1,0,0,0]",Public,Public
img3394,"[0,0,1,0,1,0,0,1]",0.0,1.0,0.0,0.0,"[0,1,1,1,0,0]",Public,Public
img3395,"[0,0,1,0,0,0,0,1]",0.0,0.0,0.0,0.0,"[0,1,1,1,1,0]",Public,Public
img3396,"[0,0,1,0,0,0,0,1]",0.0,1.0,0.0,0.0,"[0,1,1,0,0,0]",Public,Public
img3397,"[1,1,0,0,0,0,0,0]",2.0,,,,"[0,0,0,0,0,0]",Public,Public
img3398,"[0,0,1,0,0,0,0,1]",0.0,1.0,0.0,0.0,"[0,1,1,0,0,0]",Public,Public
img3399,"[0,0,1,0,0,0,0,1]",0.0,1.0,0.0,0.0,"[0,1,0,0,0,0]",Public,Public
img34,"[0,0,0,0,0,0,1,0]",0.0,2.0,2.0,0.0,"[0,1,0,0,0,0]",Risk and crime-related information,Violence/Threat
img340,"[0,0,0,0,0,0,0,0]",0.0,0.0,0.0,0.0,"[0,1,1,1,1,0]",Public,Public
img3400,"[0,0,1,0,0,0,0,1]",0.0,0.0,0.0,0.0,"[0,1,1,1,0,0]",Public,Public
img3401,"[0,0,1,0,0,0,0,1]",0.0,1.0,0.0,0.0,"[0,1,1,0,0,0]",Public,Public
img3402,"[0,0,1,0,0,0,0,1]",0.0,1.0,0.0,0.0,"[0,1,1,0,0,0]",Public,Public
img3403,"[0,0,0,0,0,0,0,1]",0.0,0.0,0.0,0.0,"[0,1,1,1,1,0]",Public,Public
img3404,"[0,0,1,0,0,0,0,1]",0.0,1.0,0.0,0.0,"[0,1,1,0,0,0]",Public,Public
img3405,"[0,0,1,0,0,0,0,1]",0.0,1.0,0.0,0.0,"[0,1,1,0,0,0]",Public,Public
img3406,"[0,0,1,0,0,0,0,1]",0.0,1.0,0.0,0.0,"[0,1,1,0,0,0]",Public,Public
img3407,"[0,0,1,0,0,0,0,1]",0.0,1.0,0.0,0.0,"[0,1,1,0,0,0]",Public,Public
img3408,"[0,0,1,0,0,0,0,1]",0.0,1.0,0.0,0.0,"[0,1,1,0,0,0]",Public,Public
img3409,"[0,0,1,0,0,0,0,1]",0.0,1.0,0.0,0.0,"[0,1,1,0,0,0]",Public,Public
img341,"[0,0,0,0,0,1,0,0]",0.0,0.0,0.0,0.0,"[0,1,1,1,1,0]",Public,Public
img3410,"[0,0,1,0,0,0,0,1]",0.0,1.0,0.0,0.0,"[0,1,1,0,0,0]",Public,Public
img3411,"[0,0,1,0,0,0,0,1]",0.0,1.0,0.0,0.0,"[0,1,1,0,0,0]",Public,Public
img3412,"[0,0,1,0,0,0,0,1]",0.0,0.0,0.0,0.0,"[0,1,1,1,0,0]",Public,Public
img3413,"[0,0,1,0,0,0,0,1]",0.0,1.0,0.0,0.0,"[0,1,1,1,0,0]",Public,Public
img3414,"[0,0,1,0,0,0,0,1]",0.0,1.0,0.0,0.0,"[0,1,1,0,0,0]",Public,Public
img3415,"[0,0,1,0,0,0,0,1]",0.0,1.0,0.0,0.0,"[0,1,1,1,0,0]",Public,Public
img3416,"[0,0,1,0,0,0,0,1]",0.0,1.0,0.0,0.0,"[0,1,1,0,0,0]",Public,Public
img3417,"[0,0,0,0,0,0,0,0]",0.0,0.0,0.0,0.0,"[0,1,1,1,1,0]",Public,Public
img3418,"[0,0,0,0,0,0,0,1]",0.0,0.0,0.0,0.0,"[0,1,1,1,0,0]",Public,Public
img3419,"[0,0,1,0,0,0,0,1]",0.0,1.0,0.0,0.0,"[0,1,1,0,0,0]",Public,Public
img342,"[1,0,0,0,0,0,0,0]",1.0,0.0,0.0,0.0,"[0,1,1,0,0,0]",Public,Public
img3420,"[0,0,1,0,0,0,0,1]",0.0,1.0,0.0,0.0,"[0,1,1,0,0,0]",Public,Public
img3421,"[0,0,1,0,0,0,0,1]",0.0,0.0,0.0,,"[0,1,1,1,0,0]",Public,Public
img3422,"[0,0,1,0,0,0,0,1]",0.0,1.0,0.0,0.0,"[0,1,1,0,0,0]",Public,Public
img3423,"[1,0,1,0,0,0,0,0]",2.0,0.0,0.0,0.0,"[0,1,1,1,0,0]",Public,Public
img3424,"[0,0,1,0,0,0,0,1]",0.0,0.0,0.0,0.0,"[0,1,1,1,0,0]",Public,Public
img3425,"[0,0,0,0,0,0,0,1]",0.0,0.0,0.0,0.0,"[0,1,1,1,1,0]",Public,Public
img3426,"[0,0,0,0,0,0,0,1]",0.0,0.0,0.0,0.0,"[0,1,1,1,1,0]",Public,Public
img3427,"[0,0,1,0,1,0,0,1]",0.0,0.0,0.0,0.0,"[0,1,1,1,0,0]",Public,Public
img3428,"[0,0,1,0,0,0,0,1]",0.0,1.0,0.0,0.0,"[0,1,1,0,0,0]",Public,Public
img3429,"[0,0,1,0,0,0,0,1]",0.0,1.0,0.0,0.0,"[0,1,1,1,0,0]",Public,Public
img343,"[0,0,1,0,0,0,0,0]",0.0,0.0,0.0,0.0,"[0,1,1,1,0,0]",Public,Public
img3430,"[0,0,0,0,0,0,0,1]",0.0,0.0,0.0,0.0,"[0,1,1,0,0,0]",Public,Public
img3431,"[0,0,1,0,0,0,0,1]",0.0,1.0,0.0,0.0,"[0,1,1,1,0,0]",Public,Public
img3432,"[0,0,1,0,0,0,0,1]",0.0,0.0,0.0,0.0,"[0,1,1,1,0,0]",Public,Public
img3433,"[0,0,1,0,0,0,0,1]",0.0,1.0,0.0,0.0,"[0,1,1,1,0,0]",Public,Public
img3434,"[0,0,1,0,0,0,0,1]",0.0,1.0,0.0,0.0,"[0,1,1,0,0,0]",Public,Public
img3435,"[0,0,1,0,0,0,0,1]",0.0,1.0,0.0,0.0,"[0,1,1,0,0,0]",Public,Public
img3436,"[0,0,1,0,0,0,0,1]",0.0,1.0,0.0,0.0,"[0,1,1,0,0,0]",Public,Public
img3437,"[0,0,0,0,0,0,0,0]",0.0,0.0,0.0,0.0,"[0,1,1,1,1,0]",Location information,Location cues
img3438,"[0,0,1,0,0,0,0,0]",0.0,0.0,0.0,0.0,"[0,1,1,1,1,0]",Location information,Location cues
img3439,"[0,0,1,0,0,0,0,0]",0.0,0.0,0.0,0.0,"[0,1,1,1,0,0]",Location information,Location cues
img344,"[0,0,0,0,1,0,0,0]",0.0,0.0,0.0,0.0,"[0,1,1,1,0,0]",Public,Public
img3440,"[0,0,1,0,0,0,0,0]",0.0,0.0,0.0,0.0,"[0,1,1,1,0,0]",Location information,Location cues
img3441,"[0,0,1,0,1,0,0,0]",0.0,0.0,0.0,0.0,"[0,1,1,1,0,0]",Location information,Location cues
img3442,"[1,0,1,0,0,0,0,0]",2.0,0.0,0.0,0.0,"[0,1,1,1,0,0]",Location information,Location cues
img3443,"[0,0,1,0,0,0,0,0]",0.0,0.0,0.0,0.0,"[0,1,1,1,0,0]",Location information,Location cues
img3444,"[0,0,1,0,0,0,0,0]",0.0,0.0,0.0,0.0,"[0,1,1,1,1,0]",Location information,Location cues
img3445,"[0,0,1,0,0,0,0,0]",0.0,0.0,0.0,0.0,"[0,1,1,1,1,0]",Location information,Location cues
img3446,"[0,0,1,0,0,0,0,0]",0.0,0.0,0.0,0.0,"[0,1,1,1,1,0]",Location information,Location cues
img3447,"[0,0,1,0,0,0,0,0]",0.0,0.0,0.0,0.0,"[0,1,1,1,0,0]",Location information,Location cues
img3448,"[1,0,1,0,1,0,0,0]",2.0,0.0,0.0,0.0,"[0,1,1,1,0,0]",Location information,Location cues
img3449,"[0,0,1,0,0,0,0,0]",0.0,0.0,0.0,0.0,"[0,1,1,1,0,0]",Location information,Location cues
img345,"[0,0,1,0,0,0,0,0]",0.0,0.0,0.0,0.0,"[0,1,1,1,0,0]",Public,Public
img3450,"[0,0,1,0,0,0,0,0]",0.0,0.0,0.0,0.0,"[0,1,1,1,0,0]",Location information,Location cues
img3451,"[1,0,0,0,1,0,0,0]",2.0,0.0,0.0,0.0,"[0,1,1,1,0,0]",Location information,Location cues
img3452,"[0,0,1,0,0,0,0,0]",0.0,0.0,0.0,0.0,"[0,1,1,1,1,0]",Location information,Location cues
img3453,"[1,1,1,0,0,0,0,0]",2.0,0.0,0.0,0.0,"[0,1,1,1,0,0]",Location information,Location cues
img3454,"[1,0,1,0,1,0,0,0]",2.0,0.0,0.0,0.0,"[0,1,1,1,0,0]",Location information,Location cues
img3455,"[1,0,1,0,0,0,0,0]",2.0,0.0,0.0,0.0,"[0,1,1,1,0,0]",Location information,Location cues
img3456,"[1,0,0,0,0,0,0,0]",1.0,0.0,0.0,0.0,"[0,1,1,1,0,0]",Location information,Location cues
img3457,"[0,0,0,0,0,0,0,0]",0.0,0.0,0.0,0.0,"[0,1,1,1,1,0]",Location information,Location cues
img3458,"[0,0,1,0,0,0,0,0]",0.0,0.0,0.0,0.0,"[0,1,1,1,1,0]",Location information,Location cues
img3459,"[0,0,0,0,0,0,0,0]",0.0,0.0,0.0,0.0,"[0,1,1,1,1,0]",Location information,Location cues
img346,"[0,0,0,0,0,0,0,0]",0.0,0.0,0.0,0.0,"[0,1,1,0,0,0]",Public,Public
img3460,"[0,0,0,0,0,0,0,0]",0.0,0.0,0.0,0.0,"[0,1,1,1,1,1]",Location information,Location cues
img3461,"[0,0,1,0,0,0,0,0]",0.0,0.0,0.0,0.0,"[0,1,1,1,1,0]",Location information,Location cues
img3462,"[0,0,1,0,0,0,0,0]",0.0,0.0,0.0,0.0,"[0,1,1,1,1,0]",Location information,Location cues
img3463,"[1,0,1,0,0,0,0,0]",1.0,0.0,0.0,,"[0,1,1,0,0,0]",Location information,Location cues
img3464,"[0,0,1,0,0,0,0,0]",0.0,0.0,0.0,0.0,"[0,1,1,1,1,0]",Location information,Location cues
img3465,"[0,0,1,0,0,0,0,0]",0.0,0.0,0.0,0.0,"[0,1,1,1,1,0]",Location information,Location cues
img3466,"[1,0,1,1,1,0,0,0]",2.0,0.0,1.0,0.0,"[0,1,0,0,0,0]",Location information,Location cues
img3467,"[1,0,1,0,0,0,0,0]",2.0,0.0,0.0,0.0,"[0,1,1,1,0,0]",Location information,Location cues
img3468,"[0,0,1,0,0,0,0,0]",0.0,0.0,0.0,0.0,"[0,1,1,1,1,0]",Location information,Location cues
img3469,"[1,0,0,0,1,0,0,0]",2.0,0.0,0.0,0.0,"[0,1,1,1,0,0]",Location information,Location cues
img347,"[0,0,1,0,0,0,0,0]",0.0,0.0,0.0,0.0,"[0,1,1,1,0,0]",Public,Public
img3470,"[0,0,1,0,0,0,0,0]",0.0,0.0,0.0,0.0,"[0,1,1,1,0,0]",Location information,Location cues
img3471,"[0,0,1,0,0,0,0,0]",0.0,0.0,0.0,0.0,"[0,1,1,1,1,0]",Location information,Location cues
img3472,"[1,0,0,0,1,0,0,0]",2.0,0.0,0.0,0.0,"[0,1,1,1,0,0]",Location information,Location cues
img3473,"[1,0,1,0,0,0,0,0]",2.0,0.0,0.0,0.0,"[0,1,1,1,0,0]",Location information,Location cues
img3474,"[0,0,1,0,0,0,0,0]",0.0,0.0,0.0,0.0,"[0,1,1,1,1,0]",Location information,Location cues
img3475,"[1,0,1,0,1,0,0,0]",2.0,0.0,0.0,0.0,"[0,1,1,1,0,0]",Location information,Location cues
img3476,"[1,0,0,0,1,0,0,0]",1.0,0.0,0.0,0.0,"[0,1,1,1,0,0]",Location information,Location cues
img3477,"[0,0,1,0,0,0,0,0]",0.0,0.0,0.0,0.0,"[0,1,1,1,0,0]",Location information,Location cues
img3478,"[0,0,1,0,0,0,0,0]",0.0,0.0,0.0,0.0,"[0,1,1,1,1,0]",Location information,Location cues
img3479,"[1,0,1,0,0,0,0,0]",1.0,0.0,1.0,0.0,"[0,1,0,0,0,0]",Personal identity and sensitive information,Personal information
img348,"[0,0,0,0,0,0,0,0]",0.0,0.0,0.0,0.0,"[0,1,1,1,1,0]",Public,Public
img3480,"[1,0,1,0,0,0,0,0]",1.0,2.0,1.0,0.0,"[0,1,0,0,0,0]",Personal identity and sensitive information,Personal information
img3481,"[1,0,1,0,0,0,0,0]",2.0,0.0,1.0,1.0,"[0,1,0,0,0,0]",Personal identity and sensitive information,Personal information
img3482,"[1,0,1,0,0,0,0,0]",2.0,2.0,1.0,1.0,"[0,1,0,0,0,0]",Personal identity and sensitive information,Personal information
img3483,"[1,0,0,0,0,0,0,0]",2.0,2.0,1.0,1.0,"[0,1,0,0,0,0]",Personal identity and sensitive information,Personal information
img3484,"[1,0,1,0,0,0,0,0]",2.0,0.0,1.0,,"[0,1,0,0,0,0]",Personal identity and sensitive information,Personal information
img3485,"[1,0,1,0,0,0,0,0]",2.0,2.0,1.0,1.0,"[0,1,0,0,0,0]",Personal identity and sensitive information,Personal information
img3486,"[1,0,0,0,0,0,0,0]",0.0,2.0,1.0,0.0,"[0,1,0,0,0,0]",Personal identity and sensitive information,Personal information
img3487,"[1,0,1,0,0,0,0,0]",2.0,0.0,1.0,1.0,"[0,1,0,0,0,0]",Personal identity and sensitive information,Personal information
img3488,"[1,0,0,0,0,0,0,0]",2.0,2.0,1.0,1.0,"[0,1,0,0,0,0]",Personal identity and sensitive information,Personal information
img3489,"[1,0,0,0,0,0,0,0]",2.0,0.0,1.0,1.0,"[0,1,0,0,0,0]",Personal identity and sensitive information,Personal information
img349,"[0,0,0,0,0,0,0,1]",0.0,0.0,0.0,0.0,"[0,1,1,1,1,0]",Public,Public
img3490,"[1,0,1,0,0,0,0,0]",2.0,0.0,1.0,0.0,"[0,1,0,0,0,0]",Personal identity and sensitive information,Personal information
img3491,"[1,0,0,0,0,0,0,0]",2.0,2.0,1.0,0.0,"[0,1,0,0,0,0]",Personal identity and sensitive information,Personal information
img3492,"[1,0,1,0,0,0,0,0]",2.0,2.0,1.0,1.0,"[0,0,0,0,0,0]",Personal identity and sensitive information,Personal information
img3493,"[1,0,1,0,0,0,0,0]",2.0,0.0,1.0,1.0,"[0,0,0,0,0,0]",Personal identity and sensitive information,Personal information
img3494,"[1,0,0,0,0,0,0,0]",2.0,0.0,1.0,1.0,"[0,1,0,0,0,0]",Personal identity and sensitive information,Personal information
img3495,"[1,0,1,0,0,0,0,0]",2.0,0.0,1.0,1.0,"[0,0,0,0,0,0]",Personal identity and sensitive information,Personal information
img3496,"[1,0,1,0,0,0,0,0]",0.0,,1.0,0.0,"[0,1,0,0,0,0]",Personal identity and sensitive information,Personal information
img3497,"[1,0,1,0,0,0,0,0]",2.0,2.0,1.0,1.0,"[0,1,0,0,0,0]",Personal identity and sensitive information,Personal information
img3498,"[1,0,1,0,0,0,0,0]",1.0,2.0,1.0,0.0,"[0,1,0,0,0,0]",Personal identity and sensitive information,Personal information
img3499,"[1,0,1,0,0,0,0,0]",2.0,2.0,1.0,1.0,"[0,1,0,0,0,0]",Personal identity and sensitive information,Personal information
img35,"[1,1,0,1,0,1,0,0]",2.0,1.0,1.0,0.0,"[0,0,0,0,0,0]",Body and appearance,Body exposure and sexual implication
img350,"[0,0,0,0,0,0,0,0]",0.0,0.0,0.0,0.0,"[0,1,1,1,1,0]",Public,Public
img3500,"[1,0,0,0,0,0,0,0]",2.0,0.0,1.0,1.0,"[0,0,0,0,0,0]",Personal identity and sensitive information,Personal information
img3501,"[1,0,1,0,0,0,0,0]",2.0,0.0,1.0,1.0,"[0,0,0,0,0,0]",Personal identity and sensitive information,Personal information
img3502,"[1,0,1,0,0,0,0,0]",2.0,2.0,1.0,1.0,"[0,1,0,0,0,0]",Personal identity and sensitive information,Personal information
img3503,"[1,0,1,0,0,0,0,0]",2.0,0.0,1.0,1.0,"[0,1,0,0,0,0]",Personal identity and sensitive information,Personal information
img3504,"[1,0,1,0,0,0,0,0]",2.0,0.0,1.0,0.0,"[0,1,0,0,0,0]",Personal identity and sensitive information,Personal information
img3505,"[1,0,0,0,0,0,0,0]",2.0,0.0,1.0,1.0,"[0,1,0,0,0,0]",Personal identity and sensitive information,Personal information
img3506,"[1,0,1,0,0,0,0,0]",2.0,2.0,1.0,0.0,"[0,1,0,0,0,0]",Personal identity and sensitive information,Personal information
img3507,"[1,0,1,0,0,0,0,0]",2.0,2.0,1.0,1.0,"[0,1,0,0,0,0]",Personal identity and sensitive information,Personal information
img3508,"[1,0,1,0,0,0,0,0]",2.0,0.0,1.0,1.0,"[0,1,0,0,0,0]",Personal identity and sensitive information,Personal information
img3509,"[0,0,1,0,0,0,0,1]",0.0,1.0,0.0,0.0,"[0,1,1,0,0,0]",Location information,Living spaces
img351,"[0,0,0,0,0,0,0,0]",0.0,0.0,0.0,0.0,"[0,1,1,1,1,0]",Public,Public
img3510,"[0,0,1,0,0,0,0,1]",0.0,1.0,0.0,0.0,"[0,1,1,0,0,0]",Location information,Living spaces
img3511,"[0,0,1,0,0,0,0,1]",0.0,1.0,0.0,0.0,"[0,1,1,0,0,0]",Location information,Living spaces
img3512,"[1,0,1,0,1,0,0,0]",2.0,2.0,0.0,0.0,"[0,1,0,0,0,0]",Location information,Living spaces
img3513,"[0,0,1,0,0,0,0,1]",0.0,1.0,0.0,0.0,"[0,1,1,0,0,0]",Location information,Living spaces
img3514,"[0,0,1,0,0,0,0,1]",0.0,1.0,0.0,0.0,"[0,1,1,0,0,0]",Location information,Living spaces
img3515,"[0,0,1,0,0,0,0,1]",0.0,1.0,0.0,0.0,"[0,1,1,0,0,0]",Location information,Living spaces
img3516,"[0,0,1,0,0,0,0,1]",0.0,0.0,0.0,0.0,"[0,1,1,1,0,0]",Location information,Living spaces
img3517,"[0,0,1,0,0,0,0,1]",0.0,1.0,0.0,0.0,"[0,1,1,0,0,0]",Location information,Living spaces
img3518,"[0,0,0,0,0,0,0,0]",0.0,0.0,0.0,0.0,"[0,1,1,0,0,0]",Location information,Living spaces
img3519,"[0,0,1,0,0,0,0,1]",0.0,1.0,0.0,0.0,"[0,1,1,0,0,0]",Location information,Living spaces
img352,"[0,0,0,0,0,0,0,0]",0.0,0.0,0.0,0.0,"[0,1,1,1,1,1]",Public,Public
img3520,"[0,0,1,0,0,0,0,1]",0.0,1.0,0.0,0.0,"[0,1,1,0,0,0]",Location information,Living spaces
img3521,"[0,0,0,0,0,0,0,0]",0.0,0.0,0.0,0.0,"[0,1,1,1,1,0]",Location information,Living spaces
img3522,"[1,0,0,0,0,0,0,0]",2.0,0.0,0.0,0.0,"[0,1,1,1,0,0]",Location information,Living spaces
img3523,"[1,1,0,0,0,0,0,0]",2.0,0.0,0.0,0.0,"[0,1,1,1,0,0]",Location information,Living spaces
img3524,"[0,0,0,0,1,0,0,0]",0.0,0.0,1.0,0.0,"[0,1,1,1,0,0]",Location information,Living spaces
img3525,"[0,0,0,0,0,0,0,1]",0.0,0.0,0.0,0.0,"[0,1,1,1,1,0]",Location information,Living spaces
img3526,"[0,0,1,0,0,0,0,1]",0.0,1.0,0.0,0.0,"[0,1,1,0,0,0]",Location information,Living spaces
img3527,"[0,0,1,0,0,0,0,1]",0.0,1.0,0.0,0.0,"[0,1,1,0,0,0]",Location information,Living spaces
img3528,"[0,0,1,0,0,0,0,1]",0.0,1.0,0.0,0.0,"[0,1,0,0,0,0]",Location information,Living spaces
img3529,"[0,0,1,0,0,0,0,1]",0.0,1.0,0.0,0.0,"[0,1,0,0,0,0]",Location information,Living spaces
img353,"[0,0,0,0,0,0,0,0]",0.0,0.0,0.0,0.0,"[0,1,1,1,1,0]",Public,Public
img3530,"[0,0,1,0,0,0,0,1]",0.0,1.0,0.0,0.0,"[0,0,0,0,0,0]",Location information,Living spaces
img3531,"[0,0,0,0,0,0,0,1]",0.0,1.0,0.0,0.0,"[0,1,1,0,0,0]",Location information,Living spaces
img3532,"[0,0,1,0,0,0,0,1]",0.0,1.0,0.0,0.0,"[0,1,1,0,0,0]",Location information,Living spaces
img3533,"[1,0,1,0,0,0,0,0]",1.0,1.0,0.0,0.0,"[0,1,1,0,0,0]",Location information,Living spaces
img3534,"[0,0,1,0,0,0,0,1]",0.0,1.0,0.0,0.0,"[0,0,0,0,0,0]",Location information,Living spaces
img3535,"[0,0,1,0,0,0,0,1]",0.0,1.0,0.0,0.0,"[0,1,1,0,0,0]",Location information,Living spaces
img3536,"[1,0,1,0,0,0,0,1]",0.0,1.0,0.0,0.0,"[0,1,1,1,0,0]",Location information,Living spaces
img3537,"[0,0,1,0,1,0,0,1]",0.0,1.0,0.0,0.0,"[0,1,1,1,0,0]",Location information,Living spaces
img3538,"[0,0,0,0,0,0,0,1]",0.0,0.0,0.0,0.0,"[0,1,1,1,1,0]",Location information,Living spaces
img3539,"[0,0,0,0,0,0,0,1]",0.0,0.0,0.0,0.0,"[0,1,1,0,0,0]",Location information,Living spaces
img354,"[0,0,0,0,0,0,0,0]",0.0,0.0,0.0,0.0,"[0,1,1,1,1,0]",Public,Public
img3540,"[0,0,1,0,0,0,0,1]",0.0,1.0,0.0,0.0,"[0,1,0,0,0,0]",Location information,Living spaces
img3541,"[0,0,1,1,0,0,0,1]",0.0,1.0,1.0,0.0,"[0,1,0,0,0,0]",Location information,Living spaces
img3542,"[0,0,1,0,0,0,0,1]",0.0,1.0,0.0,0.0,"[0,1,0,0,0,0]",Location information,Living spaces
img3543,"[0,0,1,0,0,0,0,1]",0.0,1.0,0.0,0.0,"[0,1,1,0,0,0]",Location information,Living spaces
img3544,"[0,0,1,0,0,0,0,1]",0.0,0.0,0.0,0.0,"[0,1,1,1,0,0]",Location information,Living spaces
img3545,"[0,0,0,0,0,0,0,0]",0.0,0.0,0.0,0.0,"[0,1,1,1,0,0]",Location information,Living spaces
img3546,"[0,0,1,0,0,0,0,1]",0.0,1.0,0.0,0.0,"[0,1,1,0,0,0]",Location information,Living spaces
img3547,"[0,0,0,0,0,0,0,1]",0.0,0.0,0.0,0.0,"[0,1,1,1,0,0]",Location information,Living spaces
img3548,"[0,0,0,0,0,0,0,1]",0.0,0.0,0.0,0.0,"[0,1,0,0,0,0]",Location information,Living spaces
img3549,"[0,0,0,0,0,0,0,0]",0.0,0.0,0.0,0.0,"[0,1,1,0,0,0]",Location information,Living spaces
img355,"[0,0,0,0,0,0,0,0]",0.0,0.0,0.0,0.0,"[0,1,1,1,1,0]",Public,Public
img3550,"[0,0,0,0,0,0,0,1]",0.0,0.0,0.0,0.0,"[0,1,1,0,0,0]",Location information,Living spaces
img3551,"[0,0,1,0,0,0,0,1]",0.0,1.0,0.0,0.0,"[0,1,1,0,0,0]",Location information,Living spaces
img3552,"[0,0,0,0,0,0,0,1]",0.0,0.0,0.0,0.0,"[0,1,1,1,0,0]",Location information,Living spaces
img3553,"[0,0,1,0,0,0,0,1]",0.0,1.0,0.0,0.0,"[0,1,1,0,0,0]",Location information,Living spaces
img3554,"[1,0,1,0,0,1,0,0]",1.0,1.0,1.0,0.0,"[0,1,0,0,0,0]",Socio-cultural sensitive information,Politics/Social position
img3555,"[1,0,1,0,0,1,0,0]",1.0,1.0,1.0,1.0,"[0,1,0,0,0,0]",Socio-cultural sensitive information,Politics/Social position
img3556,"[1,1,0,0,0,1,0,0]",2.0,1.0,1.0,0.0,"[0,1,0,0,0,0]",Socio-cultural sensitive information,Politics/Social position
img3557,"[0,0,0,0,0,1,1,0]",1.0,0.0,2.0,0.0,"[0,1,0,0,0,0]",Socio-cultural sensitive information,Politics/Social position
img3558,"[0,0,0,0,0,1,0,0]",0.0,1.0,1.0,0.0,"[0,1,0,0,0,0]",Socio-cultural sensitive information,Politics/Social position
img3559,"[1,0,0,0,0,1,0,0]",2.0,1.0,1.0,0.0,"[0,1,0,0,0,0]",Socio-cultural sensitive information,Politics/Social position
img356,"[0,0,0,0,1,0,0,0]",0.0,0.0,0.0,0.0,"[0,1,1,1,1,1]",Public,Public
img3560,"[1,0,0,0,0,1,0,0]",2.0,1.0,2.0,0.0,"[0,1,0,0,0,0]",Socio-cultural sensitive information,Politics/Social position
img3561,"[0,0,0,0,0,1,0,0]",0.0,1.0,1.0,,"[0,1,0,0,0,0]",Socio-cultural sensitive information,Politics/Social position
img3562,"[1,0,0,0,0,1,0,0]",2.0,1.0,1.0,0.0,"[0,1,0,0,0,0]",Socio-cultural sensitive information,Politics/Social position
img3563,"[1,0,0,0,0,1,0,0]",1.0,1.0,1.0,0.0,"[0,1,0,0,0,0]",Socio-cultural sensitive information,Politics/Social position
img3564,"[1,1,0,0,0,1,0,0]",2.0,1.0,1.0,0.0,"[0,1,0,0,0,0]",Socio-cultural sensitive information,Politics/Social position
img3565,"[1,0,0,0,0,1,0,0]",2.0,1.0,1.0,0.0,"[0,1,0,0,0,0]",Socio-cultural sensitive information,Politics/Social position
img3566,"[1,0,1,0,0,1,0,0]",2.0,1.0,1.0,0.0,"[0,1,1,0,0,0]",Socio-cultural sensitive information,Politics/Social position
img3567,"[0,0,0,0,0,1,0,0]",0.0,1.0,1.0,0.0,"[0,1,0,0,0,0]",Socio-cultural sensitive information,Politics/Social position
img3568,"[1,0,0,0,0,1,0,0]",2.0,1.0,1.0,0.0,"[0,1,0,0,0,0]",Socio-cultural sensitive information,Politics/Social position
img3569,"[1,0,1,0,1,0,0,0]",2.0,1.0,0.0,0.0,"[0,1,1,0,0,0]",Location information,Public facilities
img357,"[1,0,0,0,1,0,0,0]",2.0,0.0,0.0,0.0,"[0,1,1,1,0,0]",Public,Public
img3570,"[1,0,1,0,1,0,0,0]",2.0,1.0,0.0,0.0,"[0,1,1,0,0,0]",Location information,Public facilities
img3571,"[1,0,1,0,1,0,0,0]",0.0,1.0,0.0,0.0,"[0,1,1,0,0,0]",Location information,Public facilities
img3572,"[1,0,1,0,1,0,0,0]",2.0,0.0,0.0,0.0,"[0,1,1,1,0,0]",Location information,Public facilities
img3573,"[0,0,0,0,1,0,0,0]",0.0,0.0,0.0,0.0,"[0,1,1,0,0,0]",Location information,Public facilities
img3574,"[1,0,1,0,1,0,0,0]",2.0,1.0,0.0,0.0,"[0,1,1,0,0,0]",Location information,Public facilities
img3575,"[1,0,1,0,1,0,0,1]",1.0,1.0,0.0,0.0,"[0,1,1,0,0,0]",Location information,Public facilities
img3576,"[1,0,1,0,1,0,0,0]",2.0,0.0,0.0,0.0,"[0,1,1,1,0,0]",Location information,Public facilities
img3577,"[1,0,1,0,1,0,0,0]",2.0,1.0,0.0,0.0,"[0,1,1,0,0,0]",Location information,Public facilities
img3578,"[1,1,1,0,1,0,0,0]",2.0,0.0,1.0,0.0,"[0,1,1,0,0,0]",Location information,Public facilities
img3579,"[1,0,1,0,1,0,0,0]",0.0,1.0,0.0,0.0,"[0,1,1,0,0,0]",Location information,Public facilities
img358,"[0,0,0,0,0,0,0,0]",0.0,0.0,0.0,0.0,"[0,1,1,1,1,0]",Public,Public
img3580,"[1,1,1,0,1,0,0,0]",2.0,1.0,0.0,0.0,"[0,1,1,1,0,0]",Location information,Public facilities
img3581,"[1,0,0,0,1,0,0,0]",1.0,0.0,0.0,0.0,"[0,1,1,1,0,0]",Location information,Public facilities
img3582,"[0,0,1,0,0,0,0,1]",0.0,0.0,0.0,0.0,"[0,1,1,1,0,0]",Location information,Public facilities
img3583,"[1,0,1,0,0,0,0,0]",2.0,0.0,0.0,1.0,"[0,1,1,1,0,0]",Location information,Public facilities
img3584,"[1,0,1,0,1,0,0,0]",2.0,1.0,0.0,0.0,"[0,1,1,0,0,0]",Location information,Public facilities
img3585,"[0,0,1,0,1,0,0,0]",0.0,1.0,0.0,0.0,"[0,1,1,0,0,0]",Location information,Public facilities
img3586,"[1,0,1,0,1,0,0,0]",2.0,0.0,0.0,0.0,"[0,1,1,0,0,0]",Location information,Public facilities
img3587,"[0,0,0,0,0,0,0,0]",0.0,0.0,0.0,0.0,"[0,1,1,1,1,0]",Location information,Public facilities
img3588,"[0,0,1,0,0,0,0,0]",0.0,1.0,0.0,0.0,"[0,1,1,1,0,0]",Location information,Public facilities
img3589,"[1,1,1,0,1,0,0,0]",2.0,1.0,0.0,0.0,"[0,1,1,0,0,0]",Location information,Public facilities
img359,"[0,0,0,0,0,0,0,0]",0.0,0.0,0.0,0.0,"[0,1,1,1,1,1]",Public,Public
img3590,"[0,0,0,0,0,0,0,0]",0.0,0.0,0.0,0.0,"[0,1,1,1,0,0]",Location information,Public facilities
img3591,"[1,0,0,0,0,0,0,0]",1.0,1.0,0.0,0.0,"[0,1,1,0,0,0]",Location information,Public facilities
img3592,"[1,1,1,0,1,0,0,0]",2.0,0.0,0.0,0.0,"[0,1,1,1,0,0]",Location information,Public facilities
img3593,"[1,0,1,0,1,0,0,0]",2.0,1.0,0.0,0.0,"[0,1,1,0,0,0]",Location information,Public facilities
img3594,"[1,0,1,0,1,0,0,0]",2.0,1.0,0.0,0.0,"[0,1,1,0,0,0]",Location information,Public facilities
img3595,"[1,0,0,0,0,0,0,0]",2.0,0.0,0.0,0.0,"[0,1,1,1,0,0]",Location information,Public facilities
img3596,"[0,0,0,0,1,0,0,0]",0.0,0.0,0.0,0.0,"[0,1,1,1,0,0]",Location information,Public facilities
img3597,"[1,0,1,0,1,0,0,0]",2.0,1.0,0.0,0.0,"[0,1,1,1,0,0]",Location information,Public facilities
img3598,"[1,1,1,0,1,0,0,0]",2.0,1.0,0.0,0.0,"[0,1,1,0,0,0]",Location information,Public facilities
img3599,"[1,0,1,0,1,0,0,0]",2.0,1.0,0.0,0.0,"[0,1,1,1,0,0]",Location information,Public facilities
img36,"[1,1,0,1,0,0,0,0]",1.0,0.0,1.0,0.0,"[0,0,0,0,0,0]",Body and appearance,Body exposure and sexual implication
img360,"[0,0,0,0,0,0,0,0]",0.0,0.0,0.0,0.0,"[0,1,1,1,1,1]",Public,Public
img3600,"[1,0,1,0,1,0,0,0]",2.0,0.0,0.0,0.0,"[0,1,1,1,0,0]",Location information,Public facilities
img3601,"[1,1,0,0,0,0,0,0]",2.0,0.0,0.0,0.0,"[0,1,1,0,0,0]",Location information,Public facilities
img3602,"[1,0,0,0,0,0,0,0]",2.0,0.0,0.0,0.0,"[0,1,1,1,0,0]",Location information,Public facilities
img3603,"[1,0,1,0,1,0,0,0]",2.0,1.0,0.0,0.0,"[0,1,1,0,0,0]",Location information,Public facilities
img3604,"[0,0,1,0,1,0,0,0]",0.0,0.0,0.0,0.0,"[0,1,1,1,0,0]",Location information,Public facilities
img3605,"[1,0,1,0,0,0,0,0]",2.0,0.0,0.0,0.0,"[0,1,0,0,0,0]",Location information,Public facilities
img3606,"[1,0,1,0,1,0,0,0]",2.0,1.0,0.0,0.0,"[0,1,1,1,0,0]",Location information,Public facilities
img3607,"[1,1,0,0,1,0,0,0]",2.0,0.0,0.0,0.0,"[0,1,1,0,0,0]",Location information,Public facilities
img3608,"[1,0,1,0,1,0,0,0]",2.0,1.0,0.0,0.0,"[0,1,1,1,0,0]",Location information,Public facilities
img3609,"[1,0,1,0,1,0,0,0]",2.0,1.0,0.0,0.0,"[0,1,1,1,0,0]",Location information,Public facilities
img361,"[0,0,0,0,0,0,0,0]",0.0,0.0,0.0,0.0,"[0,1,1,1,1,1]",Public,Public
img3610,"[1,0,1,0,1,0,0,0]",1.0,1.0,0.0,0.0,"[0,1,1,1,0,0]",Location information,Public facilities
img3611,"[1,0,1,0,1,0,0,0]",2.0,1.0,0.0,0.0,"[0,1,1,0,0,0]",Location information,Public facilities
img3612,"[0,0,0,0,0,0,0,1]",0.0,0.0,0.0,0.0,"[0,1,1,1,0,0]",Location information,Public facilities
img3613,"[1,0,1,1,1,0,0,0]",2.0,0.0,1.0,0.0,"[0,1,0,0,0,0]",Location information,Public facilities
img3614,"[1,1,1,0,1,0,0,0]",2.0,1.0,0.0,0.0,"[0,1,1,1,0,0]",Location information,Public facilities
img3615,"[1,1,0,0,1,0,0,0]",2.0,0.0,0.0,0.0,"[0,1,1,0,0,0]",Location information,Public facilities
img3616,"[1,0,1,0,1,0,0,0]",2.0,1.0,0.0,0.0,"[0,1,1,0,0,0]",Location information,Public facilities
img3617,"[1,0,1,0,1,0,0,0]",2.0,1.0,0.0,0.0,"[0,1,1,1,0,0]",Location information,Public facilities
img3618,"[0,0,0,0,1,0,0,0]",0.0,0.0,0.0,0.0,"[0,1,1,1,1,0]",Location information,Public facilities
img3619,"[1,0,1,0,1,0,0,0]",2.0,1.0,0.0,0.0,"[0,1,1,0,0,0]",Location information,Public facilities
img362,"[0,0,0,0,0,0,0,0]",0.0,0.0,0.0,0.0,"[0,1,1,1,1,0]",Public,Public
img3620,"[1,1,1,0,1,0,0,0]",2.0,2.0,0.0,0.0,"[0,1,0,0,0,0]",Location information,Public facilities
img3621,"[1,0,1,0,1,0,0,0]",2.0,1.0,0.0,0.0,"[0,1,1,0,0,0]",Location information,Public facilities
img3622,"[1,0,0,0,0,0,0,0]",2.0,0.0,0.0,0.0,"[0,1,1,1,0,0]",Location information,Public facilities
img3623,"[1,0,1,0,1,0,0,0]",2.0,1.0,0.0,0.0,"[0,1,1,1,0,0]",Location information,Public facilities
img3624,"[1,0,1,0,1,0,0,0]",2.0,1.0,0.0,0.0,"[0,1,1,0,0,0]",Location information,Public facilities
img3625,"[1,0,1,0,1,0,0,0]",2.0,0.0,0.0,0.0,"[0,1,1,1,0,0]",Location information,Public facilities
img3626,"[1,1,1,0,1,0,0,0]",2.0,1.0,0.0,0.0,"[0,1,1,1,0,0]",Location information,Public facilities
img3627,"[1,0,0,0,1,0,0,0]",2.0,0.0,0.0,0.0,"[0,1,1,0,0,0]",Location information,Public facilities
img3628,"[1,1,0,0,1,0,0,0]",2.0,0.0,0.0,0.0,"[0,1,1,1,0,0]",Location information,Public facilities
img3629,"[1,0,1,0,1,0,0,0]",1.0,0.0,0.0,0.0,"[0,1,1,1,0,0]",Location information,Public facilities
img363,"[0,0,0,0,0,0,0,1]",0.0,0.0,0.0,0.0,"[0,1,1,1,0,0]",Public,Public
img3630,"[1,1,0,0,0,0,0,0]",2.0,0.0,0.0,0.0,"[0,1,1,1,0,0]",Location information,Public facilities
img3631,"[1,0,1,0,1,0,0,0]",2.0,1.0,0.0,0.0,"[0,1,1,1,0,0]",Location information,Public facilities
img3632,"[1,0,1,0,1,0,0,0]",2.0,1.0,0.0,0.0,"[0,1,1,1,0,0]",Location information,Public facilities
img3633,"[0,0,0,0,1,0,0,0]",0.0,1.0,0.0,0.0,"[0,1,1,1,0,0]",Location information,Public facilities
img3634,"[1,0,1,0,1,0,0,0]",2.0,1.0,0.0,0.0,"[0,1,1,1,0,0]",Location information,Public facilities
img3635,"[1,1,1,0,1,0,0,0]",2.0,1.0,0.0,0.0,"[0,1,1,1,0,0]",Location information,Public facilities
img3636,"[0,0,0,0,1,0,0,0]",0.0,0.0,0.0,0.0,"[0,1,1,1,0,0]",Location information,Public facilities
img3637,"[1,0,1,0,1,0,0,0]",2.0,0.0,0.0,0.0,"[0,1,1,0,0,0]",Location information,Public facilities
img3638,"[1,0,0,0,0,0,0,0]",2.0,0.0,0.0,0.0,"[0,1,1,0,0,0]",Location information,Public facilities
img3639,"[0,0,0,0,0,0,0,1]",0.0,0.0,0.0,0.0,"[0,1,1,1,0,0]",Location information,Public facilities
img364,"[1,0,0,0,0,0,0,0]",2.0,0.0,0.0,0.0,"[0,1,1,1,0,0]",Public,Public
img3640,"[1,1,1,0,1,0,0,0]",2.0,1.0,0.0,0.0,"[0,1,1,0,0,0]",Location information,Public facilities
img3641,"[1,0,0,0,1,0,0,0]",2.0,0.0,0.0,0.0,"[0,1,1,1,0,0]",Location information,Public facilities
img3642,"[1,0,1,0,1,0,0,0]",1.0,1.0,0.0,0.0,"[0,1,1,0,0,0]",Location information,Public facilities
img3643,"[1,0,1,0,1,0,0,0]",0.0,1.0,0.0,0.0,"[0,1,1,1,0,0]",Location information,Public facilities
img3644,"[1,0,1,0,1,0,0,0]",2.0,1.0,0.0,0.0,"[0,1,1,0,0,0]",Location information,Public facilities
img3645,"[1,0,1,0,1,0,0,0]",2.0,1.0,0.0,0.0,"[0,1,1,0,0,0]",Location information,Public facilities
img3646,"[1,0,1,0,1,0,0,0]",2.0,0.0,0.0,0.0,"[0,1,1,0,0,0]",Location information,Public facilities
img3647,"[1,1,1,0,0,0,0,0]",2.0,0.0,0.0,1.0,"[0,1,1,1,0,0]",Personal identity and sensitive information,Family events
img3648,"[1,1,1,0,0,0,0,0]",2.0,0.0,0.0,0.0,"[0,1,1,1,0,0]",Personal identity and sensitive information,Family events
img3649,"[1,1,1,1,0,0,0,0]",1.0,0.0,1.0,1.0,"[0,1,1,1,0,0]",Personal identity and sensitive information,Family events
img365,"[0,0,0,0,0,0,0,0]",0.0,0.0,0.0,0.0,"[0,1,1,1,1,1]",Public,Public
img3650,"[1,1,1,0,0,0,0,0]",2.0,0.0,0.0,1.0,"[0,1,1,1,0,0]",Personal identity and sensitive information,Family events
img3651,"[1,1,0,0,0,0,0,0]",1.0,0.0,0.0,1.0,"[0,1,1,1,0,0]",Personal identity and sensitive information,Family events
img3652,"[1,1,0,0,0,0,0,0]",2.0,0.0,0.0,0.0,"[0,1,1,1,0,0]",Personal identity and sensitive information,Family events
img3653,"[0,0,1,0,0,0,0,0]",1.0,0.0,0.0,1.0,"[0,1,1,0,0,0]",Personal identity and sensitive information,Family events
img3654,"[1,1,1,0,0,0,0,0]",2.0,0.0,0.0,1.0,"[0,1,1,0,0,0]",Personal identity and sensitive information,Family events
img3655,"[1,1,1,0,0,0,0,0]",2.0,0.0,1.0,0.0,"[0,1,1,1,0,0]",Personal identity and sensitive information,Family events
img3656,"[1,1,0,0,0,0,0,0]",2.0,0.0,0.0,0.0,"[0,1,1,1,0,0]",Personal identity and sensitive information,Family events
img3657,"[1,1,1,0,0,0,0,0]",2.0,0.0,0.0,1.0,"[0,1,1,1,0,0]",Personal identity and sensitive information,Family events
img3658,"[1,1,1,0,0,0,0,0]",2.0,0.0,0.0,1.0,"[0,1,1,1,0,0]",Personal identity and sensitive information,Family events
img3659,"[1,1,1,0,0,0,0,0]",2.0,0.0,1.0,0.0,"[0,1,1,1,0,0]",Personal identity and sensitive information,Family events
img366,"[0,0,1,0,0,0,0,0]",0.0,0.0,0.0,0.0,"[0,1,1,1,1,0]",Public,Public
img3660,"[0,1,1,0,0,0,0,0]",1.0,0.0,0.0,1.0,"[0,0,0,0,0,0]",Personal identity and sensitive information,Family events
img3661,"[1,1,1,0,0,0,0,0]",2.0,0.0,0.0,0.0,"[0,1,1,1,0,0]",Personal identity and sensitive information,Family events
img3662,"[1,1,0,0,0,0,0,0]",2.0,0.0,0.0,0.0,"[0,1,1,1,0,0]",Personal identity and sensitive information,Family events
img3663,"[1,1,1,0,0,0,0,0]",2.0,0.0,0.0,1.0,"[0,1,1,1,0,0]",Personal identity and sensitive information,Family events
img3664,"[1,1,0,0,0,0,0,0]",2.0,0.0,0.0,0.0,"[0,1,1,1,0,0]",Personal identity and sensitive information,Family events
img3665,"[1,1,1,0,0,0,0,0]",2.0,0.0,0.0,0.0,"[0,1,1,1,0,0]",Personal identity and sensitive information,Family events
img3666,"[1,1,1,0,0,0,0,0]",2.0,0.0,0.0,0.0,"[0,1,1,1,0,0]",Personal identity and sensitive information,Family events
img3667,"[1,1,1,0,0,0,0,0]",2.0,0.0,0.0,0.0,"[0,1,1,1,0,0]",Personal identity and sensitive information,Family events
img3668,"[1,1,1,0,0,0,0,0]",2.0,0.0,0.0,0.0,"[0,1,1,1,0,0]",Personal identity and sensitive information,Family events
img3669,"[1,1,1,0,0,0,0,0]",2.0,0.0,0.0,0.0,"[0,1,1,1,0,0]",Personal identity and sensitive information,Family events
img367,"[0,0,1,0,0,0,0,0]",0.0,0.0,0.0,0.0,"[0,1,1,1,0,0]",Public,Public
img3670,"[0,1,0,0,0,0,0,0]",0.0,0.0,0.0,0.0,"[0,1,1,1,0,0]",Personal identity and sensitive information,Family events
img3671,"[1,1,0,0,0,0,0,0]",1.0,0.0,0.0,0.0,"[0,1,1,1,0,0]",Personal identity and sensitive information,Family events
img3672,"[1,1,0,1,0,0,0,0]",2.0,0.0,1.0,0.0,"[0,1,1,1,0,0]",Personal identity and sensitive information,Family events
img3673,"[1,1,1,0,0,0,0,0]",2.0,0.0,0.0,0.0,"[0,1,1,0,0,0]",Personal identity and sensitive information,Family events
img3674,"[1,1,1,0,0,0,0,0]",2.0,0.0,0.0,0.0,"[0,0,0,0,0,0]",Personal identity and sensitive information,Family events
img3675,"[1,1,1,0,0,0,0,0]",2.0,0.0,0.0,0.0,"[0,1,1,1,0,0]",Personal identity and sensitive information,Family events
img3676,"[1,1,1,0,0,0,0,0]",2.0,0.0,0.0,0.0,"[0,1,1,1,0,0]",Personal identity and sensitive information,Family events
img3677,"[1,1,1,0,0,0,0,0]",2.0,0.0,0.0,1.0,"[0,1,1,1,0,0]",Personal identity and sensitive information,Family events
img3678,"[1,1,1,0,0,0,0,0]",2.0,0.0,0.0,1.0,"[0,1,1,1,0,0]",Personal identity and sensitive information,Family events
img3679,"[1,1,1,0,0,0,0,0]",2.0,0.0,1.0,0.0,"[0,1,1,1,0,0]",Personal identity and sensitive information,Family events
img368,"[0,0,0,0,0,0,0,0]",0.0,0.0,0.0,0.0,"[0,1,1,1,1,1]",Public,Public
img3680,"[0,1,1,0,0,0,0,0]",0.0,0.0,0.0,0.0,"[0,1,1,1,0,0]",Personal identity and sensitive information,Family events
img3681,"[1,1,1,0,0,0,0,0]",2.0,0.0,0.0,0.0,"[0,1,1,1,0,0]",Personal identity and sensitive information,Family events
img3682,"[1,1,1,1,0,0,0,0]",1.0,0.0,1.0,0.0,"[0,1,1,1,0,0]",Personal identity and sensitive information,Family events
img3683,"[1,1,1,0,0,0,0,0]",2.0,0.0,0.0,1.0,"[0,1,1,1,0,0]",Personal identity and sensitive information,Family events
img3684,"[1,1,1,0,0,0,0,0]",2.0,0.0,0.0,1.0,"[0,1,1,0,0,0]",Personal identity and sensitive information,Family events
img3685,"[1,1,1,0,0,0,0,0]",2.0,0.0,0.0,0.0,"[0,1,1,1,0,0]",Personal identity and sensitive information,Family events
img3686,"[1,1,0,0,0,0,0,0]",2.0,0.0,0.0,0.0,"[0,1,1,1,0,0]",Personal identity and sensitive information,Family events
img3687,"[1,1,1,0,0,0,0,0]",1.0,0.0,0.0,0.0,"[0,1,1,1,0,0]",Personal identity and sensitive information,Family events
img3688,"[1,1,1,0,0,0,0,0]",2.0,0.0,0.0,0.0,"[0,1,1,1,0,0]",Personal identity and sensitive information,Family events
img3689,"[1,1,1,0,0,0,0,0]",2.0,0.0,0.0,1.0,"[0,1,1,1,0,0]",Personal identity and sensitive information,Family events
img369,"[0,0,1,0,0,0,0,0]",0.0,0.0,0.0,0.0,"[0,1,1,1,1,0]",Public,Public
img3690,"[1,1,0,0,0,0,0,0]",2.0,0.0,0.0,0.0,"[0,1,1,1,0,0]",Personal identity and sensitive information,Family events
img3691,"[1,1,0,0,0,0,0,0]",2.0,0.0,0.0,0.0,"[0,1,1,1,0,0]",Personal identity and sensitive information,Family events
img3692,"[1,1,1,0,0,0,0,0]",2.0,0.0,0.0,0.0,"[0,1,1,1,0,0]",Personal identity and sensitive information,Family events
img3693,"[1,1,1,0,0,0,0,0]",2.0,0.0,0.0,1.0,"[0,1,1,1,0,0]",Personal identity and sensitive information,Family events
img3694,"[1,1,1,0,0,0,0,0]",2.0,0.0,0.0,1.0,"[0,1,1,1,0,0]",Personal identity and sensitive information,Family events
img3695,"[1,1,1,0,0,0,0,0]",2.0,0.0,0.0,0.0,"[0,1,1,1,0,0]",Personal identity and sensitive information,Family events
img3696,"[1,1,1,0,0,0,0,0]",0.0,0.0,0.0,1.0,"[0,1,1,0,0,0]",Personal identity and sensitive information,Family events
img3697,"[1,0,0,0,0,0,0,0]",2.0,0.0,0.0,0.0,"[0,1,1,0,0,0]",Personal identity and sensitive information,Workplace/School
img3698,"[1,1,0,0,0,0,0,0]",1.0,0.0,0.0,0.0,"[0,1,1,1,0,0]",Personal identity and sensitive information,Workplace/School
img3699,"[1,1,1,0,0,0,0,0]",2.0,0.0,0.0,0.0,"[0,1,1,0,0,0]",Personal identity and sensitive information,Workplace/School
img37,"[1,1,0,1,0,0,0,0]",2.0,0.0,1.0,0.0,"[0,1,0,0,0,0]",Body and appearance,Body exposure and sexual implication
img370,"[0,0,0,0,0,0,0,0]",0.0,0.0,0.0,0.0,"[0,1,1,1,1,0]",Public,Public
img3700,"[1,1,0,0,0,0,0,0]",1.0,0.0,0.0,0.0,"[0,1,1,0,0,0]",Personal identity and sensitive information,Workplace/School
img3701,"[1,0,0,0,0,0,0,0]",2.0,1.0,0.0,0.0,"[0,1,1,0,0,0]",Personal identity and sensitive information,Workplace/School
img3702,"[1,0,0,0,0,0,0,0]",1.0,0.0,0.0,1.0,"[0,1,1,1,0,0]",Personal identity and sensitive information,Workplace/School
img3703,"[1,1,0,0,0,0,0,0]",2.0,0.0,0.0,0.0,"[0,1,1,1,0,0]",Personal identity and sensitive information,Workplace/School
img3704,"[1,1,0,0,0,0,0,0]",2.0,1.0,0.0,1.0,"[0,1,1,0,0,0]",Personal identity and sensitive information,Workplace/School
img3705,"[1,1,0,0,0,0,0,0]",1.0,0.0,0.0,0.0,"[0,1,1,0,0,0]",Personal identity and sensitive information,Workplace/School
img3706,"[1,1,0,0,1,0,0,0]",2.0,0.0,0.0,0.0,"[0,1,1,0,0,0]",Personal identity and sensitive information,Workplace/School
img3707,"[1,0,0,0,0,0,0,0]",2.0,1.0,0.0,0.0,"[0,1,1,0,0,0]",Personal identity and sensitive information,Workplace/School
img3708,"[1,1,0,0,0,0,0,0]",2.0,0.0,0.0,0.0,"[0,1,1,1,0,0]",Personal identity and sensitive information,Workplace/School
img3709,"[1,1,0,0,0,0,0,0]",2.0,1.0,0.0,0.0,"[0,1,1,1,0,0]",Personal identity and sensitive information,Workplace/School
img371,"[0,0,0,0,0,0,0,0]",0.0,0.0,0.0,0.0,"[0,1,1,1,0,0]",Public,Public
img3710,"[1,0,0,0,0,0,0,0]",1.0,1.0,0.0,0.0,"[0,1,1,1,0,0]",Personal identity and sensitive information,Workplace/School
img3711,"[1,1,0,0,0,0,0,0]",2.0,0.0,0.0,0.0,"[0,1,1,1,0,0]",Personal identity and sensitive information,Workplace/School
img3712,"[1,1,0,0,0,0,0,0]",2.0,0.0,0.0,0.0,"[0,1,1,1,0,0]",Personal identity and sensitive information,Workplace/School
img3713,"[1,1,0,0,0,0,0,0]",2.0,1.0,0.0,0.0,"[0,1,1,1,0,0]",Personal identity and sensitive information,Workplace/School
img3714,"[1,1,0,0,0,0,0,0]",2.0,0.0,0.0,0.0,"[0,1,1,1,0,0]",Personal identity and sensitive information,Workplace/School
img3715,"[1,0,0,0,0,0,0,0]",2.0,1.0,0.0,0.0,"[0,1,1,0,0,0]",Personal identity and sensitive information,Workplace/School
img3716,"[1,1,0,0,0,0,0,0]",1.0,1.0,0.0,0.0,"[0,1,1,0,0,0]",Personal identity and sensitive information,Workplace/School
img3717,"[0,0,0,0,0,0,0,0]",0.0,0.0,0.0,0.0,"[0,1,1,1,1,0]",Personal identity and sensitive information,Workplace/School
img3718,"[1,1,1,0,0,0,0,0]",2.0,1.0,0.0,0.0,"[0,1,1,1,0,0]",Personal identity and sensitive information,Workplace/School
img3719,"[1,0,0,0,0,0,0,0]",2.0,0.0,0.0,0.0,"[0,1,1,1,0,0]",Personal identity and sensitive information,Workplace/School
img372,"[0,0,0,0,0,0,0,0]",0.0,0.0,0.0,0.0,"[0,1,1,1,1,1]",Public,Public
img3720,"[1,1,1,0,0,0,0,0]",1.0,1.0,0.0,0.0,"[0,1,1,1,0,0]",Personal identity and sensitive information,Workplace/School
img3721,"[1,1,0,0,0,0,0,0]",2.0,1.0,0.0,0.0,"[0,1,1,0,0,0]",Personal identity and sensitive information,Workplace/School
img3722,"[1,1,0,0,0,0,0,0]",2.0,0.0,0.0,0.0,"[0,1,1,1,0,0]",Personal identity and sensitive information,Workplace/School
img3723,"[1,1,0,1,0,0,0,0]",2.0,1.0,0.0,0.0,"[0,1,1,0,0,0]",Personal identity and sensitive information,Workplace/School
img3724,"[1,1,0,0,1,0,0,0]",2.0,0.0,0.0,0.0,"[0,1,1,1,0,0]",Personal identity and sensitive information,Workplace/School
img3725,"[1,1,0,0,1,0,0,0]",1.0,0.0,,0.0,"[0,1,1,0,0,0]",Personal identity and sensitive information,Workplace/School
img3726,"[1,1,0,0,0,0,0,0]",1.0,0.0,0.0,0.0,"[0,1,1,1,0,0]",Personal identity and sensitive information,Workplace/School
img3727,"[1,1,1,0,0,0,0,0]",2.0,1.0,0.0,0.0,"[0,1,1,0,0,0]",Personal identity and sensitive information,Workplace/School
img3728,"[1,0,0,0,0,0,0,0]",2.0,1.0,0.0,0.0,"[0,1,1,0,0,0]",Personal identity and sensitive information,Workplace/School
img3729,"[1,0,0,0,0,0,0,0]",2.0,0.0,0.0,0.0,"[0,1,1,1,0,0]",Personal identity and sensitive information,Workplace/School
img373,"[0,0,0,0,0,0,0,0]",0.0,0.0,0.0,0.0,"[0,1,1,1,1,1]",Public,Public
img3730,"[1,0,0,0,0,0,0,0]",2.0,0.0,0.0,0.0,"[0,1,1,0,0,0]",Personal identity and sensitive information,Workplace/School
img3731,"[1,1,0,0,0,0,0,0]",1.0,0.0,0.0,0.0,"[0,1,1,1,0,0]",Personal identity and sensitive information,Workplace/School
img3732,"[1,1,1,0,0,0,0,0]",1.0,1.0,0.0,0.0,"[0,1,1,0,0,0]",Personal identity and sensitive information,Workplace/School
img3733,"[1,0,1,0,0,0,0,0]",1.0,0.0,0.0,0.0,"[0,1,1,1,0,0]",Personal identity and sensitive information,Workplace/School
img3734,"[1,0,0,0,0,0,0,0]",1.0,0.0,0.0,0.0,"[0,1,1,1,0,0]",Personal identity and sensitive information,Workplace/School
img3735,"[1,1,0,0,0,0,0,0]",2.0,0.0,0.0,0.0,"[0,1,1,0,0,0]",Personal identity and sensitive information,Workplace/School
img3736,"[1,1,0,0,0,0,0,0]",2.0,0.0,0.0,0.0,"[0,1,1,1,0,0]",Personal identity and sensitive information,Workplace/School
img3737,"[1,0,0,0,0,0,0,0]",2.0,0.0,0.0,0.0,"[0,1,1,1,0,0]",Personal identity and sensitive information,Workplace/School
img3738,"[1,0,0,0,1,0,0,0]",1.0,1.0,0.0,1.0,"[0,1,1,0,0,0]",Personal identity and sensitive information,Workplace/School
img3739,"[1,1,0,0,0,0,0,0]",2.0,1.0,0.0,0.0,"[0,1,1,0,0,0]",Personal identity and sensitive information,Workplace/School
img374,"[0,0,0,0,0,1,0,0]",0.0,1.0,0.0,0.0,"[0,1,1,0,0,0]",Public,Public
img3740,"[1,0,0,0,0,0,0,0]",2.0,1.0,0.0,0.0,"[0,1,1,1,0,0]",Personal identity and sensitive information,Workplace/School
img3741,"[1,0,0,0,0,0,0,0]",2.0,0.0,0.0,0.0,"[0,1,1,1,0,0]",Personal identity and sensitive information,Workplace/School
img3742,"[1,0,0,0,0,0,0,0]",2.0,1.0,0.0,0.0,"[0,1,1,1,0,0]",Personal identity and sensitive information,Workplace/School
img3743,"[1,0,0,0,0,0,0,0]",2.0,0.0,0.0,0.0,"[0,1,1,0,0,0]",Personal identity and sensitive information,Workplace/School
img3744,"[1,1,0,0,0,0,0,0]",1.0,0.0,0.0,0.0,"[0,1,1,0,0,0]",Personal identity and sensitive information,Workplace/School
img3745,"[1,0,0,0,1,0,0,0]",2.0,0.0,0.0,0.0,"[0,1,1,1,0,0]",Personal identity and sensitive information,Workplace/School
img3746,"[1,0,0,0,0,0,0,0]",2.0,0.0,0.0,0.0,"[0,1,1,1,0,0]",Personal identity and sensitive information,Workplace/School
img3747,"[1,0,0,0,0,0,0,0]",1.0,0.0,0.0,0.0,"[0,1,1,0,0,0]",Risk and crime-related information,Violence/Threat
img3748,"[0,0,0,0,0,0,1,0]",0.0,1.0,2.0,0.0,"[0,0,0,0,0,0]",Risk and crime-related information,Violence/Threat
img3749,"[1,1,0,0,0,0,1,0]",2.0,0.0,2.0,0.0,"[0,1,0,0,0,0]",Risk and crime-related information,Violence/Threat
img375,"[0,0,0,0,0,0,0,0]",0.0,0.0,0.0,0.0,"[0,1,1,1,1,1]",Public,Public
img3750,"[1,0,0,0,1,0,1,0]",1.0,1.0,2.0,0.0,"[0,1,1,0,0,0]",Risk and crime-related information,Violence/Threat
img3751,"[1,0,0,0,1,0,1,0]",2.0,1.0,2.0,0.0,"[0,1,0,0,0,0]",Risk and crime-related information,Violence/Threat
img3752,"[0,0,0,0,1,0,0,0]",0.0,0.0,1.0,0.0,"[0,1,1,0,0,0]",Risk and crime-related information,Violence/Threat
img3753,"[1,0,0,0,0,0,0,1]",1.0,0.0,0.0,0.0,"[0,1,1,0,0,0]",Risk and crime-related information,Violence/Threat
img3754,"[1,0,0,0,1,0,1,0]",2.0,0.0,2.0,0.0,"[0,1,0,0,0,0]",Risk and crime-related information,Violence/Threat
img3755,"[0,0,0,0,0,0,1,0]",0.0,1.0,2.0,0.0,"[0,0,0,0,0,0]",Risk and crime-related information,Violence/Threat
img3756,"[1,0,0,0,0,1,1,0]",1.0,0.0,2.0,0.0,"[0,1,1,0,0,0]",Risk and crime-related information,Violence/Threat
img3757,"[0,0,0,0,0,0,1,0]",0.0,0.0,2.0,,"[0,0,0,0,0,0]",Risk and crime-related information,Violence/Threat
img3758,"[0,0,0,0,1,0,1,0]",0.0,1.0,1.0,0.0,"[0,1,0,0,0,0]",Risk and crime-related information,Violence/Threat
img3759,"[0,0,0,0,1,0,1,0]",0.0,1.0,2.0,0.0,"[0,1,0,0,0,0]",Risk and crime-related information,Violence/Threat
img376,"[0,0,0,0,0,0,0,1]",0.0,0.0,0.0,0.0,"[0,1,1,1,0,0]",Public,Public
img3760,"[1,0,0,0,0,0,1,0]",1.0,0.0,2.0,0.0,"[0,1,0,0,0,0]",Risk and crime-related information,Violence/Threat
img3761,"[1,0,0,0,1,1,0,0]",1.0,0.0,2.0,0.0,"[0,1,0,0,0,0]",Risk and crime-related information,Violence/Threat
img3762,"[0,0,0,0,0,0,1,0]",0.0,1.0,2.0,0.0,"[0,1,0,0,0,0]",Risk and crime-related information,Violence/Threat
img3763,"[0,0,0,0,0,0,1,0]",0.0,2.0,2.0,0.0,"[0,1,0,0,0,0]",Risk and crime-related information,Violence/Threat
img3764,"[1,0,0,0,1,0,1,0]",2.0,0.0,2.0,0.0,"[0,1,0,0,0,0]",Risk and crime-related information,Violence/Threat
img3765,"[0,0,0,0,0,0,1,0]",0.0,0.0,2.0,,"[0,0,0,0,0,0]",Risk and crime-related information,Violence/Threat
img3766,"[0,0,0,0,0,0,1,0]",0.0,0.0,2.0,0.0,"[0,0,0,0,0,0]",Risk and crime-related information,Violence/Threat
img3767,"[1,0,0,0,0,0,1,0]",2.0,0.0,1.0,0.0,"[0,1,0,0,0,0]",Risk and crime-related information,Violence/Threat
img3768,"[1,0,1,0,1,0,0,0]",1.0,1.0,0.0,0.0,"[0,1,1,1,0,0]",Personal preferences,Hobbies/Leisure/Style
img3769,"[1,0,0,0,1,0,0,0]",2.0,0.0,0.0,0.0,"[0,1,1,1,0,0]",Personal preferences,Hobbies/Leisure/Style
img377,"[0,0,0,0,0,0,0,0]",0.0,0.0,0.0,0.0,"[0,1,1,1,1,1]",Public,Public
img3770,"[1,0,0,0,1,0,0,0]",2.0,0.0,0.0,0.0,"[0,1,1,1,0,0]",Personal preferences,Hobbies/Leisure/Style
img3771,"[1,0,0,0,1,0,0,0]",2.0,0.0,0.0,0.0,"[0,1,1,1,0,0]",Personal preferences,Hobbies/Leisure/Style
img3772,"[1,0,0,0,1,0,0,0]",2.0,0.0,0.0,0.0,"[0,1,1,1,0,0]",Personal preferences,Hobbies/Leisure/Style
img3773,"[1,1,0,0,1,0,0,0]",2.0,0.0,0.0,0.0,"[0,1,1,0,0,0]",Personal preferences,Hobbies/Leisure/Style
img3774,"[1,0,0,0,1,0,0,0]",2.0,0.0,0.0,0.0,"[0,1,1,1,0,0]",Personal preferences,Hobbies/Leisure/Style
img3775,"[1,0,0,0,1,0,0,0]",2.0,0.0,0.0,0.0,"[0,1,1,1,0,0]",Personal preferences,Hobbies/Leisure/Style
img3776,"[1,0,0,0,1,0,0,0]",2.0,0.0,0.0,0.0,"[0,1,1,1,0,0]",Personal preferences,Hobbies/Leisure/Style
img3777,"[1,0,0,0,1,0,0,0]",2.0,0.0,0.0,0.0,"[0,1,1,1,0,0]",Personal preferences,Hobbies/Leisure/Style
img3778,"[1,0,0,0,1,0,0,0]",2.0,0.0,0.0,0.0,"[0,1,1,1,0,0]",Personal preferences,Hobbies/Leisure/Style
img3779,"[1,0,1,0,1,0,0,0]",2.0,0.0,0.0,0.0,"[0,1,1,1,0,0]",Personal preferences,Hobbies/Leisure/Style
img378,"[0,0,0,0,0,0,0,0]",0.0,0.0,0.0,0.0,"[0,1,1,1,1,1]",Public,Public
img3780,"[1,0,0,1,1,0,0,0]",2.0,0.0,0.0,0.0,"[0,1,1,1,0,0]",Personal preferences,Hobbies/Leisure/Style
img3781,"[1,0,1,0,1,0,0,0]",2.0,0.0,0.0,0.0,"[0,1,1,1,0,0]",Personal preferences,Hobbies/Leisure/Style
img3782,"[1,0,0,0,1,0,0,0]",2.0,0.0,0.0,,"[0,1,1,1,0,0]",Personal preferences,Hobbies/Leisure/Style
img3783,"[1,0,0,0,0,0,0,0]",2.0,0.0,1.0,0.0,"[0,1,1,0,0,0]",Public,Public
img3784,"[1,0,0,0,1,0,0,0]",2.0,0.0,1.0,0.0,"[0,1,1,0,0,0]",Public,Public
img3785,"[1,0,0,0,0,1,0,0]",2.0,1.0,1.0,0.0,"[0,1,1,0,0,0]",Public,Public
img3786,"[1,0,0,0,1,0,0,0]",1.0,0.0,0.0,0.0,"[0,1,1,1,0,0]",Public,Public
img3787,"[1,1,0,0,1,0,0,0]",2.0,0.0,0.0,0.0,"[0,1,1,1,0,0]",Public,Public
img3788,"[1,0,1,0,0,0,0,0]",2.0,0.0,0.0,0.0,"[0,1,1,1,0,0]",Public,Public
img3789,"[1,0,0,0,0,0,0,0]",1.0,0.0,0.0,0.0,"[0,1,1,1,0,0]",Public,Public
img379,"[0,0,1,0,0,0,0,0]",0.0,0.0,0.0,0.0,"[0,1,1,1,1,0]",Public,Public
img3790,"[1,0,0,0,0,0,0,0]",2.0,0.0,0.0,0.0,"[0,1,1,1,0,0]",Public,Public
img3791,"[0,0,0,0,1,0,0,0]",0.0,0.0,0.0,0.0,"[0,1,1,1,1,0]",Public,Public
img3792,"[0,0,0,0,0,0,0,1]",0.0,0.0,0.0,0.0,"[0,1,1,1,1,0]",Public,Public
img3793,"[1,0,0,0,0,0,0,0]",2.0,0.0,0.0,0.0,"[0,1,1,1,0,0]",Public,Public
img3794,"[0,0,1,0,0,0,0,0]",0.0,0.0,0.0,0.0,"[0,1,1,1,0,0]",Public,Public
img3795,"[1,1,0,0,1,0,0,0]",2.0,0.0,0.0,0.0,"[0,1,1,1,0,0]",Public,Public
img3796,"[1,1,0,0,0,0,0,0]",2.0,0.0,,0.0,"[0,1,1,1,0,0]",Public,Public
img3797,"[1,1,0,0,0,0,0,0]",2.0,0.0,0.0,0.0,"[0,1,1,1,0,0]",Public,Public
img3798,"[1,0,1,0,0,0,0,0]",2.0,0.0,0.0,0.0,"[0,1,1,1,0,0]",Public,Public
img3799,"[0,0,1,0,0,0,0,0]",0.0,0.0,0.0,0.0,"[0,1,1,1,1,0]",Public,Public
img38,"[1,1,0,1,0,0,0,0]",2.0,0.0,1.0,0.0,"[0,1,0,0,0,0]",Body and appearance,Body exposure and sexual implication
img380,"[0,0,1,0,0,0,0,0]",0.0,0.0,0.0,0.0,"[0,1,1,1,1,1]",Public,Public
img3800,"[1,0,0,1,0,0,0,0]",2.0,0.0,1.0,0.0,"[0,0,0,0,0,0]",Public,Public
img3801,"[0,0,0,0,0,0,0,0]",0.0,0.0,0.0,0.0,"[0,1,1,1,1,0]",Public,Public
img3802,"[1,0,1,0,0,0,0,0]",2.0,0.0,0.0,0.0,"[0,1,1,1,0,0]",Public,Public
img3803,"[1,0,0,0,1,0,0,0]",2.0,0.0,0.0,0.0,"[0,1,1,1,0,0]",Public,Public
img3804,"[1,0,0,1,1,0,0,0]",2.0,0.0,1.0,0.0,"[0,0,0,0,0,0]",Public,Public
img3805,"[1,0,0,0,1,0,0,0]",2.0,0.0,0.0,0.0,"[0,1,1,1,0,0]",Public,Public
img3806,"[1,0,0,0,1,0,0,0]",2.0,0.0,0.0,0.0,"[0,1,1,1,0,0]",Public,Public
img3807,"[1,0,0,0,1,0,0,0]",2.0,0.0,0.0,0.0,"[0,1,1,1,0,0]",Public,Public
img3808,"[0,0,0,0,1,0,0,0]",0.0,0.0,0.0,0.0,"[0,1,1,1,0,0]",Public,Public
img3809,"[1,1,1,0,0,0,0,0]",2.0,0.0,0.0,1.0,"[0,1,1,1,0,0]",Public,Public
img381,"[0,0,0,0,0,0,0,0]",0.0,0.0,0.0,0.0,"[0,1,1,1,1,1]",Public,Public
img3810,"[1,0,0,0,0,0,0,0]",2.0,0.0,0.0,0.0,"[0,1,1,1,0,0]",Public,Public
img3811,"[0,0,0,0,1,0,0,0]",0.0,0.0,0.0,0.0,"[0,1,1,0,0,0]",Personal preferences,Hobbies/Leisure/Style
img3812,"[0,0,0,0,0,0,0,1]",0.0,0.0,0.0,0.0,"[0,1,1,1,0,0]",Personal preferences,Hobbies/Leisure/Style
img3813,"[0,0,0,0,1,0,0,0]",0.0,0.0,0.0,0.0,"[0,1,1,1,1,0]",Personal preferences,Hobbies/Leisure/Style
img3814,"[0,0,0,0,0,0,0,0]",0.0,0.0,0.0,0.0,"[0,1,1,1,1,0]",Personal preferences,Hobbies/Leisure/Style
img3815,"[0,0,0,0,0,0,0,0]",0.0,0.0,0.0,0.0,"[0,1,1,1,0,0]",Personal preferences,Hobbies/Leisure/Style
img3816,"[0,0,0,0,0,0,0,0]",0.0,0.0,0.0,0.0,"[0,1,1,1,1,0]",Personal preferences,Hobbies/Leisure/Style
img3817,"[0,0,0,0,0,0,0,0]",0.0,0.0,0.0,0.0,"[0,1,1,1,1,0]",Personal preferences,Hobbies/Leisure/Style
img3818,"[1,0,0,0,1,0,0,0]",1.0,0.0,0.0,0.0,"[0,1,1,1,0,0]",Personal preferences,Hobbies/Leisure/Style
img3819,"[0,0,0,0,1,0,0,0]",0.0,0.0,0.0,0.0,"[0,1,1,1,0,0]",Personal preferences,Hobbies/Leisure/Style
img382,"[1,0,1,0,0,0,0,0]",2.0,0.0,0.0,0.0,"[0,1,1,0,0,0]",Public,Public
img3820,"[1,1,1,0,1,0,0,0]",2.0,0.0,0.0,0.0,"[0,1,1,1,0,0]",Personal preferences,Hobbies/Leisure/Style
img3821,"[0,0,0,0,1,0,0,1]",0.0,0.0,0.0,0.0,"[0,1,1,1,0,0]",Personal preferences,Hobbies/Leisure/Style
img3822,"[1,0,0,1,1,0,0,0]",2.0,0.0,1.0,0.0,"[0,0,0,0,0,0]",Personal preferences,Hobbies/Leisure/Style
img3823,"[1,1,0,0,1,0,0,0]",1.0,0.0,1.0,1.0,"[0,1,1,0,0,0]",Personal preferences,Hobbies/Leisure/Style
img3824,"[1,0,0,0,0,0,0,0]",2.0,0.0,0.0,0.0,"[0,1,1,0,0,0]",Personal preferences,Hobbies/Leisure/Style
img3825,"[0,0,0,1,1,0,0,0]",0.0,0.0,1.0,0.0,"[0,0,0,0,0,0]",Personal preferences,Hobbies/Leisure/Style
img3826,"[1,0,1,0,1,0,0,0]",2.0,0.0,0.0,0.0,"[0,1,1,1,0,0]",Personal preferences,Hobbies/Leisure/Style
img3827,"[1,0,0,0,0,0,0,0]",2.0,0.0,0.0,0.0,"[0,1,1,0,0,0]",Personal preferences,Hobbies/Leisure/Style
img3828,"[0,0,0,0,1,0,0,0]",0.0,0.0,0.0,0.0,"[0,1,1,1,0,0]",Personal preferences,Hobbies/Leisure/Style
img3829,"[1,0,0,0,1,0,0,0]",2.0,0.0,0.0,0.0,"[0,1,1,1,0,0]",Personal preferences,Hobbies/Leisure/Style
img383,"[0,0,0,0,0,0,0,0]",0.0,0.0,0.0,0.0,"[0,1,1,1,0,0]",Public,Public
img3830,"[0,0,0,0,0,0,0,0]",0.0,0.0,0.0,0.0,"[0,1,1,1,1,0]",Personal preferences,Hobbies/Leisure/Style
img3831,"[0,0,1,0,0,0,0,0]",0.0,0.0,0.0,0.0,"[0,1,1,1,1,1]",Personal preferences,Hobbies/Leisure/Style
img3832,"[0,0,0,0,0,0,0,0]",0.0,0.0,0.0,0.0,"[0,1,1,1,1,0]",Personal preferences,Hobbies/Leisure/Style
img3833,"[0,0,1,0,0,0,0,1]",0.0,1.0,0.0,0.0,"[0,1,0,0,0,0]",Personal preferences,Hobbies/Leisure/Style
img3834,"[1,0,0,1,0,0,0,0]",2.0,0.0,1.0,1.0,"[0,1,0,0,0,0]",Personal preferences,Hobbies/Leisure/Style
img3835,"[0,0,0,0,1,0,0,0]",0.0,0.0,0.0,0.0,"[0,1,1,1,0,0]",Personal preferences,Hobbies/Leisure/Style
img3836,"[1,0,0,0,1,0,0,0]",0.0,0.0,0.0,0.0,"[0,1,1,1,0,0]",Personal preferences,Hobbies/Leisure/Style
img3837,"[0,0,0,0,1,0,0,0]",0.0,0.0,0.0,0.0,"[0,1,1,1,1,0]",Personal preferences,Hobbies/Leisure/Style
img3838,"[1,0,0,0,1,0,0,0]",2.0,0.0,0.0,0.0,"[0,1,1,1,0,0]",Personal preferences,Hobbies/Leisure/Style
img3839,"[1,0,1,1,1,0,0,0]",2.0,0.0,1.0,0.0,"[0,1,0,0,0,0]",Personal preferences,Hobbies/Leisure/Style
img384,"[1,0,0,0,1,0,0,1]",1.0,0.0,0.0,0.0,"[0,1,1,1,0,0]",Public,Public
img3840,"[0,0,0,0,0,0,0,0]",0.0,0.0,0.0,0.0,"[0,1,1,1,1,0]",Personal preferences,Hobbies/Leisure/Style
img3841,"[1,0,1,0,1,0,0,0]",1.0,0.0,0.0,0.0,"[0,1,1,1,0,0]",Personal preferences,Hobbies/Leisure/Style
img3842,"[0,0,0,0,1,0,0,0]",0.0,0.0,0.0,0.0,"[0,1,1,1,1,1]",Personal preferences,Hobbies/Leisure/Style
img3843,"[1,0,0,0,0,0,0,0]",2.0,0.0,0.0,0.0,"[0,1,1,1,0,0]",Personal preferences,Hobbies/Leisure/Style
img3844,"[1,0,0,0,1,0,0,0]",2.0,0.0,0.0,0.0,"[0,1,1,1,0,0]",Personal preferences,Hobbies/Leisure/Style
img3845,"[0,0,1,0,1,0,0,1]",0.0,0.0,0.0,0.0,"[0,1,1,1,0,0]",Personal preferences,Hobbies/Leisure/Style
img3846,"[1,0,0,0,1,0,0,0]",1.0,0.0,0.0,0.0,"[0,1,1,1,0,0]",Personal preferences,Hobbies/Leisure/Style
img3847,"[0,0,0,0,0,0,0,1]",0.0,0.0,0.0,0.0,"[0,1,1,1,0,0]",Personal preferences,Hobbies/Leisure/Style
img3848,"[1,0,0,0,1,0,0,0]",2.0,0.0,0.0,0.0,"[0,1,1,1,0,0]",Personal preferences,Hobbies/Leisure/Style
img3849,"[1,0,0,1,1,0,0,0]",2.0,0.0,1.0,0.0,"[0,1,0,0,0,0]",Personal preferences,Hobbies/Leisure/Style
img385,"[0,0,1,0,0,0,0,0]",0.0,0.0,0.0,0.0,"[0,1,1,1,1,0]",Public,Public
img3850,"[1,0,0,1,1,0,0,0]",2.0,1.0,1.0,0.0,"[0,0,0,0,0,0]",Personal preferences,Hobbies/Leisure/Style
img3851,"[0,0,0,0,0,0,0,0]",0.0,0.0,0.0,0.0,"[0,1,1,1,0,0]",Personal preferences,Hobbies/Leisure/Style
img3852,"[0,0,0,0,0,0,0,1]",0.0,0.0,0.0,0.0,"[0,1,1,1,0,0]",Personal preferences,Hobbies/Leisure/Style
img3853,"[0,0,0,0,1,0,0,0]",2.0,0.0,0.0,0.0,"[0,1,1,1,1,0]",Personal preferences,Hobbies/Leisure/Style
img3854,"[0,0,0,0,0,0,0,0]",0.0,0.0,0.0,0.0,"[0,1,1,1,1,0]",Personal preferences,Hobbies/Leisure/Style
img3855,"[0,0,0,0,0,0,0,1]",0.0,0.0,0.0,0.0,"[0,1,1,1,1,0]",Personal preferences,Hobbies/Leisure/Style
img3856,"[1,0,0,0,1,0,0,0]",0.0,0.0,0.0,0.0,"[0,1,1,1,0,0]",Personal preferences,Hobbies/Leisure/Style
img3857,"[1,0,0,1,1,0,0,0]",2.0,0.0,1.0,0.0,"[0,0,0,0,0,0]",Personal preferences,Hobbies/Leisure/Style
img3858,"[1,0,0,0,1,0,0,0]",1.0,0.0,0.0,0.0,"[0,1,1,1,0,0]",Personal preferences,Hobbies/Leisure/Style
img3859,"[0,0,0,0,1,0,0,0]",0.0,0.0,0.0,0.0,"[0,1,1,1,0,0]",Personal preferences,Hobbies/Leisure/Style
img386,"[0,0,0,0,0,0,0,0]",0.0,0.0,0.0,0.0,"[0,1,1,1,1,1]",Public,Public
img3860,"[1,0,0,1,1,0,0,0]",2.0,0.0,1.0,0.0,"[0,1,0,0,0,0]",Personal preferences,Hobbies/Leisure/Style
img3861,"[1,0,0,0,1,0,0,0]",1.0,0.0,0.0,0.0,"[0,1,1,1,0,0]",Personal preferences,Hobbies/Leisure/Style
img3862,"[0,0,0,0,0,0,0,0]",0.0,0.0,0.0,0.0,"[0,1,1,1,1,0]",Personal preferences,Hobbies/Leisure/Style
img3863,"[1,0,0,0,0,0,0,0]",2.0,2.0,1.0,0.0,"[0,1,0,0,0,0]",Personal preferences,Hobbies/Leisure/Style
img3864,"[1,0,0,0,0,0,0,0]",2.0,0.0,0.0,0.0,"[0,1,1,1,0,0]",Personal preferences,Hobbies/Leisure/Style
img3865,"[0,0,0,0,1,0,0,0]",0.0,0.0,0.0,0.0,"[0,1,1,1,0,0]",Personal preferences,Hobbies/Leisure/Style
img3866,"[0,0,0,0,1,0,0,1]",0.0,0.0,0.0,0.0,"[0,1,1,0,0,0]",Personal preferences,Hobbies/Leisure/Style
img3867,"[1,0,0,0,1,0,0,0]",1.0,0.0,0.0,0.0,"[0,1,1,0,0,0]",Personal preferences,Hobbies/Leisure/Style
img3868,"[0,0,0,0,1,0,0,0]",0.0,0.0,0.0,0.0,"[0,1,1,1,0,0]",Personal preferences,Hobbies/Leisure/Style
img3869,"[1,0,0,0,0,0,0,0]",2.0,0.0,0.0,0.0,"[0,1,1,1,0,0]",Personal preferences,Hobbies/Leisure/Style
img387,"[0,0,0,0,0,0,0,0]",0.0,0.0,0.0,0.0,"[0,1,1,1,0,0]",Public,Public
img3870,"[0,0,0,0,0,0,0,0]",0.0,0.0,0.0,0.0,"[0,1,1,1,1,0]",Personal preferences,Hobbies/Leisure/Style
img3871,"[0,0,0,0,1,0,0,0]",0.0,0.0,0.0,0.0,"[0,1,1,1,1,0]",Personal preferences,Hobbies/Leisure/Style
img3872,"[0,0,0,0,0,0,0,1]",0.0,0.0,0.0,0.0,"[0,1,1,1,0,0]",Personal preferences,Hobbies/Leisure/Style
img3873,"[1,1,0,0,0,0,0,0]",2.0,0.0,0.0,0.0,"[0,1,1,1,0,0]",Personal preferences,Hobbies/Leisure/Style
img3874,"[1,0,1,1,1,0,0,0]",2.0,0.0,1.0,0.0,"[0,0,0,0,0,0]",Personal preferences,Hobbies/Leisure/Style
img3875,"[1,0,0,1,1,0,0,0]",0.0,,1.0,0.0,"[0,1,0,0,0,0]",Personal preferences,Hobbies/Leisure/Style
img3876,"[0,0,0,0,1,0,0,0]",0.0,0.0,0.0,0.0,"[0,1,1,1,0,0]",Personal preferences,Hobbies/Leisure/Style
img3877,"[0,0,0,0,1,0,0,0]",0.0,0.0,1.0,0.0,"[0,1,1,1,0,0]",Personal preferences,Hobbies/Leisure/Style
img3878,"[0,0,1,0,0,0,0,0]",0.0,0.0,0.0,0.0,"[0,1,1,1,1,1]",Personal preferences,Hobbies/Leisure/Style
img3879,"[0,0,0,0,1,0,0,0]",0.0,0.0,0.0,0.0,"[0,1,1,1,0,0]",Personal preferences,Hobbies/Leisure/Style
img388,"[1,0,0,0,1,0,0,0]",1.0,0.0,0.0,0.0,"[0,1,1,1,0,0]",Public,Public
img3880,"[0,0,0,0,1,0,0,1]",0.0,0.0,0.0,0.0,"[0,1,1,1,1,0]",Personal preferences,Hobbies/Leisure/Style
img3881,"[0,0,0,0,1,0,0,1]",0.0,0.0,0.0,0.0,"[0,1,1,1,0,0]",Personal preferences,Hobbies/Leisure/Style
img3882,"[0,0,1,0,1,0,0,0]",0.0,0.0,0.0,0.0,"[0,1,1,1,1,0]",Personal preferences,Hobbies/Leisure/Style
img3883,"[0,0,0,0,0,0,0,0]",0.0,0.0,0.0,0.0,"[0,1,1,1,1,0]",Personal preferences,Hobbies/Leisure/Style
img3884,"[0,0,1,0,0,0,0,1]",0.0,0.0,0.0,0.0,"[0,1,1,1,0,0]",Personal preferences,Hobbies/Leisure/Style
img3885,"[1,0,0,0,1,0,0,0]",2.0,0.0,0.0,0.0,"[0,1,1,1,0,0]",Personal preferences,Hobbies/Leisure/Style
img3886,"[0,0,0,0,1,0,0,1]",0.0,0.0,0.0,0.0,"[0,1,1,1,0,0]",Personal preferences,Hobbies/Leisure/Style
img3887,"[0,0,0,0,1,0,0,0]",0.0,0.0,0.0,0.0,"[0,1,1,1,0,0]",Personal preferences,Hobbies/Leisure/Style
img3888,"[0,0,0,0,1,0,0,0]",0.0,0.0,0.0,0.0,"[0,1,1,1,0,0]",Personal preferences,Hobbies/Leisure/Style
img3889,"[0,0,0,0,0,0,0,0]",0.0,0.0,0.0,0.0,"[0,1,1,1,0,0]",Personal preferences,Hobbies/Leisure/Style
img389,"[0,0,0,0,0,0,0,0]",0.0,0.0,0.0,0.0,"[0,1,1,1,1,0]",Public,Public
img3890,"[0,0,0,0,0,0,0,1]",0.0,0.0,0.0,0.0,"[0,1,1,1,1,0]",Personal preferences,Hobbies/Leisure/Style
img3891,"[0,0,0,0,1,0,0,0]",0.0,0.0,0.0,0.0,"[0,1,1,1,0,0]",Personal preferences,Hobbies/Leisure/Style
img3892,"[0,0,0,0,0,0,0,0]",0.0,0.0,0.0,0.0,"[0,1,1,1,1,1]",Personal preferences,Hobbies/Leisure/Style
img3893,"[1,0,0,1,1,1,0,0]",2.0,0.0,2.0,0.0,"[1,0,0,0,0,0]",Body and appearance,Appearance
img3894,"[1,0,0,0,1,0,0,0]",2.0,0.0,0.0,0.0,"[0,1,1,1,0,0]",Body and appearance,Appearance
img3895,"[1,0,0,1,1,0,0,0]",2.0,0.0,1.0,0.0,"[0,0,0,0,0,0]",Body and appearance,Appearance
img3896,"[1,1,0,0,1,0,0,0]",2.0,0.0,0.0,0.0,"[0,1,1,1,0,0]",Body and appearance,Appearance
img3897,"[1,0,0,1,1,0,0,0]",2.0,0.0,1.0,0.0,"[0,0,0,0,0,0]",Body and appearance,Appearance
img3898,"[1,0,1,1,1,0,0,0]",2.0,0.0,1.0,0.0,"[0,0,0,0,0,0]",Body and appearance,Appearance
img3899,"[1,0,0,1,1,0,0,0]",2.0,1.0,2.0,0.0,"[1,0,0,0,0,0]",Body and appearance,Appearance
img39,"[1,1,0,1,0,0,0,0]",2.0,0.0,1.0,0.0,"[0,0,0,0,0,0]",Body and appearance,Body exposure and sexual implication
img390,"[0,0,0,0,0,0,0,0]",0.0,0.0,0.0,0.0,"[0,1,1,1,1,1]",Public,Public
img3900,"[1,0,0,1,1,0,0,0]",2.0,0.0,1.0,0.0,"[0,1,0,0,0,0]",Body and appearance,Appearance
img3901,"[1,1,0,1,1,0,0,0]",2.0,0.0,1.0,0.0,"[0,1,1,1,0,0]",Body and appearance,Appearance
img3902,"[1,0,0,0,1,0,0,0]",1.0,0.0,1.0,1.0,"[0,1,0,0,0,0]",Body and appearance,Appearance
img3903,"[1,0,0,1,1,0,0,0]",2.0,1.0,1.0,0.0,"[0,1,1,0,0,0]",Body and appearance,Appearance
img3904,"[1,0,0,0,1,0,0,0]",2.0,0.0,1.0,0.0,"[0,1,1,0,0,0]",Body and appearance,Appearance
img3905,"[1,0,0,1,1,0,0,0]",2.0,0.0,1.0,0.0,"[0,0,0,0,0,0]",Body and appearance,Appearance
img3906,"[1,0,0,1,1,0,0,0]",2.0,1.0,1.0,0.0,"[0,1,1,0,0,0]",Body and appearance,Appearance
img3907,"[1,1,0,0,1,0,0,0]",2.0,0.0,1.0,0.0,"[0,1,1,0,0,0]",Body and appearance,Appearance
img3908,"[1,1,0,0,1,0,0,0]",2.0,0.0,1.0,0.0,"[0,1,0,0,0,0]",Body and appearance,Appearance
img3909,"[1,0,0,0,1,0,0,0]",2.0,0.0,1.0,0.0,"[0,1,1,0,0,0]",Body and appearance,Appearance
img391,"[0,0,0,0,0,0,0,0]",0.0,0.0,0.0,0.0,"[0,1,1,1,1,1]",Public,Public
img3910,"[1,0,0,0,1,0,0,0]",2.0,1.0,1.0,0.0,"[0,1,1,0,0,0]",Body and appearance,Appearance
img3911,"[1,0,0,1,1,0,0,0]",1.0,1.0,1.0,0.0,"[0,1,0,0,0,0]",Body and appearance,Appearance
img3912,"[1,1,0,0,1,0,0,0]",2.0,0.0,0.0,0.0,"[0,1,1,1,0,0]",Body and appearance,Appearance
img3913,"[1,0,0,1,1,0,0,0]",2.0,1.0,1.0,0.0,"[0,0,0,0,0,0]",Body and appearance,Appearance
img3914,"[1,0,0,0,1,0,0,0]",2.0,0.0,1.0,0.0,"[0,1,1,1,0,0]",Body and appearance,Appearance
img3915,"[1,0,0,0,1,0,0,0]",2.0,0.0,1.0,0.0,"[0,1,0,0,0,0]",Body and appearance,Appearance
img3916,"[1,0,1,0,1,0,0,0]",2.0,0.0,1.0,0.0,"[0,1,1,1,0,0]",Body and appearance,Appearance
img3917,"[1,0,0,1,0,0,0,0]",2.0,0.0,1.0,0.0,"[0,0,0,0,0,0]",Body and appearance,Appearance
img3918,"[1,0,0,1,1,0,0,0]",2.0,1.0,2.0,0.0,"[0,0,0,0,0,0]",Body and appearance,Appearance
img3919,"[1,0,0,1,1,0,0,0]",2.0,1.0,1.0,0.0,"[0,0,0,0,0,0]",Body and appearance,Appearance
img392,"[0,0,0,0,0,0,0,0]",0.0,0.0,0.0,0.0,"[0,1,1,1,1,0]",Public,Public
img3920,"[1,0,0,0,1,0,0,0]",2.0,0.0,1.0,0.0,"[0,1,1,1,0,0]",Body and appearance,Appearance
img3921,"[1,0,0,1,1,0,0,0]",2.0,1.0,2.0,0.0,"[0,0,0,0,0,0]",Body and appearance,Appearance
img3922,"[1,0,0,1,1,0,0,0]",1.0,1.0,1.0,0.0,"[0,0,0,0,0,0]",Body and appearance,Appearance
img3923,"[1,0,0,0,1,0,0,0]",2.0,0.0,1.0,0.0,"[0,0,0,0,0,0]",Body and appearance,Appearance
img3924,"[1,0,0,0,1,0,0,0]",2.0,1.0,0.0,0.0,"[0,1,0,0,0,0]",Body and appearance,Appearance
img3925,"[1,0,0,1,1,0,0,0]",2.0,0.0,1.0,0.0,"[0,0,0,0,0,0]",Body and appearance,Appearance
img3926,"[1,0,0,1,1,0,0,0]",2.0,1.0,1.0,0.0,"[0,0,0,0,0,0]",Body and appearance,Appearance
img3927,"[1,0,0,1,1,0,1,0]",2.0,0.0,1.0,0.0,"[0,1,0,0,0,0]",Body and appearance,Appearance
img3928,"[1,0,0,1,1,0,0,0]",2.0,1.0,1.0,0.0,"[0,0,0,0,0,0]",Body and appearance,Appearance
img3929,"[1,0,0,0,1,0,0,0]",2.0,0.0,1.0,0.0,"[0,1,1,0,0,0]",Body and appearance,Appearance
img393,"[0,0,0,0,0,0,0,0]",0.0,0.0,0.0,0.0,"[0,1,1,1,1,0]",Public,Public
img3930,"[1,0,0,0,1,0,0,0]",2.0,0.0,1.0,0.0,"[0,1,1,0,0,0]",Body and appearance,Appearance
img3931,"[1,0,0,1,0,0,0,0]",2.0,1.0,2.0,0.0,"[1,0,0,0,0,0]",Body and appearance,Appearance
img3932,"[1,0,0,1,1,0,0,0]",2.0,0.0,2.0,0.0,"[1,0,0,0,0,0]",Body and appearance,Appearance
img3933,"[1,0,1,1,1,0,0,0]",2.0,0.0,1.0,0.0,"[0,0,0,0,0,0]",Body and appearance,Appearance
img3934,"[1,0,0,1,1,0,0,0]",2.0,1.0,1.0,0.0,"[0,0,0,0,0,0]",Body and appearance,Appearance
img3935,"[1,0,0,0,1,0,0,0]",1.0,0.0,1.0,0.0,"[0,1,1,0,0,0]",Body and appearance,Appearance
img3936,"[1,0,0,0,1,0,0,0]",2.0,0.0,1.0,0.0,"[0,1,1,0,0,0]",Body and appearance,Appearance
img3937,"[1,0,0,1,1,0,0,0]",2.0,0.0,1.0,0.0,"[0,0,0,0,0,0]",Body and appearance,Appearance
img3938,"[1,0,0,1,1,0,0,0]",2.0,1.0,2.0,0.0,"[1,0,0,0,0,0]",Body and appearance,Appearance
img3939,"[1,0,0,1,0,0,0,0]",2.0,0.0,1.0,,"[0,0,0,0,0,0]",Body and appearance,Appearance
img394,"[0,0,0,0,0,0,0,0]",0.0,0.0,0.0,0.0,"[0,1,1,1,1,1]",Public,Public
img3940,"[1,0,0,1,0,0,0,0]",2.0,1.0,1.0,0.0,"[0,0,0,0,0,0]",Body and appearance,Appearance
img3941,"[1,0,0,1,1,0,0,0]",2.0,0.0,2.0,0.0,"[0,0,0,0,0,0]",Body and appearance,Appearance
img3942,"[1,0,0,0,1,0,0,0]",2.0,0.0,1.0,0.0,"[0,1,1,0,0,0]",Body and appearance,Appearance
img3943,"[1,0,0,1,1,0,0,0]",2.0,0.0,1.0,0.0,"[0,0,0,0,0,0]",Body and appearance,Appearance
img3944,"[1,0,0,0,1,0,0,0]",2.0,0.0,1.0,0.0,"[0,0,0,0,0,0]",Body and appearance,Appearance
img3945,"[1,0,0,1,1,0,0,0]",2.0,0.0,2.0,0.0,"[0,0,0,0,0,0]",Body and appearance,Appearance
img3946,"[1,0,1,1,0,0,0,0]",1.0,1.0,2.0,0.0,"[1,0,0,0,0,0]",Body and appearance,Appearance
img3947,"[1,0,0,1,1,0,0,0]",2.0,0.0,1.0,0.0,"[0,0,0,0,0,0]",Body and appearance,Appearance
img3948,"[1,0,0,1,0,0,0,0]",2.0,1.0,2.0,0.0,"[0,0,0,0,0,0]",Body and appearance,Appearance
img3949,"[1,0,0,1,1,0,0,0]",2.0,1.0,1.0,0.0,"[0,1,0,0,0,0]",Body and appearance,Appearance
img395,"[0,0,0,0,0,0,0,0]",0.0,0.0,0.0,0.0,"[0,1,1,1,1,0]",Public,Public
img3950,"[1,0,0,0,1,0,0,0]",2.0,0.0,1.0,0.0,"[0,1,1,0,0,0]",Body and appearance,Appearance
img3951,"[1,0,0,1,1,0,0,0]",2.0,1.0,1.0,0.0,"[0,0,0,0,0,0]",Body and appearance,Appearance
img3952,"[1,0,0,1,1,0,0,0]",2.0,1.0,1.0,0.0,"[0,0,0,0,0,0]",Body and appearance,Appearance
img3953,"[1,0,0,1,1,0,0,0]",2.0,1.0,2.0,0.0,"[0,0,0,0,0,0]",Body and appearance,Appearance
img3954,"[1,0,0,1,1,0,0,0]",2.0,0.0,1.0,1.0,"[0,1,1,0,0,0]",Body and appearance,Appearance
img3955,"[1,0,0,1,1,0,0,0]",2.0,1.0,1.0,0.0,"[0,1,0,0,0,0]",Body and appearance,Appearance
img3956,"[1,0,0,0,1,0,0,0]",2.0,0.0,1.0,0.0,"[0,1,1,0,0,0]",Body and appearance,Appearance
img3957,"[1,0,0,1,1,0,0,0]",2.0,0.0,1.0,0.0,"[0,0,0,0,0,0]",Body and appearance,Appearance
img3958,"[1,0,1,1,1,0,0,0]",1.0,0.0,1.0,0.0,"[0,0,0,0,0,0]",Body and appearance,Appearance
img3959,"[1,0,0,1,1,0,0,0]",2.0,1.0,1.0,0.0,"[0,1,0,0,0,0]",Body and appearance,Appearance
img396,"[1,0,1,0,0,0,0,0]",2.0,0.0,0.0,0.0,"[0,1,1,1,0,0]",Public,Public
img3960,"[1,0,0,1,1,0,0,0]",2.0,0.0,1.0,0.0,"[0,0,0,0,0,0]",Body and appearance,Appearance
img3961,"[1,0,0,0,1,0,0,0]",2.0,0.0,1.0,0.0,"[0,1,1,1,0,0]",Body and appearance,Appearance
img3962,"[1,1,0,0,0,1,0,0]",1.0,1.0,1.0,1.0,"[0,0,0,0,0,0]",Public,Public
img3963,"[1,1,1,0,0,1,0,0]",2.0,1.0,1.0,0.0,"[0,0,0,0,0,0]",Socio-cultural sensitive information,Gender identity
img3964,"[0,0,1,0,0,1,0,0]",0.0,,1.0,0.0,"[0,0,0,0,0,0]",Socio-cultural sensitive information,Gender identity
img3965,"[1,0,0,0,0,1,0,1]",1.0,1.0,1.0,0.0,"[0,0,0,0,0,0]",Socio-cultural sensitive information,Gender identity
img3966,"[0,0,1,0,0,1,0,0]",0.0,1.0,1.0,0.0,"[0,0,0,0,0,0]",Socio-cultural sensitive information,Gender identity
img3967,"[1,0,0,0,0,1,0,0]",1.0,1.0,1.0,0.0,"[0,0,0,0,0,0]",Socio-cultural sensitive information,Gender identity
img3968,"[1,0,0,1,0,1,0,0]",1.0,1.0,1.0,0.0,"[0,0,0,0,0,0]",Socio-cultural sensitive information,Gender identity
img3969,"[0,0,0,0,0,1,0,0]",0.0,1.0,1.0,0.0,"[0,0,0,0,0,0]",Socio-cultural sensitive information,Gender identity
img397,"[1,0,1,0,1,0,0,0]",2.0,0.0,0.0,0.0,"[0,1,1,1,0,0]",Public,Public
img3970,"[1,0,0,0,0,1,0,0]",1.0,0.0,1.0,0.0,"[0,0,0,0,0,0]",Socio-cultural sensitive information,Gender identity
img3971,"[0,0,0,0,0,1,0,0]",0.0,1.0,1.0,0.0,"[0,0,0,0,0,0]",Socio-cultural sensitive information,Gender identity
img3972,"[1,1,0,0,0,1,0,0]",1.0,0.0,1.0,0.0,"[0,0,0,0,0,0]",Socio-cultural sensitive information,Gender identity
img3973,"[1,1,0,0,0,1,0,0]",2.0,1.0,1.0,0.0,"[0,0,0,0,0,0]",Socio-cultural sensitive information,Gender identity
img3974,"[1,1,0,0,0,1,0,0]",2.0,1.0,2.0,0.0,"[1,0,0,0,0,0]",Socio-cultural sensitive information,Gender identity
img3975,"[1,0,0,0,0,1,0,0]",2.0,1.0,1.0,1.0,"[0,0,0,0,0,0]",Socio-cultural sensitive information,Gender identity
img3976,"[1,0,0,0,0,1,0,0]",1.0,1.0,1.0,0.0,"[0,0,0,0,0,0]",Socio-cultural sensitive information,Gender identity
img3977,"[1,0,0,0,0,1,0,0]",2.0,1.0,1.0,0.0,"[0,0,0,0,0,0]",Socio-cultural sensitive information,Gender identity
img3978,"[1,0,0,0,0,1,0,0]",2.0,1.0,1.0,1.0,"[0,0,0,0,0,0]",Socio-cultural sensitive information,Gender identity
img3979,"[1,0,0,0,0,1,0,0]",2.0,1.0,1.0,0.0,"[0,0,0,0,0,0]",Socio-cultural sensitive information,Gender identity
img398,"[1,0,0,0,0,0,0,0]",1.0,0.0,0.0,0.0,"[0,1,1,1,0,0]",Public,Public
img3980,"[1,0,0,1,1,1,0,0]",2.0,0.0,1.0,0.0,"[0,0,0,0,0,0]",Socio-cultural sensitive information,Gender identity
img3981,"[1,0,0,1,1,0,0,0]",2.0,0.0,1.0,0.0,"[0,0,0,0,0,0]",Socio-cultural sensitive information,Gender identity
img3982,"[0,0,0,0,0,1,0,0]",0.0,1.0,1.0,0.0,"[0,0,0,0,0,0]",Socio-cultural sensitive information,Gender identity
img3983,"[1,0,0,0,0,1,0,0]",2.0,1.0,1.0,0.0,"[0,0,0,0,0,0]",Socio-cultural sensitive information,Gender identity
img3984,"[1,0,0,0,0,1,0,0]",2.0,1.0,1.0,0.0,"[0,0,0,0,0,0]",Socio-cultural sensitive information,Gender identity
img3985,"[1,0,0,0,0,1,0,0]",2.0,1.0,1.0,0.0,"[0,0,0,0,0,0]",Socio-cultural sensitive information,Gender identity
img3986,"[0,0,0,0,0,1,0,0]",0.0,0.0,1.0,0.0,"[0,0,0,0,0,0]",Socio-cultural sensitive information,Gender identity
img3987,"[1,1,0,0,0,1,0,0]",1.0,1.0,1.0,0.0,"[0,0,0,0,0,0]",Socio-cultural sensitive information,Gender identity
img3988,"[1,0,0,0,0,1,0,0]",2.0,1.0,1.0,0.0,"[0,0,0,0,0,0]",Socio-cultural sensitive information,Gender identity
img3989,"[1,0,1,0,0,1,0,0]",2.0,1.0,1.0,,"[0,0,0,0,0,0]",Socio-cultural sensitive information,Gender identity
img399,"[0,0,0,0,0,0,0,0]",0.0,0.0,0.0,0.0,"[0,1,1,1,1,1]",Public,Public
img3990,"[1,0,0,0,0,1,0,0]",2.0,1.0,1.0,0.0,"[0,0,0,0,0,0]",Socio-cultural sensitive information,Gender identity
img3991,"[1,0,0,1,0,1,0,0]",2.0,1.0,1.0,0.0,"[0,0,0,0,0,0]",Socio-cultural sensitive information,Gender identity
img3992,"[1,0,0,0,0,1,0,0]",2.0,1.0,1.0,0.0,"[0,0,0,0,0,0]",Socio-cultural sensitive information,Gender identity
img3993,"[1,0,0,1,0,1,0,0]",1.0,1.0,1.0,0.0,"[0,0,0,0,0,0]",Socio-cultural sensitive information,Gender identity
img3994,"[0,0,0,0,1,1,0,0]",0.0,1.0,1.0,0.0,"[0,0,0,0,0,0]",Socio-cultural sensitive information,Gender identity
img3995,"[1,0,0,1,0,1,0,0]",2.0,1.0,1.0,0.0,"[0,0,0,0,0,0]",Socio-cultural sensitive information,Gender identity
img3996,"[1,0,1,0,0,1,0,0]",2.0,1.0,1.0,0.0,"[0,0,0,0,0,0]",Socio-cultural sensitive information,Gender identity
img3997,"[0,0,0,1,0,1,0,0]",1.0,0.0,1.0,0.0,"[0,0,0,0,0,0]",Socio-cultural sensitive information,Gender identity
img3998,"[0,0,0,0,0,1,0,0]",0.0,1.0,1.0,0.0,"[0,0,0,0,0,0]",Socio-cultural sensitive information,Gender identity
img3999,"[0,0,1,0,0,1,0,0]",0.0,1.0,1.0,0.0,"[1,0,0,0,0,0]",Socio-cultural sensitive information,Gender identity
img4,"[1,0,0,0,1,0,0,0]",2.0,1.0,1.0,0.0,"[0,1,1,0,0,0]",Location information,Public facilities
img40,"[1,1,0,1,0,1,0,0]",2.0,1.0,1.0,0.0,"[0,0,0,0,0,0]",Body and appearance,Body exposure and sexual implication
img400,"[0,0,0,0,0,0,0,0]",0.0,0.0,0.0,0.0,"[0,1,1,1,1,1]",Public,Public
img4000,"[1,1,0,0,0,1,0,0]",2.0,1.0,1.0,0.0,"[0,0,0,0,0,0]",Socio-cultural sensitive information,Public
img4001,"[0,0,0,0,0,1,0,0]",0.0,1.0,1.0,0.0,"[0,0,0,0,0,0]",Socio-cultural sensitive information,Public
img4002,"[1,0,0,1,0,1,0,0]",1.0,1.0,1.0,0.0,"[0,0,0,0,0,0]",Socio-cultural sensitive information,Public
img4003,"[1,0,0,0,0,1,0,0]",1.0,1.0,1.0,0.0,"[0,0,0,0,0,0]",Socio-cultural sensitive information,Public
img4004,"[1,0,0,0,0,1,0,0]",2.0,1.0,1.0,0.0,"[0,0,0,0,0,0]",Socio-cultural sensitive information,Public
img4005,"[1,0,1,0,0,1,0,0]",1.0,1.0,1.0,0.0,"[0,0,0,0,0,0]",Socio-cultural sensitive information,Public
img4006,"[1,1,0,0,0,1,0,0]",2.0,1.0,1.0,0.0,"[0,0,0,0,0,0]",Socio-cultural sensitive information,Public
img4007,"[1,0,1,0,0,1,0,0]",1.0,1.0,1.0,0.0,"[0,0,0,0,0,0]",Socio-cultural sensitive information,Public
img4008,"[1,0,0,1,0,1,0,0]",2.0,1.0,1.0,0.0,"[0,0,0,0,0,0]",Socio-cultural sensitive information,Public
img4009,"[0,0,0,0,0,1,0,0]",0.0,1.0,1.0,0.0,"[0,0,0,0,0,0]",Socio-cultural sensitive information,Public
img401,"[0,0,0,0,0,0,0,0]",0.0,0.0,0.0,0.0,"[0,1,1,1,1,1]",Public,Public
img4010,"[0,0,1,0,0,1,0,0]",0.0,1.0,1.0,0.0,"[0,0,0,0,0,0]",Socio-cultural sensitive information,Public
img4011,"[1,0,0,0,0,1,1,0]",1.0,1.0,2.0,0.0,"[0,0,0,0,0,0]",Socio-cultural sensitive information,Public
img4012,"[1,0,1,0,0,1,0,0]",2.0,1.0,1.0,0.0,"[0,0,0,0,0,0]",Socio-cultural sensitive information,Public
img4013,"[1,0,0,0,0,1,0,0]",1.0,1.0,1.0,0.0,"[0,0,0,0,0,0]",Socio-cultural sensitive information,Public
img4014,"[0,0,0,0,0,1,0,0]",0.0,1.0,1.0,0.0,"[0,0,0,0,0,0]",Socio-cultural sensitive information,Public
img4015,"[0,0,1,0,0,1,0,0]",0.0,1.0,1.0,0.0,"[0,0,0,0,0,0]",Socio-cultural sensitive information,Public
img4016,"[1,0,0,1,0,0,0,0]",2.0,1.0,2.0,0.0,"[0,0,0,0,0,0]",Personal preferences,Private activities
img4017,"[1,0,0,1,0,0,0,0]",1.0,2.0,2.0,0.0,"[1,0,0,0,0,0]",Personal preferences,Private activities
img4018,"[1,0,0,0,1,0,0,0]",0.0,1.0,1.0,1.0,"[0,1,1,0,0,0]",Personal preferences,Private activities
img4019,"[1,0,0,0,1,0,0,0]",2.0,1.0,1.0,,"[0,1,1,0,0,0]",Personal preferences,Private activities
img402,"[1,0,0,0,1,0,0,0]",0.0,0.0,0.0,0.0,"[0,1,1,1,0,0]",Public,Public
img4020,"[1,0,1,0,1,0,0,0]",2.0,0.0,0.0,0.0,"[0,1,1,1,0,0]",Personal preferences,Private activities
img4021,"[1,0,0,0,1,0,0,0]",2.0,1.0,1.0,0.0,"[0,1,1,0,0,0]",Personal preferences,Private activities
img4022,"[0,0,0,1,0,0,0,0]",0.0,1.0,1.0,0.0,"[0,0,0,0,0,0]",Personal preferences,Private activities
img4023,"[1,0,0,1,1,0,0,0]",2.0,1.0,2.0,0.0,"[1,0,0,0,0,0]",Personal preferences,Private activities
img4024,"[1,0,0,1,1,0,0,0]",2.0,1.0,1.0,0.0,"[0,1,0,0,0,0]",Personal preferences,Private activities
img4025,"[1,1,0,1,1,0,0,0]",2.0,1.0,2.0,0.0,"[1,0,0,0,0,0]",Personal preferences,Private activities
img4026,"[1,0,0,0,1,0,0,0]",,1.0,1.0,0.0,"[0,1,1,0,0,0]",Personal preferences,Private activities
img4027,"[1,1,1,1,1,0,0,0]",2.0,2.0,1.0,0.0,"[0,0,0,0,0,0]",Personal preferences,Private activities
img4028,"[0,0,0,0,1,0,0,0]",0.0,0.0,0.0,0.0,"[0,1,1,0,0,0]",Personal preferences,Private activities
img4029,"[0,0,0,0,1,0,0,0]",0.0,1.0,1.0,0.0,"[0,1,1,0,0,0]",Personal preferences,Private activities
img403,"[0,0,0,0,0,0,0,0]",0.0,0.0,0.0,0.0,"[0,1,1,1,1,1]",Public,Public
img4030,"[1,1,1,0,1,0,0,0]",2.0,1.0,1.0,0.0,"[0,1,0,0,0,0]",Personal preferences,Private activities
img4031,"[0,0,0,0,1,0,0,0]",0.0,1.0,1.0,0.0,"[0,1,1,0,0,0]",Personal preferences,Private activities
img4032,"[1,0,0,1,0,0,0,0]",2.0,1.0,1.0,0.0,"[0,0,0,0,0,0]",Personal preferences,Private activities
img4033,"[1,0,1,0,1,0,0,0]",2.0,1.0,1.0,0.0,"[0,1,1,0,0,0]",Personal preferences,Private activities
img4034,"[1,0,0,0,1,0,0,0]",2.0,1.0,1.0,0.0,"[0,1,1,0,0,0]",Personal preferences,Private activities
img4035,"[1,1,0,1,1,0,0,0]",2.0,1.0,2.0,0.0,"[1,0,0,0,0,0]",Personal preferences,Private activities
img4036,"[0,0,0,0,1,0,0,0]",0.0,0.0,1.0,0.0,"[0,1,1,1,0,0]",Personal preferences,Private activities
img4037,"[1,0,0,1,0,0,0,0]",2.0,1.0,2.0,0.0,"[1,0,0,0,0,0]",Personal preferences,Private activities
img4038,"[0,0,0,0,0,0,1,0]",0.0,1.0,2.0,0.0,"[0,1,0,0,0,0]",Risk and crime-related information,Violence/Threat
img4039,"[0,0,0,0,0,0,1,0]",0.0,2.0,2.0,0.0,"[0,0,0,0,0,0]",Risk and crime-related information,Violence/Threat
img404,"[0,0,0,0,1,0,0,0]",0.0,0.0,0.0,0.0,"[0,1,1,1,1,0]",Public,Public
img4040,"[0,0,0,0,0,1,1,0]",0.0,1.0,2.0,0.0,"[0,1,0,0,0,0]",Risk and crime-related information,Violence/Threat
img4041,"[1,0,0,0,0,0,1,0]",2.0,1.0,2.0,0.0,"[0,1,0,0,0,0]",Risk and crime-related information,Violence/Threat
img4042,"[1,0,0,0,0,0,1,1]",1.0,1.0,2.0,0.0,"[0,1,0,0,0,0]",Risk and crime-related information,Violence/Threat
img4043,"[1,0,1,0,0,0,1,0]",0.0,0.0,2.0,0.0,"[0,1,0,0,0,0]",Risk and crime-related information,Violence/Threat
img4044,"[0,0,1,0,0,0,1,0]",0.0,1.0,2.0,0.0,"[0,1,0,0,0,0]",Risk and crime-related information,Violence/Threat
img4045,"[0,0,1,0,0,0,1,0]",0.0,1.0,2.0,0.0,"[0,1,0,0,0,0]",Risk and crime-related information,Violence/Threat
img4046,"[0,0,0,0,0,0,1,0]",0.0,1.0,2.0,0.0,"[0,1,0,0,0,0]",Risk and crime-related information,Violence/Threat
img4047,"[0,0,1,0,0,0,1,0]",0.0,1.0,2.0,0.0,"[0,1,0,0,0,0]",Risk and crime-related information,Violence/Threat
img4048,"[0,0,1,0,0,0,1,0]",0.0,0.0,2.0,0.0,"[0,1,0,0,0,0]",Risk and crime-related information,Violence/Threat
img4049,"[0,0,0,0,0,0,1,0]",0.0,2.0,2.0,0.0,"[0,1,0,0,0,0]",Risk and crime-related information,Violence/Threat
img405,"[0,0,1,0,0,0,0,0]",0.0,0.0,0.0,0.0,"[0,0,0,0,0,0]",Public,Public
img4050,"[1,0,0,0,0,1,1,0]",2.0,2.0,2.0,0.0,"[0,1,0,0,0,0]",Risk and crime-related information,Violence/Threat
img4051,"[1,0,0,0,1,0,0,0]",2.0,0.0,0.0,0.0,"[0,1,1,1,0,0]",Personal preferences,Hobbies/Leisure/Style
img4052,"[1,0,0,0,1,0,0,0]",2.0,0.0,0.0,0.0,"[0,1,1,1,0,0]",Personal preferences,Hobbies/Leisure/Style
img4053,"[1,0,0,0,1,0,0,0]",2.0,0.0,0.0,0.0,"[0,1,1,1,0,0]",Personal preferences,Hobbies/Leisure/Style
img4054,"[1,0,1,0,1,0,0,0]",2.0,0.0,0.0,0.0,"[0,1,1,1,0,0]",Personal preferences,Hobbies/Leisure/Style
img4055,"[1,0,1,0,1,0,0,0]",1.0,0.0,0.0,0.0,"[0,1,1,0,0,0]",Personal preferences,Hobbies/Leisure/Style
img4056,"[1,0,0,0,1,0,0,0]",2.0,0.0,0.0,0.0,"[0,1,1,1,0,0]",Personal preferences,Hobbies/Leisure/Style
img4057,"[1,0,1,0,1,0,0,0]",1.0,0.0,0.0,0.0,"[0,1,1,0,0,0]",Personal preferences,Hobbies/Leisure/Style
img4058,"[1,0,0,0,1,0,0,0]",2.0,0.0,0.0,0.0,"[0,1,1,1,0,0]",Personal preferences,Hobbies/Leisure/Style
img4059,"[1,0,0,0,1,0,0,0]",2.0,0.0,0.0,0.0,"[0,1,1,0,0,0]",Personal preferences,Hobbies/Leisure/Style
img406,"[1,0,1,0,0,0,0,0]",2.0,0.0,0.0,0.0,"[0,1,1,1,0,0]",Public,Public
img4060,"[1,1,1,0,1,0,0,0]",2.0,0.0,0.0,0.0,"[0,1,1,0,0,0]",Personal preferences,Hobbies/Leisure/Style
img4061,"[1,1,0,0,1,0,0,0]",2.0,0.0,0.0,0.0,"[0,1,1,1,0,0]",Personal preferences,Hobbies/Leisure/Style
img4062,"[1,1,0,0,1,0,0,0]",2.0,0.0,0.0,0.0,"[0,1,1,1,0,0]",Personal preferences,Hobbies/Leisure/Style
img4063,"[1,0,0,0,1,0,0,0]",2.0,0.0,0.0,0.0,"[0,1,1,1,0,0]",Personal preferences,Hobbies/Leisure/Style
img4064,"[1,0,0,0,1,0,0,0]",2.0,0.0,0.0,0.0,"[0,1,1,1,0,0]",Personal preferences,Hobbies/Leisure/Style
img4065,"[1,0,0,1,1,0,0,0]",2.0,0.0,1.0,0.0,"[0,1,0,0,0,0]",Personal preferences,Hobbies/Leisure/Style
img4066,"[1,0,0,0,1,0,0,0]",2.0,0.0,0.0,0.0,"[0,1,1,1,0,0]",Personal preferences,Hobbies/Leisure/Style
img4067,"[1,0,0,0,1,0,0,0]",2.0,0.0,0.0,0.0,"[0,1,1,1,0,0]",Personal preferences,Hobbies/Leisure/Style
img4068,"[1,0,0,1,1,0,0,0]",2.0,0.0,1.0,0.0,"[0,1,1,1,0,0]",Personal preferences,Hobbies/Leisure/Style
img4069,"[1,0,0,0,1,0,0,0]",2.0,0.0,0.0,0.0,"[0,1,1,1,0,0]",Personal preferences,Hobbies/Leisure/Style
img407,"[0,0,0,0,0,0,0,0]",0.0,0.0,0.0,0.0,"[0,1,1,1,1,1]",Public,Public
img4070,"[1,0,0,0,1,0,0,0]",2.0,0.0,0.0,0.0,"[0,1,1,1,0,0]",Personal preferences,Hobbies/Leisure/Style
img4071,"[1,1,0,0,1,0,0,0]",2.0,0.0,0.0,0.0,"[0,1,1,1,0,0]",Personal preferences,Hobbies/Leisure/Style
img4072,"[1,0,0,0,1,0,0,0]",2.0,0.0,0.0,0.0,"[0,1,1,1,0,0]",Personal preferences,Hobbies/Leisure/Style
img4073,"[1,0,0,0,1,0,0,0]",1.0,0.0,0.0,0.0,"[0,1,1,0,0,0]",Personal preferences,Hobbies/Leisure/Style
img4074,"[1,1,0,0,1,0,0,0]",2.0,0.0,0.0,0.0,"[0,1,1,1,0,0]",Personal preferences,Hobbies/Leisure/Style
img4075,"[1,0,0,0,1,0,0,0]",1.0,0.0,0.0,0.0,"[0,1,1,0,0,0]",Personal preferences,Hobbies/Leisure/Style
img4076,"[1,0,0,0,1,0,0,0]",1.0,0.0,0.0,0.0,"[0,1,1,1,0,0]",Personal preferences,Hobbies/Leisure/Style
img4077,"[1,0,0,0,1,0,0,0]",2.0,0.0,0.0,0.0,"[0,1,1,1,0,0]",Personal preferences,Hobbies/Leisure/Style
img4078,"[1,0,0,0,0,0,0,0]",2.0,0.0,2.0,0.0,"[0,1,0,0,0,0]",Personal identity and sensitive information,Personal information
img4079,"[1,0,0,0,0,0,0,0]",1.0,0.0,2.0,0.0,"[1,0,0,0,0,0]",Personal identity and sensitive information,Personal information
img408,"[0,0,0,0,0,1,0,0]",0.0,0.0,0.0,0.0,"[0,1,1,1,0,0]",Public,Public
img4080,"[1,0,0,0,0,0,0,0]",2.0,0.0,1.0,0.0,"[0,1,0,0,0,0]",Personal identity and sensitive information,Personal information
img4081,"[1,0,0,0,0,0,0,0]",1.0,0.0,2.0,1.0,"[1,0,0,0,0,0]",Personal identity and sensitive information,Personal information
img4082,"[1,0,0,0,0,0,0,0]",2.0,0.0,2.0,0.0,"[1,0,0,0,0,0]",Personal identity and sensitive information,Personal information
img4083,"[1,0,0,0,0,0,0,0]",2.0,2.0,2.0,0.0,"[1,0,0,0,0,0]",Personal identity and sensitive information,Personal information
img4084,"[1,0,0,0,0,0,0,0]",2.0,0.0,2.0,0.0,"[1,0,0,0,0,0]",Personal identity and sensitive information,Personal information
img4085,"[1,0,0,0,0,0,0,0]",2.0,0.0,2.0,0.0,"[0,0,0,0,0,0]",Personal identity and sensitive information,Personal information
img4086,"[1,0,0,0,0,0,0,0]",0.0,0.0,0.0,0.0,"[0,1,0,0,0,0]",Personal identity and sensitive information,Personal information
img4087,"[1,0,0,0,0,0,0,0]",2.0,0.0,2.0,0.0,"[1,0,0,0,0,0]",Personal identity and sensitive information,Personal information
img4088,"[1,0,0,0,0,0,0,0]",2.0,0.0,2.0,0.0,"[1,0,0,0,0,0]",Personal identity and sensitive information,Personal information
img4089,"[1,0,0,0,0,0,0,0]",2.0,0.0,2.0,0.0,"[1,0,0,0,0,0]",Personal identity and sensitive information,Personal information
img409,"[0,0,0,0,0,0,0,1]",0.0,0.0,0.0,0.0,"[0,1,1,1,0,0]",Public,Public
img4090,"[1,0,0,0,0,0,0,0]",2.0,0.0,2.0,0.0,"[0,0,0,0,0,0]",Personal identity and sensitive information,Personal information
img4091,"[1,0,1,0,0,0,0,0]",2.0,0.0,1.0,0.0,"[0,1,0,0,0,0]",Personal identity and sensitive information,Personal information
img4092,"[1,0,0,0,0,0,0,0]",2.0,0.0,0.0,0.0,"[0,1,0,0,0,0]",Personal identity and sensitive information,Personal information
img4093,"[1,0,0,0,0,0,0,0]",2.0,0.0,2.0,0.0,"[0,0,0,0,0,0]",Personal identity and sensitive information,Personal information
img4094,"[1,0,0,0,0,0,0,0]",1.0,0.0,2.0,0.0,"[1,0,0,0,0,0]",Personal identity and sensitive information,Personal information
img4095,"[1,0,0,0,0,0,0,0]",2.0,0.0,2.0,0.0,"[1,0,0,0,0,0]",Personal identity and sensitive information,Personal information
img4096,"[0,0,0,0,0,0,0,1]",0.0,0.0,0.0,0.0,"[0,1,1,1,0,0]",Personal identity and sensitive information,Personal information
img4097,"[1,0,0,0,0,0,0,0]",1.0,0.0,2.0,1.0,"[1,0,0,0,0,0]",Personal identity and sensitive information,Personal information
img4098,"[1,0,0,0,0,0,0,0]",2.0,0.0,2.0,0.0,"[0,0,0,0,0,0]",Personal identity and sensitive information,Personal information
img4099,"[1,0,0,0,0,0,0,0]",1.0,0.0,2.0,0.0,"[0,0,0,0,0,0]",Personal identity and sensitive information,Personal information
img41,"[1,1,0,1,0,0,0,0]",2.0,1.0,1.0,0.0,"[1,0,0,0,0,0]",Body and appearance,Body exposure and sexual implication
img410,"[0,0,0,0,0,0,0,0]",0.0,0.0,0.0,0.0,"[0,1,1,1,1,1]",Public,Public
img4100,"[1,0,0,0,0,0,0,0]",2.0,0.0,2.0,0.0,"[1,0,0,0,0,0]",Personal identity and sensitive information,Personal information
img4101,"[1,0,0,0,0,0,0,0]",2.0,0.0,2.0,0.0,"[1,0,0,0,0,0]",Personal identity and sensitive information,Personal information
img4102,"[1,0,0,0,0,0,0,0]",2.0,0.0,2.0,0.0,"[0,0,0,0,0,0]",Personal identity and sensitive information,Personal information
img4103,"[1,0,0,0,0,0,0,0]",2.0,0.0,2.0,0.0,"[1,0,0,0,0,0]",Personal identity and sensitive information,Personal information
img4104,"[1,0,0,0,0,0,0,0]",2.0,0.0,2.0,0.0,"[1,0,0,0,0,0]",Personal identity and sensitive information,Personal information
img4105,"[1,0,0,0,0,0,0,0]",2.0,0.0,2.0,0.0,"[1,0,0,0,0,0]",Personal identity and sensitive information,Personal information
img4106,"[1,0,0,0,0,0,0,0]",2.0,0.0,2.0,0.0,"[1,0,0,0,0,0]",Personal identity and sensitive information,Personal information
img4107,"[1,0,0,0,0,0,0,0]",2.0,0.0,2.0,0.0,"[1,0,0,0,0,0]",Personal identity and sensitive information,Personal information
img4108,"[1,0,0,1,1,1,0,0]",2.0,1.0,1.0,0.0,"[0,0,0,0,0,0]",Socio-cultural sensitive information,Gender identity
img4109,"[1,1,0,1,0,0,0,0]",2.0,1.0,1.0,0.0,"[0,1,0,0,0,0]",Socio-cultural sensitive information,Gender identity
img411,"[0,0,0,0,0,0,0,0]",0.0,0.0,0.0,0.0,"[0,1,1,1,1,1]",Public,Public
img4110,"[1,0,0,1,1,1,0,0]",2.0,0.0,1.0,0.0,"[0,1,0,0,0,0]",Socio-cultural sensitive information,Gender identity
img4111,"[1,0,0,1,1,0,0,0]",2.0,1.0,2.0,0.0,"[0,0,0,0,0,0]",Socio-cultural sensitive information,Gender identity
img4112,"[1,0,0,0,1,0,0,0]",2.0,1.0,1.0,0.0,"[0,1,1,0,0,0]",Socio-cultural sensitive information,Gender identity
img4113,"[1,0,0,0,1,0,0,0]",0.0,1.0,1.0,0.0,"[0,1,0,0,0,0]",Socio-cultural sensitive information,Gender identity
img4114,"[1,0,0,1,0,0,0,0]",2.0,1.0,2.0,0.0,"[0,0,0,0,0,0]",Socio-cultural sensitive information,Gender identity
img4115,"[1,0,0,1,1,1,0,0]",2.0,0.0,1.0,0.0,"[0,1,0,0,0,0]",Socio-cultural sensitive information,Gender identity
img4116,"[1,0,0,1,0,0,0,0]",2.0,1.0,2.0,1.0,"[1,0,0,0,0,0]",Socio-cultural sensitive information,Gender identity
img4117,"[1,0,0,1,1,0,0,0]",2.0,1.0,2.0,0.0,"[1,0,0,0,0,0]",Socio-cultural sensitive information,Gender identity
img4118,"[1,1,0,1,1,0,0,0]",2.0,0.0,1.0,0.0,"[0,0,0,0,0,0]",Socio-cultural sensitive information,Gender identity
img4119,"[1,0,0,1,1,0,0,0]",2.0,0.0,2.0,0.0,"[1,0,0,0,0,0]",Socio-cultural sensitive information,Gender identity
img412,"[0,0,0,0,0,0,0,0]",0.0,0.0,0.0,0.0,"[0,1,1,1,1,0]",Public,Public
img4120,"[1,0,0,1,1,1,0,0]",2.0,0.0,1.0,0.0,"[0,0,0,0,0,0]",Socio-cultural sensitive information,Gender identity
img4121,"[1,0,0,1,1,0,0,0]",2.0,0.0,1.0,0.0,"[0,1,0,0,0,0]",Socio-cultural sensitive information,Gender identity
img4122,"[1,0,0,1,1,0,0,0]",1.0,1.0,1.0,0.0,"[0,0,0,0,0,0]",Socio-cultural sensitive information,Gender identity
img4123,"[1,0,0,1,0,1,0,0]",2.0,1.0,2.0,0.0,"[0,0,0,0,0,0]",Socio-cultural sensitive information,Gender identity
img4124,"[1,0,0,1,1,0,0,0]",2.0,0.0,1.0,0.0,"[0,1,0,0,0,0]",Socio-cultural sensitive information,Gender identity
img4125,"[1,1,0,1,1,1,0,0]",2.0,2.0,2.0,0.0,"[0,1,0,0,0,0]",Socio-cultural sensitive information,Gender identity
img4126,"[1,1,0,1,1,0,0,0]",2.0,0.0,1.0,0.0,"[0,1,0,0,0,0]",Socio-cultural sensitive information,Gender identity
img4127,"[1,1,0,0,1,1,0,0]",2.0,0.0,1.0,0.0,"[0,1,0,0,0,0]",Socio-cultural sensitive information,Gender identity
img4128,"[1,0,0,1,1,0,0,0]",2.0,0.0,1.0,0.0,"[0,0,0,0,0,0]",Socio-cultural sensitive information,Gender identity
img4129,"[1,1,0,1,1,1,0,0]",2.0,0.0,1.0,0.0,"[0,1,0,0,0,0]",Socio-cultural sensitive information,Gender identity
img413,"[0,0,0,0,0,0,0,0]",0.0,0.0,0.0,0.0,"[0,1,1,1,1,0]",Public,Public
img4130,"[1,0,0,1,0,0,0,0]",2.0,0.0,1.0,0.0,"[0,0,0,0,0,0]",Socio-cultural sensitive information,Gender identity
img4131,"[1,0,0,1,1,1,0,0]",2.0,0.0,1.0,0.0,"[0,1,0,0,0,0]",Socio-cultural sensitive information,Gender identity
img4132,"[1,1,0,1,0,1,0,0]",2.0,0.0,2.0,0.0,"[0,0,0,0,0,0]",Socio-cultural sensitive information,Gender identity
img4133,"[1,0,0,0,1,1,0,0]",2.0,0.0,1.0,0.0,"[0,1,1,0,0,0]",Socio-cultural sensitive information,Gender identity
img4134,"[1,0,0,1,0,0,0,0]",2.0,2.0,2.0,0.0,"[1,0,0,0,0,0]",Socio-cultural sensitive information,Gender identity
img4135,"[1,1,0,1,1,1,0,0]",2.0,1.0,1.0,0.0,"[0,1,0,0,0,0]",Socio-cultural sensitive information,Gender identity
img4136,"[1,0,0,1,0,1,0,0]",2.0,1.0,1.0,0.0,"[0,0,0,0,0,0]",Socio-cultural sensitive information,Gender identity
img4137,"[0,0,0,0,0,0,0,0]",0.0,0.0,0.0,0.0,"[0,1,1,0,0,0]",Socio-cultural sensitive information,Politics/Social position
img4138,"[1,1,1,0,0,1,0,0]",2.0,1.0,2.0,0.0,"[0,1,0,0,0,0]",Socio-cultural sensitive information,Politics/Social position
img4139,"[1,0,1,0,0,1,0,0]",2.0,1.0,2.0,0.0,"[0,1,0,0,0,0]",Socio-cultural sensitive information,Politics/Social position
img414,"[0,0,0,0,0,0,0,0]",0.0,0.0,0.0,0.0,"[0,1,1,1,1,1]",Public,Public
img4140,"[0,0,1,0,0,0,0,0]",0.0,0.0,0.0,0.0,"[0,1,1,1,1,0]",Socio-cultural sensitive information,Politics/Social position
img4141,"[0,1,1,0,0,1,0,0]",1.0,1.0,2.0,0.0,"[0,1,0,0,0,0]",Socio-cultural sensitive information,Politics/Social position
img4142,"[1,1,1,0,0,1,0,0]",2.0,2.0,1.0,0.0,"[0,1,0,0,0,0]",Socio-cultural sensitive information,Politics/Social position
img4143,"[1,1,1,0,0,1,0,0]",1.0,1.0,2.0,0.0,"[0,1,0,0,0,0]",Socio-cultural sensitive information,Politics/Social position
img4144,"[0,0,1,0,0,1,0,0]",0.0,0.0,1.0,0.0,"[0,1,1,0,0,0]",Socio-cultural sensitive information,Politics/Social position
img4145,"[0,0,0,0,0,1,0,0]",0.0,1.0,2.0,0.0,"[0,1,0,0,0,0]",Socio-cultural sensitive information,Politics/Social position
img4146,"[1,1,0,0,0,1,0,0]",1.0,1.0,1.0,,"[0,1,0,0,0,0]",Socio-cultural sensitive information,Politics/Social position
img4147,"[1,0,1,0,0,1,0,0]",1.0,0.0,1.0,0.0,"[0,1,0,0,0,0]",Socio-cultural sensitive information,Politics/Social position
img4148,"[1,1,0,0,0,1,0,0]",0.0,1.0,1.0,0.0,"[0,1,0,0,0,0]",Socio-cultural sensitive information,Politics/Social position
img4149,"[0,0,1,0,0,0,0,0]",0.0,0.0,0.0,0.0,"[0,1,1,0,0,0]",Socio-cultural sensitive information,Politics/Social position
img415,"[0,0,0,0,0,0,0,0]",0.0,0.0,0.0,0.0,"[0,1,1,1,1,1]",Public,Public
img4150,"[0,0,1,0,0,1,0,0]",0.0,0.0,1.0,0.0,"[0,1,0,0,0,0]",Socio-cultural sensitive information,Politics/Social position
img4151,"[1,0,0,0,0,1,0,0]",1.0,1.0,1.0,0.0,"[0,1,0,0,0,0]",Socio-cultural sensitive information,Politics/Social position
img4152,"[1,1,1,1,0,0,0,0]",2.0,1.0,1.0,0.0,"[0,0,0,0,0,0]",Personal preferences,Private activities
img4153,"[1,1,0,0,1,0,0,0]",2.0,0.0,1.0,0.0,"[0,1,1,0,0,0]",Personal preferences,Private activities
img4154,"[1,0,0,0,1,0,0,0]",2.0,0.0,0.0,0.0,"[0,1,1,1,0,0]",Personal preferences,Private activities
img4155,"[1,1,0,0,0,0,0,0]",2.0,0.0,0.0,0.0,"[0,1,1,1,0,0]",Personal preferences,Private activities
img4156,"[1,1,0,0,0,0,0,0]",2.0,1.0,0.0,0.0,"[0,1,1,0,0,0]",Personal preferences,Private activities
img4157,"[1,0,0,0,1,0,0,0]",2.0,0.0,1.0,0.0,"[0,1,1,1,0,0]",Personal preferences,Private activities
img4158,"[1,0,1,0,1,0,0,0]",2.0,1.0,1.0,0.0,"[0,1,1,0,0,0]",Personal preferences,Private activities
img4159,"[1,1,0,0,0,0,0,0]",2.0,0.0,0.0,0.0,"[0,1,1,1,0,0]",Personal preferences,Private activities
img416,"[0,0,0,0,0,0,0,0]",0.0,0.0,0.0,0.0,"[0,1,1,1,1,1]",Public,Public
img4160,"[1,1,0,0,0,0,0,0]",2.0,0.0,0.0,0.0,"[0,1,1,1,0,0]",Personal preferences,Private activities
img4161,"[1,1,0,0,0,0,0,0]",2.0,1.0,0.0,0.0,"[0,1,1,1,0,0]",Personal preferences,Private activities
img4162,"[1,1,0,0,1,1,0,0]",2.0,0.0,1.0,0.0,"[0,1,1,0,0,0]",Personal preferences,Private activities
img4163,"[1,1,0,0,0,0,0,0]",2.0,0.0,0.0,0.0,"[0,1,1,0,0,0]",Personal preferences,Private activities
img4164,"[0,0,0,0,1,0,0,0]",0.0,0.0,0.0,0.0,"[0,1,1,1,0,0]",Personal preferences,Private activities
img4165,"[1,0,0,0,1,0,0,0]",2.0,0.0,0.0,0.0,"[0,1,1,0,0,0]",Personal preferences,Private activities
img4166,"[1,0,0,0,1,0,0,0]",2.0,1.0,1.0,0.0,"[0,1,1,0,0,0]",Personal preferences,Private activities
img4167,"[1,1,0,0,1,0,0,0]",2.0,1.0,1.0,0.0,"[0,1,1,0,0,0]",Personal preferences,Private activities
img4168,"[1,1,0,1,1,0,0,0]",2.0,1.0,1.0,0.0,"[0,1,1,0,0,0]",Personal preferences,Private activities
img4169,"[0,0,0,0,0,0,0,0]",0.0,0.0,0.0,0.0,"[0,1,1,1,1,0]",Personal preferences,Private activities
img417,"[0,0,0,0,0,0,0,0]",0.0,0.0,0.0,0.0,"[0,1,1,1,1,1]",Public,Public
img4170,"[0,0,0,0,0,0,0,1]",0.0,1.0,1.0,0.0,"[0,1,1,0,0,0]",Personal preferences,Private activities
img4171,"[1,1,0,0,1,0,0,0]",2.0,0.0,0.0,0.0,"[0,1,1,1,0,0]",Personal preferences,Private activities
img4172,"[1,0,0,0,1,0,0,0]",2.0,0.0,0.0,0.0,"[0,1,1,1,0,0]",Personal preferences,Private activities
img4173,"[1,0,0,0,1,0,0,0]",2.0,0.0,1.0,0.0,"[0,1,1,1,0,0]",Personal preferences,Private activities
img4174,"[1,1,0,0,1,0,0,0]",2.0,0.0,1.0,0.0,"[0,1,1,1,0,0]",Personal preferences,Private activities
img4175,"[0,0,0,0,0,0,0,0]",0.0,0.0,0.0,0.0,"[0,1,1,1,1,0]",Personal preferences,Private activities
img4176,"[1,0,0,0,0,0,0,0]",2.0,0.0,0.0,0.0,"[0,1,1,1,0,0]",Personal preferences,Private activities
img4177,"[1,0,0,0,0,0,0,0]",2.0,0.0,0.0,0.0,"[0,1,1,1,0,0]",Personal preferences,Private activities
img4178,"[1,0,0,0,1,0,0,0]",2.0,0.0,0.0,0.0,"[0,1,1,1,0,0]",Personal preferences,Private activities
img4179,"[1,0,0,1,0,0,0,0]",2.0,0.0,1.0,0.0,"[0,1,1,0,0,0]",Personal preferences,Private activities
img418,"[0,0,0,0,0,0,0,0]",0.0,0.0,0.0,0.0,"[0,1,1,1,0,0]",Public,Public
img4180,"[1,0,0,0,1,0,0,0]",2.0,0.0,0.0,0.0,"[0,1,1,1,0,0]",Personal preferences,Private activities
img4181,"[1,1,0,1,0,0,0,0]",2.0,0.0,1.0,0.0,"[0,1,1,0,0,0]",Personal preferences,Private activities
img4182,"[0,0,0,0,0,0,0,1]",0.0,0.0,0.0,0.0,"[0,1,1,1,0,0]",Personal preferences,Private activities
img4183,"[1,0,0,0,1,0,0,0]",2.0,1.0,1.0,0.0,"[0,1,1,0,0,0]",Personal preferences,Private activities
img4184,"[1,0,0,0,0,0,0,0]",2.0,0.0,0.0,0.0,"[0,1,1,1,0,0]",Personal preferences,Private activities
img4185,"[1,0,0,1,1,0,0,0]",2.0,1.0,1.0,0.0,"[0,1,1,0,0,0]",Personal preferences,Private activities
img4186,"[1,1,0,0,1,0,0,0]",2.0,0.0,1.0,0.0,"[0,1,1,0,0,0]",Personal preferences,Private activities
img4187,"[0,0,0,0,1,0,0,0]",0.0,0.0,1.0,0.0,"[0,1,1,0,0,0]",Personal preferences,Private activities
img4188,"[1,0,0,0,1,0,0,0]",1.0,1.0,1.0,0.0,"[0,1,1,0,0,0]",Personal preferences,Private activities
img4189,"[0,0,0,0,1,0,0,0]",0.0,1.0,1.0,0.0,"[0,1,1,0,0,0]",Personal preferences,Private activities
img419,"[0,0,0,0,0,0,0,0]",0.0,0.0,0.0,0.0,"[0,1,1,1,1,0]",Public,Public
img4190,"[1,0,0,1,1,0,0,0]",2.0,0.0,1.0,0.0,"[0,0,0,0,0,0]",Personal preferences,Private activities
img4191,"[1,1,0,1,1,0,0,0]",2.0,1.0,1.0,0.0,"[0,1,1,0,0,0]",Personal preferences,Private activities
img4192,"[1,0,0,0,0,0,0,0]",1.0,0.0,0.0,0.0,"[0,1,1,1,0,0]",Personal preferences,Private activities
img4193,"[0,0,0,0,0,0,0,0]",0.0,0.0,0.0,,"[0,1,1,1,1,1]",Personal preferences,Private activities
img4194,"[0,0,0,0,0,0,0,0]",0.0,0.0,0.0,0.0,"[0,1,1,0,0,0]",Personal preferences,Hobbies/Leisure/Style
img4195,"[0,0,0,0,1,0,0,0]",0.0,0.0,0.0,0.0,"[0,1,1,1,0,0]",Personal preferences,Hobbies/Leisure/Style
img4196,"[1,0,0,0,1,0,0,0]",2.0,0.0,0.0,0.0,"[0,1,1,1,0,0]",Personal preferences,Hobbies/Leisure/Style
img4197,"[0,0,0,0,0,0,0,0]",0.0,0.0,0.0,0.0,"[0,1,1,1,1,1]",Personal preferences,Hobbies/Leisure/Style
img4198,"[0,0,0,0,1,0,0,0]",0.0,0.0,0.0,0.0,"[0,1,1,0,0,0]",Personal preferences,Hobbies/Leisure/Style
img4199,"[1,0,0,0,1,0,0,0]",2.0,0.0,0.0,0.0,"[0,1,1,1,0,0]",Personal preferences,Hobbies/Leisure/Style
img42,"[1,1,0,1,0,0,0,0]",2.0,1.0,2.0,0.0,"[1,0,0,0,0,0]",Body and appearance,Body exposure and sexual implication
img420,"[0,0,0,0,0,0,0,0]",0.0,0.0,0.0,0.0,"[0,1,1,1,0,0]",Public,Public
img4200,"[1,0,0,0,1,0,0,0]",2.0,0.0,0.0,0.0,"[0,1,1,1,0,0]",Personal preferences,Hobbies/Leisure/Style
img4201,"[1,0,0,1,0,0,0,0]",1.0,0.0,1.0,0.0,"[0,1,1,0,0,0]",Personal preferences,Hobbies/Leisure/Style
img4202,"[0,0,0,0,1,0,0,0]",0.0,0.0,0.0,0.0,"[0,1,1,1,0,0]",Personal preferences,Hobbies/Leisure/Style
img4203,"[1,0,1,0,1,0,0,0]",2.0,0.0,0.0,0.0,"[0,1,1,1,0,0]",Personal preferences,Hobbies/Leisure/Style
img4204,"[0,0,1,0,1,0,0,0]",0.0,0.0,0.0,0.0,"[0,1,1,1,0,0]",Personal preferences,Hobbies/Leisure/Style
img4205,"[1,0,0,0,1,0,0,0]",2.0,0.0,0.0,0.0,"[0,1,1,1,0,0]",Personal preferences,Hobbies/Leisure/Style
img4206,"[1,0,0,0,1,0,0,0]",2.0,0.0,0.0,0.0,"[0,1,1,1,0,0]",Personal preferences,Hobbies/Leisure/Style
img4207,"[1,0,0,0,1,0,0,0]",2.0,0.0,0.0,0.0,"[0,1,1,1,0,0]",Personal preferences,Hobbies/Leisure/Style
img4208,"[1,0,0,0,1,0,0,0]",2.0,0.0,0.0,0.0,"[0,1,1,1,0,0]",Personal preferences,Hobbies/Leisure/Style
img4209,"[1,0,1,0,1,0,0,0]",2.0,0.0,0.0,0.0,"[0,1,1,1,0,0]",Personal preferences,Hobbies/Leisure/Style
img421,"[0,0,0,0,1,0,0,0]",0.0,0.0,0.0,0.0,"[0,1,1,1,0,0]",Public,Public
img4210,"[0,0,0,0,1,0,0,0]",1.0,0.0,0.0,0.0,"[0,1,1,1,0,0]",Personal preferences,Hobbies/Leisure/Style
img4211,"[1,0,0,0,1,0,0,0]",2.0,0.0,0.0,0.0,"[0,1,1,1,0,0]",Personal preferences,Hobbies/Leisure/Style
img4212,"[1,0,0,0,1,0,0,0]",1.0,0.0,0.0,0.0,"[0,1,1,0,0,0]",Personal preferences,Hobbies/Leisure/Style
img4213,"[1,0,0,0,1,0,0,1]",1.0,0.0,0.0,0.0,"[0,1,1,1,0,0]",Personal preferences,Hobbies/Leisure/Style
img4214,"[1,0,0,0,1,0,0,0]",2.0,0.0,0.0,0.0,"[0,1,1,1,0,0]",Personal preferences,Hobbies/Leisure/Style
img4215,"[1,0,1,0,1,0,0,0]",2.0,0.0,0.0,0.0,"[0,1,1,1,0,0]",Personal preferences,Hobbies/Leisure/Style
img4216,"[1,0,0,0,1,0,0,0]",2.0,0.0,0.0,0.0,"[0,1,1,0,0,0]",Personal preferences,Hobbies/Leisure/Style
img4217,"[1,0,0,0,1,0,0,0]",2.0,0.0,0.0,0.0,"[0,1,1,1,0,0]",Personal preferences,Hobbies/Leisure/Style
img4218,"[1,0,0,0,1,0,0,0]",2.0,0.0,0.0,0.0,"[0,1,1,1,0,0]",Personal preferences,Hobbies/Leisure/Style
img4219,"[1,0,0,0,1,0,0,0]",2.0,0.0,0.0,0.0,"[0,1,1,0,0,0]",Personal preferences,Hobbies/Leisure/Style
img422,"[0,0,0,0,0,0,0,0]",0.0,0.0,0.0,0.0,"[0,1,1,1,1,1]",Public,Public
img4220,"[1,0,0,0,1,0,0,0]",2.0,0.0,0.0,0.0,"[0,1,1,0,0,0]",Personal preferences,Hobbies/Leisure/Style
img4221,"[1,0,0,0,1,0,0,0]",2.0,0.0,0.0,0.0,"[0,1,1,1,0,0]",Personal preferences,Hobbies/Leisure/Style
img4222,"[1,0,0,0,1,0,0,0]",1.0,0.0,0.0,0.0,"[0,1,1,1,0,0]",Personal preferences,Hobbies/Leisure/Style
img4223,"[1,0,1,0,1,0,0,0]",2.0,0.0,0.0,0.0,"[0,1,1,1,0,0]",Personal preferences,Hobbies/Leisure/Style
img4224,"[1,0,0,0,1,0,0,0]",2.0,0.0,1.0,0.0,"[0,1,1,0,0,0]",Personal preferences,Hobbies/Leisure/Style
img4225,"[0,0,0,0,0,0,0,0]",0.0,0.0,0.0,0.0,"[0,1,1,1,0,0]",Personal preferences,Hobbies/Leisure/Style
img4226,"[1,0,0,0,1,0,0,0]",1.0,2.0,0.0,0.0,"[0,1,1,0,0,0]",Personal preferences,Hobbies/Leisure/Style
img4227,"[1,0,0,0,1,0,0,0]",2.0,0.0,0.0,0.0,"[0,1,1,1,0,0]",Personal preferences,Hobbies/Leisure/Style
img4228,"[1,0,0,0,1,0,0,0]",2.0,0.0,0.0,0.0,"[0,1,1,1,0,0]",Personal preferences,Hobbies/Leisure/Style
img4229,"[0,0,0,1,1,0,0,1]",0.0,0.0,0.0,0.0,"[0,1,0,0,0,0]",Personal preferences,Hobbies/Leisure/Style
img423,"[0,0,0,0,0,0,0,0]",0.0,0.0,0.0,0.0,"[0,1,1,1,1,0]",Public,Public
img4230,"[1,0,0,0,1,0,0,0]",2.0,0.0,0.0,0.0,"[0,1,1,1,0,0]",Personal preferences,Hobbies/Leisure/Style
img4231,"[1,0,0,0,1,0,0,0]",1.0,0.0,0.0,0.0,"[0,1,1,1,0,0]",Personal preferences,Hobbies/Leisure/Style
img4232,"[1,0,0,0,1,0,0,0]",2.0,0.0,0.0,0.0,"[0,1,1,1,0,0]",Personal preferences,Hobbies/Leisure/Style
img4233,"[1,0,0,0,1,0,0,0]",2.0,0.0,0.0,0.0,"[0,1,1,1,0,0]",Personal preferences,Hobbies/Leisure/Style
img4234,"[0,0,0,0,1,0,0,0]",0.0,0.0,0.0,0.0,"[0,1,1,1,0,0]",Personal preferences,Hobbies/Leisure/Style
img4235,"[1,0,0,0,1,0,0,0]",2.0,0.0,0.0,0.0,"[0,1,1,1,0,0]",Personal preferences,Hobbies/Leisure/Style
img4236,"[1,0,1,0,1,0,0,0]",2.0,0.0,0.0,0.0,"[0,1,1,1,0,0]",Personal preferences,Hobbies/Leisure/Style
img4237,"[0,0,0,0,0,0,0,0]",0.0,0.0,0.0,0.0,"[0,1,1,1,1,0]",Personal preferences,Hobbies/Leisure/Style
img4238,"[0,0,0,0,1,0,0,0]",0.0,0.0,0.0,0.0,"[0,1,1,1,1,0]",Personal preferences,Hobbies/Leisure/Style
img4239,"[1,0,0,0,1,0,0,0]",2.0,0.0,0.0,0.0,"[0,1,1,1,0,0]",Personal preferences,Hobbies/Leisure/Style
img424,"[0,0,0,0,0,0,0,0]",0.0,0.0,0.0,0.0,"[0,1,1,1,1,0]",Public,Public
img4240,"[1,0,0,0,1,0,0,0]",0.0,0.0,0.0,0.0,"[0,1,1,1,0,0]",Personal preferences,Hobbies/Leisure/Style
img4241,"[1,0,0,0,1,0,0,0]",2.0,0.0,0.0,0.0,"[0,1,1,1,0,0]",Personal preferences,Hobbies/Leisure/Style
img4242,"[1,0,0,0,1,0,0,0]",2.0,0.0,0.0,0.0,"[0,1,1,1,0,0]",Personal preferences,Hobbies/Leisure/Style
img4243,"[0,0,0,1,1,0,0,0]",0.0,0.0,1.0,0.0,"[0,1,1,0,0,0]",Personal preferences,Hobbies/Leisure/Style
img4244,"[1,0,0,0,1,0,0,0]",1.0,0.0,0.0,0.0,"[0,1,1,1,0,0]",Personal preferences,Hobbies/Leisure/Style
img4245,"[1,0,0,0,1,0,0,0]",2.0,0.0,0.0,0.0,"[0,1,1,1,0,0]",Personal preferences,Hobbies/Leisure/Style
img4246,"[0,0,0,0,0,0,0,0]",0.0,0.0,0.0,0.0,"[0,1,1,1,1,0]",Personal preferences,Hobbies/Leisure/Style
img4247,"[1,0,0,0,1,0,0,0]",1.0,0.0,0.0,0.0,"[0,1,1,1,0,0]",Personal preferences,Hobbies/Leisure/Style
img4248,"[0,0,0,0,0,0,0,1]",0.0,0.0,0.0,0.0,"[0,1,1,1,1,0]",Personal preferences,Hobbies/Leisure/Style
img4249,"[1,0,0,0,1,0,0,0]",0.0,0.0,0.0,0.0,"[0,1,1,1,0,0]",Personal preferences,Hobbies/Leisure/Style
img425,"[0,0,0,0,0,0,0,0]",0.0,0.0,0.0,0.0,"[0,1,1,1,1,0]",Public,Public
img4250,"[0,0,0,0,0,0,0,0]",0.0,0.0,0.0,0.0,"[0,1,1,1,0,0]",Personal preferences,Hobbies/Leisure/Style
img4251,"[1,0,0,0,1,0,0,0]",0.0,0.0,0.0,0.0,"[0,1,1,1,0,0]",Personal preferences,Hobbies/Leisure/Style
img4252,"[1,0,0,0,1,0,0,0]",2.0,0.0,0.0,0.0,"[0,1,1,1,0,0]",Personal preferences,Hobbies/Leisure/Style
img4253,"[1,0,0,0,1,0,0,0]",2.0,0.0,0.0,0.0,"[0,1,1,1,0,0]",Personal preferences,Hobbies/Leisure/Style
img4254,"[1,0,0,0,1,0,0,0]",2.0,0.0,0.0,0.0,"[0,1,1,1,0,0]",Personal preferences,Hobbies/Leisure/Style
img4255,"[1,0,0,0,1,0,0,0]",2.0,0.0,0.0,0.0,"[0,1,1,1,0,0]",Personal preferences,Hobbies/Leisure/Style
img4256,"[0,0,0,0,1,0,0,0]",0.0,0.0,0.0,0.0,"[0,1,1,1,1,0]",Personal preferences,Hobbies/Leisure/Style
img4257,"[1,0,0,0,1,0,0,0]",2.0,0.0,0.0,0.0,"[0,1,1,1,0,0]",Personal preferences,Hobbies/Leisure/Style
img4258,"[1,0,0,0,1,0,0,0]",2.0,0.0,0.0,0.0,"[0,1,1,0,0,0]",Personal preferences,Hobbies/Leisure/Style
img4259,"[1,0,0,0,1,0,0,0]",1.0,0.0,0.0,0.0,"[0,1,1,1,0,0]",Personal preferences,Hobbies/Leisure/Style
img426,"[0,0,0,0,0,0,0,1]",0.0,0.0,0.0,0.0,"[0,1,1,1,0,0]",Public,Public
img4260,"[1,0,0,0,1,0,0,0]",2.0,0.0,0.0,0.0,"[0,1,1,1,0,0]",Personal preferences,Hobbies/Leisure/Style
img4261,"[0,0,0,0,1,0,0,0]",0.0,0.0,0.0,0.0,"[0,1,1,1,0,0]",Personal preferences,Hobbies/Leisure/Style
img4262,"[1,0,0,0,0,1,0,0]",2.0,1.0,1.0,0.0,"[0,1,1,0,0,0]",Socio-cultural sensitive information,Religion/Culture
img4263,"[1,1,0,0,0,1,0,0]",2.0,1.0,1.0,0.0,"[0,1,1,0,0,0]",Socio-cultural sensitive information,Religion/Culture
img4264,"[1,1,0,0,0,1,0,0]",2.0,0.0,1.0,0.0,"[0,1,0,0,0,0]",Socio-cultural sensitive information,Religion/Culture
img4265,"[1,1,0,0,0,1,0,0]",2.0,1.0,1.0,0.0,"[0,1,1,0,0,0]",Socio-cultural sensitive information,Religion/Culture
img4266,"[1,1,0,0,0,1,0,0]",1.0,1.0,1.0,0.0,"[0,1,0,0,0,0]",Socio-cultural sensitive information,Religion/Culture
img4267,"[1,1,0,0,0,1,0,0]",1.0,1.0,1.0,0.0,"[0,1,0,0,0,0]",Socio-cultural sensitive information,Religion/Culture
img4268,"[1,0,0,0,0,1,0,0]",2.0,1.0,1.0,0.0,"[0,1,1,0,0,0]",Socio-cultural sensitive information,Religion/Culture
img4269,"[1,1,0,0,0,1,0,0]",2.0,0.0,1.0,0.0,"[0,1,1,0,0,0]",Socio-cultural sensitive information,Religion/Culture
img427,"[0,0,0,0,1,0,0,0]",0.0,0.0,0.0,0.0,"[0,1,1,1,0,0]",Public,Public
img4270,"[1,1,0,0,0,1,0,0]",2.0,1.0,1.0,0.0,"[0,1,0,0,0,0]",Socio-cultural sensitive information,Religion/Culture
img4271,"[1,0,0,0,0,1,0,0]",2.0,1.0,1.0,0.0,"[0,1,0,0,0,0]",Socio-cultural sensitive information,Religion/Culture
img4272,"[1,0,0,0,0,1,0,0]",2.0,1.0,0.0,0.0,"[0,1,1,0,0,0]",Socio-cultural sensitive information,Religion/Culture
img4273,"[0,1,0,0,0,1,0,0]",0.0,1.0,1.0,0.0,"[0,1,0,0,0,0]",Socio-cultural sensitive information,Religion/Culture
img4274,"[1,1,0,0,0,1,0,0]",2.0,1.0,1.0,0.0,"[0,1,0,0,0,0]",Socio-cultural sensitive information,Religion/Culture
img4275,"[1,1,1,0,0,1,0,0]",2.0,1.0,1.0,0.0,"[0,1,0,0,0,0]",Socio-cultural sensitive information,Religion/Culture
img4276,"[1,1,0,0,1,1,0,0]",2.0,1.0,1.0,0.0,"[0,1,1,0,0,0]",Socio-cultural sensitive information,Religion/Culture
img4277,"[1,0,0,0,1,1,0,0]",1.0,1.0,1.0,0.0,"[0,1,0,0,0,0]",Socio-cultural sensitive information,Religion/Culture
img4278,"[1,0,0,0,0,1,0,0]",2.0,1.0,1.0,0.0,"[0,1,0,0,0,0]",Socio-cultural sensitive information,Religion/Culture
img4279,"[1,0,0,0,0,1,0,0]",2.0,1.0,1.0,1.0,"[0,1,0,0,0,0]",Socio-cultural sensitive information,Religion/Culture
img428,"[0,0,0,0,0,0,0,0]",0.0,0.0,0.0,0.0,"[0,1,1,1,1,1]",Public,Public
img4280,"[1,0,0,0,0,0,1,0]",2.0,2.0,2.0,0.0,"[1,0,0,0,0,0]",Risk and crime-related information,Violence/Threat
img4281,"[1,0,0,0,0,0,1,0]",1.0,2.0,2.0,0.0,"[0,0,0,0,0,0]",Risk and crime-related information,Violence/Threat
img4282,"[0,0,0,0,1,0,1,0]",0.0,0.0,1.0,0.0,"[0,1,1,0,0,0]",Risk and crime-related information,Violence/Threat
img4283,"[0,0,0,0,0,0,0,0]",0.0,0.0,0.0,0.0,"[0,1,1,1,1,0]",Location information,Location cues
img4284,"[1,0,0,0,0,0,0,0]",1.0,0.0,0.0,0.0,"[0,1,1,1,0,0]",Location information,Location cues
img4285,"[0,0,1,0,0,0,0,0]",0.0,0.0,0.0,0.0,"[0,1,1,1,1,0]",Location information,Location cues
img4286,"[0,0,1,0,0,0,0,0]",0.0,0.0,0.0,0.0,"[0,1,1,1,1,0]",Location information,Location cues
img4287,"[0,0,0,0,0,0,0,1]",0.0,0.0,0.0,0.0,"[0,1,1,1,0,0]",Location information,Location cues
img4288,"[0,0,1,0,0,0,0,0]",0.0,0.0,0.0,0.0,"[0,1,1,1,0,0]",Location information,Location cues
img4289,"[0,0,0,0,0,0,0,1]",0.0,0.0,0.0,0.0,"[0,1,1,1,1,0]",Location information,Location cues
img429,"[0,0,0,0,0,0,0,0]",0.0,0.0,0.0,0.0,"[0,1,1,1,1,1]",Public,Public
img4290,"[0,0,1,0,0,0,0,0]",0.0,0.0,0.0,0.0,"[0,1,1,1,1,0]",Location information,Location cues
img4291,"[1,1,1,0,0,1,0,0]",2.0,0.0,0.0,0.0,"[0,1,1,0,0,0]",Location information,Location cues
img4292,"[0,0,0,0,0,0,0,0]",0.0,0.0,0.0,0.0,"[0,1,1,0,0,0]",Location information,Location cues
img4293,"[0,0,1,0,0,0,0,0]",0.0,0.0,0.0,0.0,"[0,1,1,1,0,0]",Location information,Location cues
img4294,"[1,0,1,0,0,0,0,0]",2.0,0.0,0.0,0.0,"[0,1,1,0,0,0]",Location information,Location cues
img4295,"[0,0,1,0,0,0,0,0]",0.0,0.0,0.0,0.0,"[0,1,1,0,0,0]",Location information,Location cues
img4296,"[0,0,1,0,0,0,0,0]",0.0,0.0,0.0,0.0,"[0,1,1,1,1,1]",Location information,Location cues
img4297,"[0,0,1,0,0,0,0,0]",0.0,0.0,0.0,0.0,"[0,1,1,1,1,0]",Location information,Location cues
img4298,"[0,0,0,0,0,0,0,0]",0.0,0.0,0.0,0.0,"[0,1,1,1,1,1]",Location information,Location cues
img4299,"[0,0,1,0,0,0,0,0]",0.0,0.0,0.0,0.0,"[0,1,1,1,1,0]",Location information,Location cues
img43,"[1,0,0,1,0,0,0,0]",1.0,0.0,1.0,0.0,"[0,0,0,0,0,0]",Body and appearance,Body exposure and sexual implication
img430,"[0,0,0,0,0,0,0,0]",0.0,0.0,0.0,0.0,"[0,1,1,1,0,0]",Public,Public
img4300,"[0,0,1,0,0,0,0,1]",0.0,0.0,0.0,0.0,"[0,1,1,1,0,0]",Location information,Location cues
img4301,"[0,0,0,0,0,0,0,0]",0.0,0.0,0.0,0.0,"[0,1,1,1,1,0]",Location information,Location cues
img4302,"[0,0,1,0,0,0,0,0]",0.0,0.0,0.0,0.0,"[0,1,1,1,1,1]",Location information,Location cues
img4303,"[0,0,0,0,0,0,0,0]",0.0,0.0,0.0,0.0,"[0,1,1,1,0,0]",Location information,Location cues
img4304,"[0,0,1,0,1,0,0,0]",0.0,0.0,0.0,0.0,"[0,1,1,1,0,0]",Location information,Location cues
img4305,"[0,0,1,0,0,0,0,0]",0.0,0.0,0.0,0.0,"[0,1,1,1,1,0]",Location information,Location cues
img4306,"[0,0,0,0,0,0,0,1]",0.0,0.0,0.0,0.0,"[0,1,1,1,0,0]",Location information,Location cues
img4307,"[0,0,0,0,0,0,0,0]",0.0,0.0,0.0,0.0,"[0,1,1,1,0,0]",Location information,Location cues
img4308,"[0,0,0,0,0,0,0,0]",0.0,0.0,0.0,0.0,"[0,1,1,1,0,0]",Location information,Location cues
img4309,"[0,0,1,0,0,0,0,0]",0.0,0.0,0.0,0.0,"[0,1,1,1,0,0]",Location information,Location cues
img431,"[0,0,0,0,1,0,0,0]",0.0,0.0,0.0,0.0,"[0,1,1,1,0,0]",Public,Public
img4310,"[0,0,1,0,0,0,0,0]",0.0,0.0,0.0,0.0,"[0,1,1,1,0,0]",Location information,Location cues
img4311,"[0,0,1,0,0,0,0,0]",0.0,0.0,0.0,0.0,"[0,1,1,1,0,0]",Location information,Location cues
img4312,"[1,0,1,0,0,0,0,1]",1.0,0.0,0.0,0.0,"[0,1,1,1,0,0]",Location information,Location cues
img4313,"[0,0,0,0,0,0,0,0]",0.0,0.0,0.0,0.0,"[0,1,1,1,1,0]",Location information,Location cues
img4314,"[1,1,1,0,0,0,0,0]",2.0,0.0,0.0,0.0,"[0,1,1,0,0,0]",Location information,Location cues
img4315,"[0,0,1,0,0,0,0,0]",0.0,0.0,0.0,0.0,"[0,1,1,1,0,0]",Location information,Location cues
img4316,"[0,0,1,0,0,0,0,0]",0.0,0.0,0.0,0.0,"[0,1,1,1,1,0]",Location information,Location cues
img4317,"[0,0,0,0,0,0,0,0]",0.0,0.0,0.0,0.0,"[0,1,1,1,0,0]",Location information,Location cues
img4318,"[0,0,1,0,0,0,0,0]",0.0,0.0,0.0,0.0,"[0,1,1,1,0,0]",Location information,Location cues
img4319,"[0,0,0,0,0,0,0,0]",0.0,0.0,0.0,0.0,"[0,1,1,1,1,0]",Location information,Location cues
img432,"[0,0,0,0,0,0,0,0]",0.0,0.0,0.0,0.0,"[0,1,1,1,1,0]",Public,Public
img4320,"[0,0,1,0,0,0,0,0]",0.0,0.0,0.0,0.0,"[0,1,1,1,1,0]",Location information,Location cues
img4321,"[0,0,0,0,0,0,0,0]",0.0,0.0,0.0,0.0,"[0,1,1,1,1,0]",Location information,Location cues
img4322,"[0,0,1,0,0,0,0,0]",0.0,0.0,0.0,0.0,"[0,1,1,1,1,0]",Location information,Location cues
img4323,"[0,0,1,0,0,0,0,0]",0.0,0.0,0.0,0.0,"[0,1,1,1,1,1]",Location information,Location cues
img4324,"[0,0,1,0,0,0,0,0]",0.0,0.0,0.0,0.0,"[0,1,1,1,1,0]",Location information,Location cues
img4325,"[1,0,0,1,0,0,0,0]",1.0,0.0,2.0,0.0,"[0,0,0,0,0,0]",Body and appearance,Appearance
img4326,"[1,0,0,1,0,0,0,0]",1.0,0.0,1.0,0.0,"[0,1,0,0,0,0]",Body and appearance,Appearance
img4327,"[1,0,0,1,0,0,0,0]",2.0,0.0,1.0,0.0,"[0,1,1,1,0,0]",Body and appearance,Appearance
img4328,"[1,0,0,1,0,0,0,0]",1.0,0.0,1.0,0.0,"[0,1,1,0,0,0]",Body and appearance,Appearance
img4329,"[1,0,0,1,0,0,0,0]",1.0,0.0,1.0,0.0,"[0,1,1,0,0,0]",Body and appearance,Appearance
img433,"[0,0,0,0,1,0,0,0]",0.0,0.0,0.0,0.0,"[0,1,1,1,0,0]",Public,Public
img4330,"[1,0,0,1,0,0,0,0]",2.0,0.0,1.0,0.0,"[0,1,0,0,0,0]",Body and appearance,Appearance
img4331,"[1,0,0,1,0,0,0,0]",1.0,0.0,1.0,,"[0,1,0,0,0,0]",Body and appearance,Appearance
img4332,"[1,0,0,1,1,0,0,0]",1.0,0.0,1.0,0.0,"[0,1,1,0,0,0]",Body and appearance,Appearance
img4333,"[1,0,0,1,0,0,0,0]",1.0,0.0,2.0,0.0,"[1,0,0,0,0,0]",Body and appearance,Appearance
img4334,"[1,0,0,1,1,0,0,0]",1.0,0.0,1.0,0.0,"[0,1,1,1,0,0]",Body and appearance,Appearance
img4335,"[1,0,1,1,0,0,0,0]",1.0,0.0,1.0,0.0,"[0,1,0,0,0,0]",Body and appearance,Appearance
img4336,"[1,0,0,1,0,0,0,0]",1.0,0.0,1.0,0.0,"[0,1,1,1,0,0]",Body and appearance,Appearance
img4337,"[1,0,0,1,0,0,0,0]",1.0,0.0,1.0,0.0,"[0,1,1,0,0,0]",Body and appearance,Appearance
img4338,"[1,0,0,1,0,0,0,0]",2.0,0.0,1.0,0.0,"[0,1,1,1,0,0]",Body and appearance,Appearance
img4339,"[1,0,0,1,0,0,0,0]",1.0,0.0,1.0,0.0,"[0,1,1,1,0,0]",Body and appearance,Appearance
img434,"[0,0,0,0,0,0,0,0]",0.0,0.0,0.0,0.0,"[0,1,1,1,1,0]",Public,Public
img4340,"[1,0,1,1,0,0,0,0]",0.0,0.0,1.0,0.0,"[0,1,1,0,0,0]",Body and appearance,Appearance
img4341,"[1,0,0,1,1,0,0,0]",1.0,0.0,1.0,0.0,"[0,1,1,0,0,0]",Body and appearance,Appearance
img4342,"[1,0,0,1,0,0,0,0]",1.0,0.0,1.0,0.0,"[0,1,1,0,0,0]",Body and appearance,Appearance
img4343,"[1,0,0,1,0,0,0,0]",1.0,0.0,1.0,0.0,"[0,1,1,0,0,0]",Body and appearance,Appearance
img4344,"[1,0,0,1,0,0,0,0]",1.0,0.0,2.0,0.0,"[0,1,0,0,0,0]",Body and appearance,Appearance
img4345,"[1,0,0,1,0,0,0,0]",0.0,0.0,1.0,0.0,"[0,1,1,1,1,0]",Body and appearance,Appearance
img4346,"[1,0,0,0,1,0,0,0]",1.0,0.0,1.0,0.0,"[0,1,1,0,0,0]",Body and appearance,Appearance
img4347,"[1,0,0,1,0,0,0,0]",1.0,0.0,1.0,0.0,"[0,1,0,0,0,0]",Body and appearance,Appearance
img4348,"[1,0,0,1,0,0,0,0]",1.0,0.0,1.0,0.0,"[0,1,1,0,0,0]",Body and appearance,Appearance
img4349,"[1,0,0,1,0,0,0,0]",1.0,0.0,2.0,0.0,"[0,1,0,0,0,0]",Body and appearance,Appearance
img435,"[0,0,0,0,0,0,0,0]",0.0,0.0,0.0,0.0,"[0,1,1,1,1,0]",Public,Public
img4350,"[1,0,0,1,0,0,0,0]",1.0,0.0,1.0,0.0,"[0,1,1,0,0,0]",Body and appearance,Appearance
img4351,"[1,0,0,1,0,0,0,0]",1.0,0.0,2.0,,"[1,0,0,0,0,0]",Body and appearance,Appearance
img4352,"[1,0,0,1,0,0,0,0]",1.0,0.0,1.0,0.0,"[0,1,1,0,0,0]",Body and appearance,Appearance
img4353,"[1,0,0,1,0,0,0,0]",1.0,0.0,1.0,0.0,"[0,1,1,1,0,0]",Body and appearance,Appearance
img4354,"[1,0,0,1,1,0,0,0]",1.0,0.0,1.0,0.0,"[0,1,1,0,0,0]",Body and appearance,Appearance
img4355,"[1,0,0,1,1,0,0,0]",1.0,0.0,2.0,0.0,"[0,1,0,0,0,0]",Body and appearance,Appearance
img4356,"[1,0,0,1,0,0,0,0]",1.0,0.0,1.0,,"[0,1,1,1,0,0]",Body and appearance,Appearance
img4357,"[1,0,0,1,0,0,0,0]",1.0,0.0,1.0,0.0,"[0,1,1,1,0,0]",Body and appearance,Appearance
img4358,"[1,0,0,1,0,0,0,0]",1.0,0.0,1.0,0.0,"[0,1,1,1,0,0]",Body and appearance,Appearance
img4359,"[1,0,0,1,0,0,0,0]",1.0,0.0,2.0,0.0,"[0,1,0,0,0,0]",Body and appearance,Appearance
img436,"[0,0,0,0,0,0,0,0]",0.0,0.0,0.0,0.0,"[0,1,1,1,1,0]",Public,Public
img4360,"[0,0,0,0,0,0,0,0]",0.0,0.0,0.0,0.0,"[0,1,1,1,1,0]",Body and appearance,Appearance
img4361,"[1,0,0,1,0,0,0,0]",1.0,0.0,1.0,0.0,"[0,1,1,1,0,0]",Body and appearance,Appearance
img4362,"[1,0,0,1,0,0,0,0]",1.0,0.0,1.0,0.0,"[0,1,1,0,0,0]",Body and appearance,Appearance
img4363,"[1,0,0,1,0,0,0,0]",1.0,0.0,1.0,0.0,"[0,1,1,1,0,0]",Body and appearance,Appearance
img4364,"[1,0,0,1,0,0,0,0]",1.0,0.0,1.0,0.0,"[0,1,1,1,0,0]",Body and appearance,Appearance
img4365,"[1,0,0,1,0,0,0,0]",1.0,0.0,1.0,0.0,"[0,1,1,0,0,0]",Body and appearance,Appearance
img4366,"[1,0,0,1,0,0,0,0]",1.0,0.0,1.0,0.0,"[0,1,1,1,0,0]",Body and appearance,Appearance
img4367,"[1,0,0,1,0,0,0,0]",0.0,0.0,1.0,0.0,"[0,1,1,1,1,0]",Body and appearance,Appearance
img4368,"[1,0,0,1,1,0,0,0]",1.0,0.0,1.0,0.0,"[0,1,1,0,0,0]",Body and appearance,Appearance
img4369,"[1,0,0,1,0,0,0,0]",1.0,0.0,1.0,0.0,"[0,1,1,1,0,0]",Body and appearance,Appearance
img437,"[1,1,1,0,1,0,0,0]",1.0,0.0,0.0,0.0,"[0,1,1,1,0,0]",Public,Public
img4370,"[1,0,1,1,0,0,0,0]",1.0,0.0,1.0,0.0,"[0,1,1,0,0,0]",Body and appearance,Appearance
img4371,"[1,0,0,1,0,0,0,0]",1.0,0.0,2.0,0.0,"[0,0,0,0,0,0]",Body and appearance,Appearance
img4372,"[1,0,0,1,0,0,0,0]",1.0,0.0,1.0,0.0,"[0,1,1,0,0,0]",Body and appearance,Appearance
img4373,"[1,0,0,0,1,0,0,0]",1.0,0.0,1.0,0.0,"[0,1,1,1,0,0]",Body and appearance,Appearance
img4374,"[1,0,0,1,1,0,0,0]",2.0,1.0,1.0,0.0,"[0,1,0,0,0,0]",Body and appearance,Appearance
img4375,"[1,0,0,1,0,0,0,0]",1.0,0.0,1.0,0.0,"[0,1,1,0,0,0]",Body and appearance,Appearance
img4376,"[1,0,1,1,1,0,0,0]",1.0,0.0,1.0,0.0,"[0,1,1,0,0,0]",Body and appearance,Appearance
img4377,"[1,0,0,1,0,0,0,0]",1.0,0.0,2.0,0.0,"[0,0,0,0,0,0]",Body and appearance,Appearance
img4378,"[1,0,0,1,0,0,0,0]",1.0,0.0,1.0,0.0,"[0,1,1,0,0,0]",Body and appearance,Appearance
img4379,"[0,0,0,1,0,0,0,0]",0.0,0.0,1.0,0.0,"[0,1,1,1,0,0]",Body and appearance,Appearance
img438,"[0,0,0,0,0,0,0,0]",0.0,0.0,0.0,0.0,"[0,1,1,1,0,0]",Public,Public
img4380,"[1,0,0,1,0,0,0,0]",1.0,0.0,1.0,0.0,"[0,1,1,1,0,0]",Body and appearance,Appearance
img4381,"[1,0,0,0,0,0,0,0]",2.0,1.0,0.0,1.0,"[0,1,1,0,0,0]",Personal identity and sensitive information,Workplace/School
img4382,"[0,0,0,0,0,0,0,1]",0.0,0.0,0.0,0.0,"[0,1,1,0,0,0]",Personal identity and sensitive information,Workplace/School
img4383,"[0,0,1,0,0,0,0,0]",0.0,1.0,0.0,0.0,"[0,1,1,1,0,0]",Personal identity and sensitive information,Workplace/School
img4384,"[0,0,0,0,0,0,0,0]",0.0,0.0,0.0,0.0,"[0,1,1,1,0,0]",Personal identity and sensitive information,Workplace/School
img4385,"[0,0,0,0,0,0,0,0]",0.0,0.0,0.0,0.0,"[0,1,1,1,0,0]",Personal identity and sensitive information,Workplace/School
img4386,"[1,0,0,0,0,0,0,0]",2.0,0.0,0.0,0.0,"[0,1,1,1,0,0]",Personal identity and sensitive information,Workplace/School
img4387,"[0,0,0,0,0,0,0,0]",0.0,0.0,0.0,0.0,"[0,1,1,0,0,0]",Personal identity and sensitive information,Workplace/School
img4388,"[1,0,0,0,0,0,0,1]",0.0,0.0,0.0,0.0,"[0,1,1,1,0,0]",Personal identity and sensitive information,Workplace/School
img4389,"[0,0,0,0,0,0,0,0]",0.0,0.0,0.0,0.0,"[0,1,1,1,0,0]",Personal identity and sensitive information,Workplace/School
img439,"[0,0,1,0,0,0,0,0]",0.0,0.0,0.0,0.0,"[0,1,1,1,1,1]",Public,Public
img4390,"[0,0,0,0,1,0,0,0]",0.0,0.0,0.0,0.0,"[0,1,1,1,0,0]",Personal identity and sensitive information,Workplace/School
img4391,"[0,0,0,0,0,0,0,0]",0.0,1.0,0.0,0.0,"[0,1,1,1,0,0]",Personal identity and sensitive information,Workplace/School
img4392,"[0,0,0,0,0,0,0,0]",0.0,0.0,0.0,0.0,"[0,1,1,1,0,0]",Personal identity and sensitive information,Workplace/School
img4393,"[0,0,1,0,0,0,0,0]",0.0,0.0,0.0,0.0,"[0,1,1,1,0,0]",Personal identity and sensitive information,Workplace/School
img4394,"[0,0,1,0,0,0,0,1]",0.0,1.0,0.0,1.0,"[0,1,1,0,0,0]",Personal identity and sensitive information,Workplace/School
img4395,"[0,0,0,0,0,0,0,0]",0.0,0.0,0.0,0.0,"[0,1,1,1,1,0]",Personal identity and sensitive information,Workplace/School
img4396,"[0,0,1,0,0,0,0,1]",0.0,1.0,0.0,0.0,"[0,1,1,1,0,0]",Personal identity and sensitive information,Workplace/School
img4397,"[1,0,1,0,0,0,0,0]",2.0,0.0,0.0,0.0,"[0,1,1,0,0,0]",Personal identity and sensitive information,Workplace/School
img4398,"[1,0,1,0,0,0,0,1]",1.0,0.0,0.0,1.0,"[0,1,1,0,0,0]",Personal identity and sensitive information,Workplace/School
img4399,"[0,0,0,0,0,0,0,0]",0.0,0.0,0.0,0.0,"[0,1,1,1,0,0]",Personal identity and sensitive information,Workplace/School
img44,"[1,1,0,1,0,1,0,0]",2.0,0.0,1.0,0.0,"[0,0,0,0,0,0]",Body and appearance,Body exposure and sexual implication
img440,"[0,0,1,0,0,0,0,0]",0.0,0.0,0.0,0.0,"[0,1,1,1,1,0]",Public,Public
img4400,"[0,0,1,0,1,0,0,1]",0.0,1.0,0.0,0.0,"[0,1,1,1,0,0]",Personal identity and sensitive information,Workplace/School
img4401,"[1,1,0,1,0,0,0,0]",2.0,0.0,2.0,0.0,"[0,1,1,0,0,0]",Personal identity and sensitive information,Workplace/School
img4402,"[0,0,0,0,0,0,0,0]",0.0,0.0,0.0,0.0,"[0,1,1,1,0,0]",Personal identity and sensitive information,Workplace/School
img4403,"[0,0,1,0,0,0,0,1]",0.0,0.0,0.0,0.0,"[0,1,1,0,0,0]",Personal identity and sensitive information,Workplace/School
img4404,"[1,1,1,0,1,0,0,0]",2.0,0.0,0.0,0.0,"[0,1,1,1,0,0]",Personal identity and sensitive information,Workplace/School
img4405,"[0,0,0,0,0,0,0,1]",0.0,0.0,0.0,0.0,"[0,1,1,1,0,0]",Personal identity and sensitive information,Workplace/School
img4406,"[1,0,1,0,0,0,0,0]",2.0,1.0,0.0,0.0,"[0,1,1,1,0,0]",Personal identity and sensitive information,Workplace/School
img4407,"[0,0,0,0,0,0,0,1]",0.0,0.0,0.0,0.0,"[0,1,1,0,0,0]",Personal identity and sensitive information,Workplace/School
img4408,"[0,0,0,0,0,0,0,1]",0.0,0.0,0.0,0.0,"[0,1,1,1,1,0]",Personal identity and sensitive information,Workplace/School
img4409,"[0,0,0,0,0,0,0,1]",0.0,1.0,0.0,0.0,"[0,1,1,0,0,0]",Personal identity and sensitive information,Workplace/School
img441,"[0,0,1,0,0,0,0,0]",0.0,0.0,0.0,0.0,"[0,1,1,1,1,0]",Public,Public
img4410,"[1,1,1,0,0,0,0,0]",2.0,0.0,0.0,0.0,"[0,1,1,1,0,0]",Personal identity and sensitive information,Workplace/School
img4411,"[0,0,0,0,1,0,0,0]",0.0,1.0,1.0,0.0,"[0,1,1,1,0,0]",Personal identity and sensitive information,Workplace/School
img4412,"[1,0,0,0,1,0,0,0]",2.0,0.0,0.0,0.0,"[0,1,1,1,0,0]",Personal identity and sensitive information,Workplace/School
img4413,"[1,0,0,0,0,0,0,0]",2.0,1.0,0.0,0.0,"[0,1,1,0,0,0]",Personal identity and sensitive information,Workplace/School
img4414,"[0,0,0,0,0,0,0,1]",0.0,0.0,0.0,0.0,"[0,1,1,1,0,0]",Personal identity and sensitive information,Workplace/School
img4415,"[1,1,0,0,0,0,0,0]",2.0,1.0,0.0,0.0,"[0,1,1,0,0,0]",Personal identity and sensitive information,Workplace/School
img4416,"[1,1,0,0,0,0,0,0]",2.0,1.0,0.0,1.0,"[0,1,1,0,0,0]",Personal identity and sensitive information,Workplace/School
img4417,"[1,0,0,0,0,0,0,0]",2.0,0.0,0.0,0.0,"[0,1,1,1,0,0]",Personal identity and sensitive information,Workplace/School
img4418,"[0,0,0,0,0,0,0,1]",0.0,0.0,0.0,0.0,"[0,1,1,1,0,0]",Personal identity and sensitive information,Workplace/School
img4419,"[0,0,1,0,0,0,0,1]",0.0,1.0,0.0,,"[0,1,1,0,0,0]",Personal identity and sensitive information,Workplace/School
img442,"[0,0,0,0,0,0,0,1]",0.0,0.0,0.0,0.0,"[0,1,1,1,0,0]",Public,Public
img4420,"[1,1,0,0,0,0,0,0]",2.0,0.0,0.0,0.0,"[0,1,1,1,0,0]",Personal identity and sensitive information,Workplace/School
img4421,"[1,0,1,0,0,0,0,0]",2.0,0.0,0.0,1.0,"[0,1,1,0,0,0]",Personal identity and sensitive information,Workplace/School
img4422,"[1,0,1,0,0,0,0,0]",2.0,0.0,0.0,0.0,"[0,1,1,1,0,0]",Personal identity and sensitive information,Workplace/School
img4423,"[1,0,1,0,0,0,0,0]",2.0,0.0,0.0,1.0,"[0,1,1,1,0,0]",Personal identity and sensitive information,Workplace/School
img4424,"[1,0,1,0,0,0,0,0]",2.0,0.0,1.0,1.0,"[0,1,1,0,0,0]",Personal identity and sensitive information,Workplace/School
img4425,"[1,0,1,0,0,0,0,0]",2.0,0.0,0.0,1.0,"[0,1,1,1,0,0]",Personal identity and sensitive information,Workplace/School
img4426,"[1,0,0,0,0,0,0,0]",2.0,0.0,0.0,0.0,"[0,1,1,1,0,0]",Personal identity and sensitive information,Workplace/School
img4427,"[1,0,0,0,0,0,0,0]",2.0,0.0,0.0,0.0,"[0,1,1,0,0,0]",Personal identity and sensitive information,Workplace/School
img4428,"[1,0,1,0,0,0,0,0]",2.0,0.0,0.0,0.0,"[0,1,1,0,0,0]",Personal identity and sensitive information,Workplace/School
img4429,"[1,0,1,0,1,0,0,1]",1.0,0.0,0.0,0.0,"[0,1,1,1,0,0]",Personal identity and sensitive information,Workplace/School
img443,"[0,0,0,0,0,0,0,0]",0.0,0.0,0.0,0.0,"[0,1,1,1,1,1]",Public,Public
img4430,"[1,0,1,0,0,0,0,0]",2.0,0.0,0.0,1.0,"[0,1,1,0,0,0]",Personal identity and sensitive information,Workplace/School
img4431,"[1,0,0,0,0,0,0,0]",1.0,0.0,0.0,1.0,"[0,1,1,0,0,0]",Personal identity and sensitive information,Workplace/School
img4432,"[1,0,1,0,0,0,0,0]",2.0,0.0,0.0,1.0,"[0,1,1,0,0,0]",Personal identity and sensitive information,Workplace/School
img4433,"[1,0,1,0,0,0,0,0]",2.0,0.0,0.0,1.0,"[0,1,1,0,0,0]",Personal identity and sensitive information,Workplace/School
img4434,"[1,0,1,0,0,0,0,0]",2.0,0.0,0.0,0.0,"[0,1,1,0,0,0]",Personal identity and sensitive information,Workplace/School
img4435,"[0,0,0,0,1,0,0,0]",0.0,0.0,0.0,0.0,"[0,1,1,0,0,0]",Personal identity and sensitive information,Workplace/School
img4436,"[1,0,1,0,0,0,0,0]",2.0,0.0,0.0,1.0,"[0,1,1,1,0,0]",Personal identity and sensitive information,Workplace/School
img4437,"[1,0,1,0,1,1,0,0]",2.0,0.0,0.0,0.0,"[0,1,1,1,0,0]",Public,Public
img4438,"[1,0,0,0,1,0,0,0]",2.0,0.0,0.0,0.0,"[0,1,1,1,0,0]",Public,Public
img4439,"[0,0,1,0,0,0,0,0]",0.0,0.0,0.0,1.0,"[0,1,1,1,0,0]",Public,Public
img444,"[0,0,0,0,0,0,0,0]",0.0,0.0,0.0,0.0,"[0,1,1,1,1,1]",Public,Public
img4440,"[1,1,0,0,0,0,0,0]",2.0,0.0,0.0,0.0,"[0,1,1,1,0,0]",Public,Public
img4441,"[0,0,0,0,0,0,0,0]",0.0,0.0,0.0,0.0,"[0,1,1,1,1,0]",Public,Public
img4442,"[0,0,0,0,0,0,0,0]",0.0,0.0,0.0,0.0,"[0,1,1,1,0,0]",Public,Public
img4443,"[1,0,0,0,1,0,0,0]",1.0,0.0,0.0,0.0,"[0,1,1,1,0,0]",Public,Public
img4444,"[0,0,0,0,0,0,0,0]",0.0,0.0,0.0,0.0,"[0,1,1,1,1,0]",Public,Public
img4445,"[1,0,0,0,0,0,0,0]",2.0,0.0,0.0,0.0,"[0,1,1,1,0,0]",Public,Public
img4446,"[0,0,0,0,0,1,0,0]",0.0,2.0,1.0,0.0,"[0,1,1,0,0,0]",Public,Public
img4447,"[0,0,0,0,0,0,0,0]",0.0,0.0,0.0,0.0,"[0,1,1,1,1,1]",Public,Public
img4448,"[1,0,1,0,1,0,0,0]",2.0,0.0,0.0,0.0,"[0,1,1,1,0,0]",Public,Public
img4449,"[1,0,0,0,1,0,0,0]",2.0,0.0,1.0,0.0,"[0,1,1,0,0,0]",Public,Public
img445,"[0,0,0,0,0,0,0,0]",0.0,0.0,0.0,0.0,"[0,1,1,1,0,0]",Public,Public
img4450,"[1,1,0,0,0,0,0,1]",1.0,0.0,0.0,1.0,"[0,1,1,0,0,0]",Public,Public
img4451,"[1,0,0,0,0,1,0,0]",2.0,0.0,1.0,0.0,"[0,1,1,0,0,0]",Public,Public
img4452,"[1,0,1,0,1,0,0,0]",2.0,0.0,0.0,0.0,"[0,1,1,1,0,0]",Public,Public
img4453,"[1,0,0,0,1,0,0,0]",2.0,0.0,0.0,0.0,"[0,1,1,1,0,0]",Public,Public
img4454,"[1,0,0,0,1,0,0,0]",2.0,0.0,0.0,0.0,"[0,1,1,1,0,0]",Public,Public
img4455,"[0,0,0,0,0,0,0,1]",0.0,0.0,0.0,0.0,"[0,1,1,1,0,0]",Public,Public
img4456,"[0,0,0,0,0,0,0,0]",0.0,0.0,0.0,0.0,"[0,1,1,1,0,0]",Public,Public
img4457,"[1,1,0,0,1,0,0,0]",2.0,0.0,0.0,0.0,"[0,1,1,1,0,0]",Public,Public
img4458,"[1,0,0,0,1,0,0,0]",2.0,0.0,0.0,0.0,"[0,1,1,1,0,0]",Public,Public
img4459,"[0,0,1,0,0,0,0,0]",0.0,0.0,0.0,0.0,"[0,1,1,1,1,0]",Public,Public
img446,"[0,0,0,0,0,0,0,0]",0.0,0.0,0.0,0.0,"[0,1,1,1,1,1]",Public,Public
img4460,"[0,0,0,0,0,0,0,0]",0.0,0.0,0.0,0.0,"[0,1,1,1,1,0]",Public,Public
img4461,"[0,0,0,0,0,0,0,0]",0.0,0.0,0.0,0.0,"[0,1,1,1,1,0]",Public,Public
img4462,"[1,0,0,0,0,0,0,0]",2.0,0.0,0.0,0.0,"[0,1,1,1,0,0]",Public,Public
img4463,"[1,0,0,0,1,0,0,0]",2.0,0.0,0.0,0.0,"[0,1,1,1,0,0]",Public,Public
img4464,"[1,1,1,0,0,0,0,0]",2.0,0.0,0.0,0.0,"[0,1,1,1,0,0]",Public,Public
img4465,"[0,0,0,0,0,0,0,0]",0.0,0.0,0.0,0.0,"[0,1,1,1,1,0]",Public,Public
img4466,"[1,0,0,0,0,0,0,0]",2.0,0.0,0.0,0.0,"[0,1,1,1,0,0]",Public,Public
img4467,"[1,0,0,0,0,0,0,0]",1.0,0.0,0.0,0.0,"[0,1,1,1,0,0]",Public,Public
img4468,"[0,0,0,0,0,0,0,0]",0.0,0.0,0.0,0.0,"[0,1,1,1,1,1]",Public,Public
img4469,"[0,0,0,0,0,0,0,0]",0.0,0.0,0.0,0.0,"[0,1,1,1,0,0]",Public,Public
img447,"[0,0,0,0,0,0,0,0]",0.0,0.0,0.0,0.0,"[0,1,1,1,1,1]",Public,Public
img4470,"[1,0,1,0,1,0,0,0]",2.0,0.0,0.0,0.0,"[0,1,1,1,0,0]",Public,Public
img4471,"[1,0,0,0,0,0,0,0]",2.0,0.0,0.0,1.0,"[0,1,1,1,0,0]",Public,Public
img4472,"[0,0,1,0,0,0,0,0]",0.0,0.0,0.0,0.0,"[0,1,1,1,1,0]",Public,Public
img4473,"[1,0,0,0,0,0,0,0]",2.0,0.0,0.0,0.0,"[0,1,1,1,0,0]",Public,Public
img4474,"[1,0,0,0,0,0,0,0]",2.0,0.0,0.0,0.0,"[0,1,1,1,0,0]",Public,Public
img4475,"[0,0,0,0,1,0,0,0]",0.0,0.0,0.0,0.0,"[0,1,1,1,1,0]",Public,Public
img4476,"[1,0,1,0,1,0,0,0]",1.0,0.0,0.0,0.0,"[0,1,1,1,0,0]",Public,Public
img4477,"[0,0,0,0,1,0,0,0]",0.0,0.0,0.0,0.0,"[0,1,1,1,0,0]",Public,Public
img4478,"[1,0,0,0,0,0,0,0]",1.0,0.0,0.0,0.0,"[0,1,1,1,0,0]",Public,Public
img4479,"[0,0,0,0,0,0,0,1]",0.0,0.0,0.0,0.0,"[0,1,1,1,0,0]",Public,Public
img448,"[0,0,0,0,0,0,0,0]",0.0,0.0,0.0,0.0,"[0,1,1,1,1,1]",Public,Public
img4480,"[0,0,0,0,0,0,0,0]",0.0,0.0,0.0,0.0,"[0,1,1,1,0,0]",Public,Public
img4481,"[0,0,0,0,0,0,0,0]",0.0,0.0,0.0,0.0,"[0,1,1,1,1,1]",Public,Public
img4482,"[1,0,0,0,1,0,0,0]",2.0,0.0,0.0,1.0,"[0,1,1,1,0,0]",Public,Public
img4483,"[0,0,0,0,0,0,0,1]",0.0,0.0,0.0,0.0,"[0,1,1,1,0,0]",Public,Public
img4484,"[0,0,0,0,1,0,0,1]",0.0,0.0,0.0,,"[0,1,1,1,0,0]",Public,Public
img4485,"[1,0,0,0,1,0,0,0]",1.0,0.0,0.0,0.0,"[0,1,1,1,0,0]",Public,Public
img4486,"[0,0,0,0,0,0,0,1]",0.0,0.0,0.0,0.0,"[0,1,1,1,0,0]",Public,Public
img4487,"[1,0,1,0,1,0,0,0]",0.0,0.0,0.0,0.0,"[0,1,1,1,0,0]",Public,Public
img4488,"[0,0,1,0,0,0,0,0]",0.0,0.0,0.0,0.0,"[0,1,1,1,0,0]",Public,Public
img4489,"[1,0,1,0,0,0,0,0]",2.0,0.0,0.0,0.0,"[0,1,1,1,0,0]",Public,Public
img449,"[0,0,0,0,0,0,0,0]",0.0,0.0,0.0,0.0,"[0,1,1,1,1,1]",Public,Public
img4490,"[1,0,1,0,1,0,0,0]",2.0,0.0,1.0,0.0,"[0,1,1,0,0,0]",Public,Public
img4491,"[0,0,0,0,0,0,0,1]",0.0,0.0,0.0,0.0,"[0,1,1,1,0,0]",Public,Public
img4492,"[1,0,0,0,1,0,0,0]",2.0,0.0,0.0,0.0,"[0,1,1,1,0,0]",Public,Public
img4493,"[1,0,0,0,1,0,0,0]",1.0,0.0,0.0,0.0,"[0,1,1,1,0,0]",Public,Public
img4494,"[1,0,0,0,0,0,0,0]",2.0,0.0,0.0,0.0,"[0,1,1,1,0,0]",Public,Public
img4495,"[0,0,0,0,0,0,0,0]",0.0,0.0,0.0,0.0,"[0,1,1,1,0,0]",Public,Public
img4496,"[0,0,0,0,0,0,0,1]",0.0,0.0,0.0,0.0,"[0,1,1,1,1,0]",Public,Public
img4497,"[0,0,1,0,0,0,0,1]",0.0,0.0,0.0,0.0,"[0,1,1,1,0,0]",Public,Public
img4498,"[0,0,0,0,0,0,0,0]",0.0,0.0,0.0,0.0,"[0,1,1,1,1,0]",Public,Public
img4499,"[1,1,0,0,0,0,0,0]",2.0,0.0,0.0,0.0,"[0,1,1,1,0,0]",Public,Public
img45,"[1,1,0,1,0,0,0,0]",2.0,0.0,1.0,0.0,"[0,1,1,0,0,0]",Body and appearance,Body exposure and sexual implication
img450,"[1,0,0,0,0,0,0,0]",1.0,0.0,0.0,0.0,"[0,1,1,1,0,0]",Public,Public
img4500,"[1,0,0,0,1,0,0,0]",2.0,0.0,0.0,0.0,"[0,1,1,1,0,0]",Public,Public
img4501,"[1,0,1,0,1,0,0,0]",2.0,0.0,0.0,0.0,"[0,1,1,1,0,0]",Public,Public
img4502,"[1,0,1,0,1,0,0,0]",2.0,0.0,0.0,0.0,"[0,1,1,1,0,0]",Public,Public
img4503,"[1,0,0,0,0,0,0,0]",2.0,0.0,0.0,0.0,"[0,1,1,1,0,0]",Public,Public
img4504,"[1,0,0,0,1,0,0,0]",2.0,0.0,0.0,0.0,"[0,1,1,1,0,0]",Public,Public
img4505,"[0,0,0,0,1,0,0,0]",0.0,0.0,0.0,0.0,"[0,1,1,1,0,0]",Public,Public
img4506,"[1,0,1,0,1,0,0,0]",2.0,0.0,0.0,0.0,"[0,1,1,1,0,0]",Public,Public
img4507,"[1,0,1,0,1,0,0,0]",2.0,0.0,0.0,0.0,"[0,1,1,1,0,0]",Public,Public
img4508,"[1,0,0,0,0,1,0,0]",2.0,0.0,1.0,0.0,"[0,1,1,0,0,0]",Public,Public
img4509,"[1,0,0,0,1,0,0,0]",1.0,0.0,0.0,0.0,"[0,1,1,0,0,0]",Public,Public
img451,"[0,0,1,0,0,0,0,0]",0.0,0.0,0.0,0.0,"[0,1,1,1,1,0]",Public,Public
img4510,"[0,0,0,0,1,0,0,1]",0.0,2.0,0.0,0.0,"[0,1,1,0,0,0]",Public,Public
img4511,"[1,0,0,0,1,0,0,0]",2.0,0.0,0.0,0.0,"[0,1,1,1,0,0]",Public,Public
img4512,"[1,0,0,0,0,0,0,0]",2.0,0.0,0.0,0.0,"[0,1,1,0,0,0]",Public,Public
img4513,"[1,0,0,0,0,0,0,0]",2.0,0.0,0.0,0.0,"[0,1,1,1,0,0]",Public,Public
img4514,"[1,1,0,0,0,0,0,0]",2.0,0.0,0.0,0.0,"[0,1,1,0,0,0]",Public,Public
img4515,"[1,0,0,0,1,0,0,0]",2.0,0.0,0.0,0.0,"[0,1,1,1,0,0]",Public,Public
img4516,"[1,0,0,0,1,0,0,0]",2.0,0.0,0.0,0.0,"[0,1,1,1,0,0]",Public,Public
img4517,"[0,0,1,0,0,0,0,0]",0.0,0.0,0.0,0.0,"[0,1,1,1,0,0]",Public,Public
img4518,"[1,1,0,0,0,0,0,0]",2.0,0.0,0.0,0.0,"[0,1,1,1,0,0]",Public,Public
img4519,"[1,0,0,0,0,0,0,0]",1.0,0.0,0.0,0.0,"[0,1,1,1,0,0]",Public,Public
img452,"[1,0,1,0,0,0,0,0]",1.0,0.0,0.0,0.0,"[0,1,1,1,0,0]",Public,Public
img4520,"[0,0,0,0,0,1,0,0]",0.0,1.0,1.0,,"[0,1,1,0,0,0]",Public,Public
img4521,"[0,0,0,0,0,0,0,0]",0.0,0.0,0.0,0.0,"[0,1,1,1,1,1]",Public,Public
img4522,"[0,0,0,0,0,0,0,1]",0.0,0.0,0.0,0.0,"[0,1,1,1,0,0]",Public,Public
img4523,"[0,0,0,0,0,0,0,1]",0.0,0.0,0.0,0.0,"[0,1,1,1,0,0]",Public,Public
img4524,"[1,0,1,0,0,0,0,0]",2.0,0.0,0.0,0.0,"[0,1,1,1,0,0]",Public,Public
img4525,"[1,0,0,0,1,0,0,0]",2.0,0.0,0.0,0.0,"[0,1,1,1,0,0]",Public,Public
img4526,"[1,0,1,0,1,0,0,0]",2.0,0.0,0.0,0.0,"[0,1,1,1,0,0]",Public,Public
img4527,"[1,0,0,0,0,0,0,0]",1.0,0.0,0.0,0.0,"[0,1,1,1,0,0]",Public,Public
img4528,"[1,1,0,0,0,0,0,0]",2.0,0.0,0.0,0.0,"[0,1,1,1,0,0]",Public,Public
img4529,"[1,1,0,0,0,0,0,0]",2.0,0.0,0.0,0.0,"[0,1,1,1,0,0]",Public,Public
img453,"[0,0,0,0,0,0,0,0]",0.0,0.0,0.0,0.0,"[0,1,1,1,0,0]",Public,Public
img4530,"[1,0,0,0,0,0,0,0]",1.0,0.0,0.0,0.0,"[0,1,1,1,0,0]",Public,Public
img4531,"[1,0,0,0,1,0,0,0]",2.0,0.0,0.0,0.0,"[0,1,1,1,0,0]",Public,Public
img4532,"[1,0,1,0,0,0,0,0]",2.0,0.0,0.0,0.0,"[0,1,1,1,0,0]",Public,Public
img4533,"[1,0,0,0,0,0,0,0]",2.0,0.0,0.0,0.0,"[0,1,1,1,0,0]",Public,Public
img4534,"[1,0,0,0,1,0,0,0]",2.0,0.0,0.0,0.0,"[0,1,1,1,0,0]",Public,Public
img4535,"[1,0,0,0,0,0,0,0]",1.0,0.0,0.0,0.0,"[0,1,1,1,0,0]",Public,Public
img4536,"[0,0,0,0,0,0,0,0]",0.0,0.0,0.0,0.0,"[0,1,1,1,0,0]",Public,Public
img4537,"[1,0,0,0,1,0,0,0]",2.0,0.0,0.0,0.0,"[0,1,1,1,0,0]",Public,Public
img4538,"[1,0,1,0,1,1,0,0]",2.0,0.0,1.0,0.0,"[0,1,1,1,0,0]",Public,Public
img4539,"[0,0,0,0,1,0,0,0]",0.0,0.0,0.0,0.0,"[0,1,1,1,0,0]",Public,Public
img454,"[1,0,0,1,0,0,0,0]",2.0,0.0,1.0,0.0,"[0,1,1,1,0,0]",Public,Public
img4540,"[1,0,0,0,0,0,0,0]",2.0,1.0,0.0,0.0,"[0,1,1,1,0,0]",Public,Public
img4541,"[1,0,1,0,1,0,0,0]",2.0,0.0,0.0,0.0,"[0,1,1,1,0,0]",Public,Public
img4542,"[1,0,0,0,1,0,0,0]",2.0,0.0,0.0,0.0,"[0,1,1,1,0,0]",Public,Public
img4543,"[0,0,1,0,0,0,0,0]",0.0,0.0,0.0,0.0,"[0,1,1,1,1,0]",Public,Public
img4544,"[0,0,1,0,0,0,0,0]",0.0,1.0,0.0,0.0,"[0,1,1,0,0,0]",Public,Public
img4545,"[0,0,0,0,0,0,0,0]",0.0,0.0,0.0,0.0,"[0,1,1,1,1,0]",Public,Public
img4546,"[1,1,0,0,0,0,0,0]",2.0,0.0,0.0,,"[0,1,1,1,0,0]",Public,Public
img4547,"[1,1,1,0,0,0,0,0]",2.0,0.0,0.0,0.0,"[0,1,1,1,0,0]",Public,Public
img4548,"[1,0,0,0,0,0,0,0]",2.0,0.0,0.0,0.0,"[0,1,1,1,0,0]",Public,Public
img4549,"[0,0,0,0,1,0,0,1]",0.0,0.0,0.0,0.0,"[0,1,1,0,0,0]",Public,Public
img455,"[0,0,0,0,0,0,0,0]",0.0,0.0,0.0,0.0,"[0,1,1,1,1,0]",Public,Public
img4550,"[1,0,0,0,0,1,0,0]",1.0,1.0,1.0,0.0,"[0,1,1,0,0,0]",Public,Public
img4551,"[1,0,0,0,1,0,0,0]",2.0,0.0,0.0,0.0,"[0,1,1,1,0,0]",Public,Public
img4552,"[1,0,0,0,1,0,0,0]",2.0,0.0,0.0,0.0,"[0,1,1,1,0,0]",Public,Public
img4553,"[1,0,0,1,0,0,0,0]",1.0,0.0,1.0,0.0,"[0,1,0,0,0,0]",Public,Public
img4554,"[1,0,0,0,0,0,0,0]",1.0,0.0,0.0,0.0,"[0,1,1,1,0,0]",Public,Public
img4555,"[1,0,0,0,1,0,0,0]",2.0,0.0,0.0,0.0,"[0,1,0,1,0,0]",Public,Public
img4556,"[1,0,0,0,1,0,0,0]",2.0,0.0,0.0,0.0,"[0,1,1,1,0,0]",Public,Public
img4557,"[1,1,1,0,0,0,0,0]",2.0,0.0,0.0,0.0,"[0,1,1,1,0,0]",Public,Public
img4558,"[1,1,0,0,1,0,0,0]",2.0,1.0,0.0,0.0,"[0,1,1,0,0,0]",Public,Public
img4559,"[1,0,0,0,0,0,0,0]",2.0,0.0,,0.0,"[0,1,1,1,0,0]",Public,Public
img456,"[0,0,0,0,0,0,0,0]",0.0,0.0,0.0,0.0,"[0,1,1,1,1,1]",Public,Public
img4560,"[0,0,0,0,0,0,0,1]",0.0,0.0,0.0,0.0,"[0,1,1,1,0,0]",Public,Public
img4561,"[0,0,1,0,0,1,0,0]",0.0,2.0,1.0,0.0,"[0,1,0,0,0,0]",Public,Public
img4562,"[1,1,0,0,0,0,0,0]",2.0,0.0,0.0,0.0,"[0,1,1,0,0,0]",Public,Public
img4563,"[0,0,0,0,0,0,0,0]",0.0,0.0,0.0,0.0,"[0,1,1,1,1,0]",Public,Public
img4564,"[1,1,0,0,0,0,0,0]",2.0,0.0,0.0,0.0,"[0,1,1,0,0,0]",Public,Public
img4565,"[0,0,0,0,1,0,0,0]",0.0,0.0,0.0,0.0,"[0,1,1,1,1,0]",Public,Public
img4566,"[0,0,0,0,0,0,0,1]",0.0,0.0,,0.0,"[0,1,1,1,0,0]",Public,Public
img4567,"[1,0,0,0,0,0,0,0]",1.0,0.0,0.0,0.0,"[0,1,1,0,0,0]",Public,Public
img4568,"[0,0,0,0,0,0,0,0]",0.0,0.0,0.0,0.0,"[0,1,1,1,1,1]",Public,Public
img4569,"[0,0,0,0,0,0,0,0]",0.0,0.0,0.0,0.0,"[0,1,1,1,1,1]",Public,Public
img457,"[0,0,0,0,0,0,0,0]",0.0,0.0,0.0,0.0,"[0,1,1,1,1,1]",Public,Public
img4570,"[0,0,0,0,1,0,0,0]",0.0,0.0,1.0,0.0,"[0,1,1,1,0,0]",Public,Public
img4571,"[0,0,0,0,1,0,0,0]",0.0,0.0,0.0,0.0,"[0,1,1,1,1,0]",Public,Public
img4572,"[1,1,0,0,0,0,0,0]",2.0,0.0,0.0,0.0,"[0,1,1,0,0,0]",Public,Public
img4573,"[0,0,0,0,1,0,0,0]",0.0,0.0,0.0,0.0,"[0,1,1,1,1,0]",Public,Public
img4574,"[1,1,1,0,0,0,0,0]",2.0,0.0,0.0,0.0,"[0,1,1,1,0,0]",Public,Public
img4575,"[0,0,0,0,0,0,0,1]",0.0,0.0,0.0,0.0,"[0,1,1,1,0,0]",Public,Public
img4576,"[1,0,0,0,1,0,0,0]",1.0,0.0,0.0,0.0,"[0,1,1,1,0,0]",Public,Public
img4577,"[1,0,0,0,1,0,0,0]",2.0,0.0,0.0,0.0,"[0,1,1,1,0,0]",Public,Public
img4578,"[0,0,0,0,1,0,0,0]",0.0,0.0,0.0,0.0,"[0,1,1,1,1,0]",Public,Public
img4579,"[1,1,0,0,0,0,0,0]",2.0,0.0,0.0,1.0,"[0,1,1,1,0,0]",Public,Public
img458,"[1,0,1,0,0,0,0,0]",2.0,0.0,0.0,0.0,"[0,1,1,1,0,0]",Public,Public
img4580,"[0,0,0,0,0,0,0,0]",0.0,0.0,0.0,0.0,"[0,1,1,1,0,0]",Public,Public
img4581,"[1,0,1,0,0,0,0,0]",2.0,0.0,0.0,0.0,"[0,1,1,1,0,0]",Public,Public
img4582,"[0,0,0,0,1,0,0,0]",0.0,0.0,1.0,0.0,"[0,1,1,1,0,0]",Public,Public
img4583,"[0,0,0,0,1,0,0,0]",0.0,0.0,0.0,0.0,"[0,1,1,1,1,1]",Public,Public
img4584,"[0,0,0,0,1,0,0,0]",0.0,0.0,0.0,0.0,"[0,1,1,1,1,0]",Public,Public
img4585,"[1,0,0,0,0,0,0,0]",2.0,0.0,0.0,0.0,"[0,1,1,1,0,0]",Public,Public
img4586,"[0,0,0,0,0,0,0,1]",0.0,0.0,0.0,0.0,"[0,1,1,0,0,0]",Public,Public
img4587,"[1,0,0,0,0,0,0,0]",1.0,0.0,0.0,0.0,"[0,1,1,1,0,0]",Public,Public
img4588,"[1,0,0,0,0,0,0,0]",2.0,0.0,0.0,0.0,"[0,1,1,1,0,0]",Public,Public
img4589,"[1,0,0,0,0,0,0,0]",2.0,1.0,0.0,0.0,"[0,1,1,1,0,0]",Public,Public
img459,"[0,0,0,0,0,0,0,0]",0.0,0.0,0.0,0.0,"[0,1,1,1,1,1]",Public,Public
img4590,"[1,0,0,0,0,0,0,0]",2.0,0.0,0.0,0.0,"[0,1,1,1,0,0]",Public,Public
img4591,"[1,0,0,1,0,0,0,0]",2.0,2.0,1.0,0.0,"[0,1,1,0,0,0]",Public,Public
img4592,"[0,0,0,0,0,1,0,0]",0.0,1.0,1.0,0.0,"[0,1,1,0,0,0]",Public,Public
img4593,"[1,1,0,0,0,0,0,0]",2.0,0.0,0.0,0.0,"[0,1,1,1,0,0]",Public,Public
img4594,"[1,0,0,0,1,0,0,0]",2.0,0.0,0.0,0.0,"[0,1,1,1,0,0]",Public,Public
img4595,"[1,0,0,0,0,0,0,0]",2.0,0.0,0.0,0.0,"[0,1,1,1,0,0]",Public,Public
img4596,"[1,1,0,0,0,0,0,0]",2.0,0.0,0.0,0.0,"[0,1,1,1,0,0]",Public,Public
img4597,"[0,0,0,0,0,0,0,0]",0.0,0.0,0.0,0.0,"[0,1,1,1,1,0]",Public,Public
img4598,"[1,0,0,0,0,0,0,0]",2.0,0.0,0.0,0.0,"[0,1,1,1,0,0]",Public,Public
img4599,"[0,0,0,0,1,1,0,0]",0.0,1.0,1.0,0.0,"[0,1,1,0,0,0]",Public,Public
img46,"[1,1,0,1,0,1,0,0]",2.0,0.0,2.0,0.0,"[0,0,0,0,0,0]",Body and appearance,Body exposure and sexual implication
img460,"[0,0,0,0,0,0,0,0]",0.0,0.0,0.0,0.0,"[0,1,1,1,1,1]",Public,Public
img4600,"[1,0,0,0,0,0,0,0]",2.0,0.0,0.0,0.0,"[0,1,1,1,0,0]",Public,Public
img4601,"[1,0,1,0,0,0,0,0]",0.0,0.0,0.0,0.0,"[0,1,1,1,0,0]",Public,Public
img4602,"[1,0,0,0,0,0,0,0]",2.0,0.0,0.0,0.0,"[0,1,1,1,0,0]",Public,Public
img4603,"[1,1,0,1,0,0,0,0]",2.0,0.0,1.0,0.0,"[0,1,1,0,0,0]",Public,Public
img4604,"[1,0,0,0,0,0,0,0]",1.0,0.0,0.0,0.0,"[0,1,1,0,0,0]",Public,Public
img4605,"[1,1,0,0,0,0,0,0]",2.0,0.0,0.0,0.0,"[0,1,1,1,0,0]",Public,Public
img4606,"[1,0,0,0,1,0,0,0]",2.0,0.0,1.0,0.0,"[0,1,1,0,0,0]",Public,Public
img4607,"[0,0,0,0,0,0,0,0]",0.0,0.0,0.0,0.0,"[0,1,1,1,1,0]",Public,Public
img4608,"[1,1,0,0,0,0,0,1]",0.0,0.0,0.0,0.0,"[0,1,1,1,0,0]",Public,Public
img4609,"[1,0,0,0,0,0,0,0]",2.0,0.0,0.0,0.0,"[0,1,1,1,0,0]",Public,Public
img461,"[0,0,0,0,0,0,0,1]",0.0,0.0,0.0,0.0,"[0,1,1,1,1,0]",Public,Public
img4610,"[1,0,0,0,0,0,0,0]",2.0,0.0,0.0,0.0,"[0,1,1,1,0,0]",Public,Public
img4611,"[1,0,0,0,0,1,0,0]",1.0,1.0,1.0,0.0,"[0,1,1,1,0,0]",Public,Public
img4612,"[1,1,0,0,0,0,0,0]",2.0,0.0,0.0,0.0,"[0,1,1,1,0,0]",Public,Public
img4613,"[1,0,0,0,0,0,0,0]",2.0,0.0,0.0,0.0,"[0,1,1,1,0,0]",Public,Public
img4614,"[0,0,0,0,0,0,0,0]",0.0,0.0,0.0,0.0,"[0,1,1,1,0,0]",Public,Public
img4615,"[1,1,0,0,1,0,0,0]",2.0,0.0,0.0,0.0,"[0,1,1,1,0,0]",Public,Public
img4616,"[0,0,0,0,1,0,0,0]",0.0,0.0,0.0,0.0,"[0,1,1,1,1,0]",Public,Public
img4617,"[0,0,0,0,0,0,0,1]",0.0,0.0,0.0,0.0,"[0,0,0,0,0,0]",Public,Public
img4618,"[1,0,0,0,1,0,0,0]",2.0,0.0,0.0,0.0,"[0,1,1,1,0,0]",Public,Public
img4619,"[0,1,0,0,0,0,0,0]",0.0,0.0,0.0,0.0,"[0,1,1,1,0,0]",Public,Public
img462,"[0,0,0,0,1,0,0,0]",0.0,0.0,0.0,0.0,"[0,1,1,1,0,0]",Public,Public
img4620,"[1,0,0,0,0,0,0,0]",2.0,0.0,0.0,0.0,"[0,1,1,1,0,0]",Public,Public
img4621,"[0,0,0,0,0,0,0,0]",0.0,0.0,0.0,0.0,"[0,1,1,1,0,0]",Public,Public
img4622,"[0,0,0,0,0,0,0,1]",0.0,0.0,0.0,0.0,"[0,1,1,0,0,0]",Public,Public
img4623,"[1,1,0,0,0,0,0,0]",2.0,0.0,0.0,0.0,"[0,1,1,1,0,0]",Public,Public
img4624,"[0,0,0,0,0,0,0,1]",0.0,0.0,0.0,0.0,"[0,1,1,1,0,0]",Public,Public
img4625,"[0,0,0,0,1,0,0,0]",0.0,0.0,0.0,0.0,"[0,1,1,1,0,0]",Public,Public
img4626,"[0,0,0,0,0,0,0,1]",0.0,0.0,0.0,1.0,"[0,1,1,1,0,0]",Public,Public
img4627,"[1,0,0,0,0,0,0,0]",2.0,0.0,0.0,0.0,"[0,1,1,1,0,0]",Public,Public
img4628,"[0,0,0,0,1,0,0,0]",0.0,0.0,0.0,0.0,"[0,1,1,1,1,0]",Public,Public
img4629,"[1,0,0,0,0,0,0,0]",2.0,0.0,0.0,0.0,"[0,1,1,1,0,0]",Public,Public
img463,"[0,0,0,0,0,0,0,0]",0.0,0.0,0.0,0.0,"[0,1,1,1,1,0]",Public,Public
img4630,"[1,1,1,0,1,0,0,0]",2.0,0.0,1.0,0.0,"[0,1,1,1,0,0]",Public,Public
img4631,"[1,1,1,0,1,0,0,0]",2.0,0.0,0.0,0.0,"[0,1,1,0,0,0]",Public,Public
img4632,"[1,0,0,0,0,0,0,0]",2.0,0.0,0.0,0.0,"[0,1,1,1,0,0]",Public,Public
img4633,"[1,0,1,0,1,0,0,0]",1.0,0.0,0.0,0.0,"[0,1,1,1,0,0]",Public,Public
img4634,"[1,0,0,0,0,0,0,0]",2.0,0.0,0.0,0.0,"[0,1,1,1,0,0]",Public,Public
img4635,"[1,0,0,0,0,0,0,0]",2.0,0.0,0.0,0.0,"[0,1,1,1,0,0]",Public,Public
img4636,"[1,0,1,0,0,0,0,0]",2.0,1.0,0.0,0.0,"[0,1,1,1,0,0]",Public,Public
img4637,"[1,1,0,0,0,0,0,0]",1.0,0.0,0.0,0.0,"[0,1,1,1,0,0]",Public,Public
img4638,"[1,0,0,0,0,0,0,0]",2.0,0.0,0.0,0.0,"[0,1,1,1,0,0]",Public,Public
img4639,"[0,0,0,0,1,0,0,0]",0.0,0.0,0.0,0.0,"[0,1,1,1,0,0]",Public,Public
img464,"[0,0,0,0,0,0,0,0]",0.0,0.0,0.0,0.0,"[0,1,1,1,0,0]",Public,Public
img4640,"[0,0,0,0,0,0,0,1]",0.0,0.0,0.0,0.0,"[0,1,1,1,0,0]",Public,Public
img4641,"[0,0,0,0,0,0,0,0]",0.0,0.0,0.0,0.0,"[0,1,1,1,1,1]",Public,Public
img4642,"[1,0,0,0,1,0,0,0]",2.0,0.0,0.0,0.0,"[0,1,1,1,0,0]",Public,Public
img4643,"[0,0,0,0,0,0,0,0]",0.0,0.0,0.0,0.0,"[0,1,1,1,1,0]",Public,Public
img4644,"[1,0,0,0,0,0,0,0]",0.0,0.0,0.0,0.0,"[0,1,1,1,0,0]",Public,Public
img4645,"[1,0,0,0,0,0,0,0]",2.0,0.0,0.0,0.0,"[0,1,1,0,0,0]",Public,Public
img4646,"[0,0,0,0,1,0,0,0]",0.0,0.0,0.0,0.0,"[0,1,1,1,1,1]",Public,Public
img4647,"[1,0,0,0,0,0,0,0]",2.0,0.0,0.0,0.0,"[0,1,1,1,0,0]",Public,Public
img4648,"[1,0,0,0,0,0,0,0]",2.0,0.0,0.0,0.0,"[0,1,1,1,0,0]",Public,Public
img4649,"[1,1,0,0,0,0,0,0]",1.0,0.0,1.0,0.0,"[0,1,1,0,0,0]",Public,Public
img465,"[0,0,0,0,0,0,0,0]",0.0,0.0,0.0,0.0,"[0,1,1,1,1,0]",Public,Public
img4650,"[1,0,0,0,0,0,0,0]",1.0,0.0,0.0,0.0,"[0,1,1,1,0,0]",Public,Public
img4651,"[1,0,0,0,1,0,0,0]",2.0,2.0,0.0,0.0,"[0,1,1,0,0,0]",Public,Public
img4652,"[1,0,0,0,0,0,0,0]",2.0,0.0,0.0,0.0,"[0,1,1,1,0,0]",Public,Public
img4653,"[1,0,0,0,0,0,0,0]",2.0,1.0,0.0,0.0,"[0,1,1,1,0,0]",Public,Public
img4654,"[0,0,0,0,0,0,0,0]",0.0,0.0,0.0,0.0,"[0,1,1,1,1,0]",Public,Public
img4655,"[1,0,1,0,1,0,0,0]",2.0,0.0,0.0,0.0,"[0,1,1,1,0,0]",Public,Public
img4656,"[1,0,0,0,0,0,0,0]",2.0,0.0,0.0,0.0,"[0,1,1,1,0,0]",Public,Public
img4657,"[1,1,0,0,0,0,0,0]",2.0,0.0,0.0,0.0,"[0,1,1,1,0,0]",Public,Public
img4658,"[1,0,0,0,1,0,0,0]",2.0,0.0,0.0,0.0,"[0,1,1,1,0,0]",Public,Public
img4659,"[1,1,0,0,0,0,0,0]",2.0,0.0,0.0,0.0,"[0,1,1,1,0,0]",Public,Public
img466,"[0,0,0,0,1,0,0,0]",0.0,0.0,0.0,0.0,"[0,1,1,1,1,1]",Public,Public
img4660,"[0,0,1,0,0,0,0,0]",0.0,0.0,0.0,0.0,"[0,1,1,1,1,0]",Public,Public
img4661,"[0,0,1,0,1,0,0,0]",0.0,1.0,1.0,0.0,"[0,1,1,1,1,0]",Public,Public
img4662,"[1,1,0,0,0,0,0,0]",2.0,0.0,0.0,0.0,"[0,1,1,1,0,0]",Public,Public
img4663,"[1,0,1,0,0,0,0,0]",2.0,0.0,0.0,0.0,"[0,1,1,1,0,0]",Public,Public
img4664,"[1,1,0,0,0,0,0,0]",2.0,0.0,0.0,0.0,"[0,1,1,1,0,0]",Public,Public
img4665,"[0,0,1,0,0,1,0,0]",0.0,1.0,1.0,0.0,"[0,1,1,0,0,0]",Public,Public
img4666,"[1,0,0,0,1,0,0,0]",2.0,0.0,0.0,0.0,"[0,1,1,1,0,0]",Public,Public
img4667,"[0,1,0,0,0,0,0,1]",0.0,0.0,0.0,0.0,"[0,1,1,0,0,0]",Public,Public
img4668,"[1,1,0,0,0,0,0,0]",1.0,0.0,0.0,0.0,"[0,1,1,1,0,0]",Public,Public
img4669,"[1,0,0,0,0,0,0,0]",2.0,0.0,0.0,0.0,"[0,1,1,1,0,0]",Public,Public
img467,"[0,0,0,0,0,0,0,0]",0.0,0.0,0.0,0.0,"[0,1,1,1,1,0]",Public,Public
img4670,"[1,0,0,0,0,0,0,0]",2.0,0.0,0.0,0.0,"[0,1,1,1,0,0]",Public,Public
img4671,"[1,0,0,0,0,0,0,0]",2.0,0.0,0.0,0.0,"[0,1,1,1,0,0]",Public,Public
img4672,"[1,0,1,0,1,0,0,0]",2.0,0.0,0.0,0.0,"[0,1,1,1,0,0]",Public,Public
img4673,"[1,0,0,0,0,0,0,0]",2.0,0.0,0.0,0.0,"[0,1,1,1,0,0]",Public,Public
img4674,"[1,0,0,0,1,0,0,0]",1.0,0.0,0.0,0.0,"[0,1,1,1,0,0]",Public,Public
img4675,"[1,0,0,0,0,0,0,0]",2.0,0.0,0.0,0.0,"[0,1,1,1,0,0]",Public,Public
img4676,"[1,0,0,0,0,0,0,0]",2.0,0.0,0.0,0.0,"[0,1,1,1,0,0]",Public,Public
img4677,"[1,0,0,0,0,0,0,0]",2.0,0.0,0.0,0.0,"[0,1,1,1,0,0]",Public,Public
img4678,"[1,0,0,0,0,0,0,0]",2.0,0.0,0.0,0.0,"[0,1,1,1,0,0]",Public,Public
img4679,"[1,1,0,1,0,0,0,0]",2.0,0.0,1.0,0.0,"[0,1,1,0,0,0]",Public,Public
img468,"[0,0,0,0,0,0,0,0]",0.0,0.0,0.0,0.0,"[0,1,1,1,0,0]",Public,Public
img4680,"[1,1,0,0,0,0,0,0]",2.0,0.0,0.0,0.0,"[0,1,1,1,0,0]",Public,Public
img4681,"[1,0,0,0,0,0,0,0]",2.0,0.0,0.0,0.0,"[0,1,1,1,0,0]",Public,Public
img4682,"[1,0,1,0,0,0,0,0]",2.0,0.0,0.0,0.0,"[0,1,1,1,0,0]",Public,Public
img4683,"[1,0,0,0,0,0,0,0]",2.0,0.0,0.0,0.0,"[0,1,1,1,0,0]",Public,Public
img4684,"[0,0,0,0,0,0,0,0]",0.0,0.0,0.0,0.0,"[0,1,1,1,1,1]",Public,Public
img4685,"[1,0,0,0,0,0,0,0]",2.0,0.0,0.0,0.0,"[0,1,1,1,0,0]",Public,Public
img4686,"[1,0,0,0,0,0,0,0]",2.0,0.0,0.0,0.0,"[0,1,1,1,0,0]",Public,Public
img4687,"[0,1,0,0,1,0,0,0]",0.0,0.0,1.0,0.0,"[0,1,1,1,0,0]",Public,Public
img4688,"[1,0,0,0,0,0,0,0]",2.0,0.0,0.0,0.0,"[0,1,1,1,0,0]",Public,Public
img4689,"[1,0,0,0,1,0,0,0]",2.0,0.0,0.0,0.0,"[0,1,1,1,0,0]",Public,Public
img469,"[0,0,0,0,0,0,0,0]",0.0,0.0,0.0,0.0,"[0,1,1,1,1,1]",Public,Public
img4690,"[1,1,0,0,0,0,0,0]",2.0,0.0,0.0,0.0,"[0,1,1,1,0,0]",Public,Public
img4691,"[0,0,0,0,0,0,0,1]",0.0,0.0,0.0,0.0,"[0,1,1,1,0,0]",Public,Public
img4692,"[1,0,0,1,0,0,0,0]",2.0,1.0,0.0,,"[0,1,1,0,0,0]",Public,Public
img4693,"[1,0,0,0,1,0,0,0]",1.0,0.0,0.0,0.0,"[0,1,1,1,0,0]",Public,Public
img4694,"[0,0,0,0,1,0,0,0]",0.0,0.0,0.0,0.0,"[0,1,1,1,1,0]",Public,Public
img4695,"[1,1,0,0,0,0,0,0]",2.0,0.0,0.0,0.0,"[0,1,1,1,0,0]",Public,Public
img4696,"[1,0,0,0,0,0,0,0]",2.0,0.0,0.0,0.0,"[0,1,1,1,0,0]",Public,Public
img4697,"[1,0,0,0,0,1,0,0]",1.0,1.0,1.0,0.0,"[0,1,1,0,0,0]",Public,Public
img4698,"[1,1,0,1,0,0,0,0]",2.0,0.0,1.0,0.0,"[0,1,0,0,0,0]",Public,Public
img4699,"[0,0,0,0,0,0,0,0]",0.0,0.0,0.0,0.0,"[0,1,1,1,1,1]",Public,Public
img47,"[1,1,0,1,0,0,0,0]",1.0,0.0,1.0,0.0,"[0,1,0,0,0,0]",Body and appearance,Body exposure and sexual implication
img470,"[0,0,0,0,0,0,0,0]",0.0,0.0,0.0,0.0,"[0,1,1,1,1,1]",Public,Public
img4700,"[0,0,0,0,1,0,0,0]",0.0,0.0,1.0,0.0,"[0,1,1,1,0,0]",Public,Public
img4701,"[1,1,0,1,0,0,0,0]",2.0,0.0,1.0,0.0,"[0,1,1,1,0,0]",Public,Public
img4702,"[0,0,0,0,0,0,0,0]",0.0,0.0,0.0,0.0,"[0,1,1,1,0,0]",Public,Public
img4703,"[0,0,0,0,1,0,0,0]",0.0,0.0,0.0,0.0,"[0,1,1,1,0,0]",Public,Public
img4704,"[1,0,0,0,0,0,0,0]",2.0,0.0,0.0,0.0,"[0,1,1,1,0,0]",Public,Public
img4705,"[1,0,0,0,0,0,0,0]",2.0,0.0,0.0,0.0,"[0,1,1,1,0,0]",Public,Public
img4706,"[1,1,0,0,0,0,0,0]",2.0,0.0,0.0,0.0,"[0,1,1,1,0,0]",Public,Public
img4707,"[0,0,0,0,0,0,0,0]",0.0,0.0,0.0,0.0,"[0,1,1,1,1,1]",Public,Public
img4708,"[1,1,0,0,0,0,0,0]",2.0,0.0,0.0,0.0,"[0,1,1,1,0,0]",Public,Public
img4709,"[1,1,0,0,0,0,0,0]",2.0,0.0,0.0,0.0,"[0,1,1,1,0,0]",Public,Public
img471,"[0,0,1,0,1,0,0,0]",0.0,0.0,0.0,0.0,"[0,1,1,1,0,0]",Public,Public
img4710,"[1,0,0,0,0,0,0,0]",2.0,0.0,0.0,0.0,"[0,1,1,1,0,0]",Public,Public
img4711,"[0,0,0,0,0,0,0,1]",0.0,0.0,0.0,0.0,"[0,1,1,1,0,0]",Public,Public
img4712,"[1,0,0,0,0,0,0,0]",2.0,0.0,0.0,0.0,"[0,1,1,1,0,0]",Public,Public
img4713,"[1,0,0,0,0,0,0,0]",2.0,0.0,0.0,0.0,"[0,1,1,1,0,0]",Public,Public
img4714,"[0,0,0,0,0,0,0,0]",0.0,0.0,0.0,0.0,"[0,1,1,1,1,0]",Public,Public
img4715,"[0,0,0,0,0,0,0,0]",0.0,0.0,0.0,0.0,"[0,1,1,1,1,1]",Public,Public
img4716,"[0,0,0,0,1,0,0,0]",0.0,0.0,0.0,0.0,"[0,1,1,1,0,0]",Public,Public
img4717,"[0,0,0,0,0,0,0,1]",0.0,0.0,0.0,0.0,"[0,1,1,1,1,0]",Public,Public
img4718,"[1,1,0,0,1,0,0,0]",2.0,0.0,1.0,0.0,"[0,1,1,1,0,0]",Personal preferences,Private activities
img4719,"[0,0,0,0,1,0,0,0]",0.0,0.0,1.0,0.0,"[0,1,1,1,0,0]",Personal preferences,Private activities
img472,"[1,0,0,1,1,0,0,0]",2.0,0.0,1.0,0.0,"[0,1,1,0,0,0]",Personal preferences,Hobbies/Leisure/Style
img4720,"[0,0,0,0,1,0,0,0]",0.0,1.0,1.0,0.0,"[0,1,1,1,0,0]",Personal preferences,Private activities
img4721,"[1,0,1,0,1,0,0,0]",1.0,1.0,1.0,0.0,"[0,1,0,0,0,0]",Personal preferences,Private activities
img4722,"[1,0,0,0,1,0,0,0]",1.0,1.0,1.0,0.0,"[0,1,1,1,0,0]",Personal preferences,Private activities
img4723,"[1,1,0,1,1,0,0,0]",1.0,1.0,1.0,1.0,"[0,1,0,0,0,0]",Personal preferences,Private activities
img4724,"[0,0,1,0,0,0,0,0]",0.0,0.0,,0.0,"[0,1,1,0,0,0]",Personal preferences,Private activities
img4725,"[1,0,0,0,1,0,0,0]",1.0,1.0,1.0,1.0,"[0,1,1,0,0,0]",Personal preferences,Private activities
img4726,"[1,1,0,1,1,0,0,0]",2.0,0.0,1.0,0.0,"[0,1,1,0,0,0]",Personal preferences,Private activities
img4727,"[0,0,0,0,1,0,0,0]",0.0,0.0,1.0,0.0,"[0,1,1,1,0,0]",Personal preferences,Private activities
img4728,"[1,0,1,0,0,0,0,0]",1.0,1.0,1.0,0.0,"[0,1,1,0,0,0]",Personal preferences,Private activities
img4729,"[1,0,0,1,0,0,0,0]",1.0,0.0,2.0,0.0,"[0,1,0,0,0,0]",Body and appearance,Injury
img473,"[1,0,0,0,1,0,0,0]",2.0,0.0,0.0,0.0,"[0,1,1,1,0,0]",Personal preferences,Hobbies/Leisure/Style
img4730,"[1,0,0,1,0,0,0,0]",1.0,0.0,2.0,0.0,"[0,1,1,0,0,0]",Body and appearance,Injury
img4731,"[1,0,0,1,0,0,0,0]",1.0,0.0,2.0,0.0,"[0,1,1,0,0,0]",Body and appearance,Injury
img4732,"[1,0,0,1,0,0,0,0]",1.0,0.0,2.0,0.0,"[0,1,1,0,0,0]",Body and appearance,Injury
img4733,"[1,0,0,1,0,0,0,0]",1.0,0.0,2.0,0.0,"[0,1,0,0,0,0]",Body and appearance,Injury
img4734,"[0,0,1,0,0,0,0,1]",0.0,2.0,1.0,0.0,"[0,1,1,0,0,0]",Body and appearance,Injury
img4735,"[0,0,0,1,0,0,0,0]",0.0,0.0,2.0,0.0,"[0,1,1,0,0,0]",Body and appearance,Injury
img4736,"[1,0,0,1,0,0,0,0]",1.0,0.0,2.0,0.0,"[0,1,1,0,0,0]",Body and appearance,Injury
img4737,"[1,0,0,1,0,0,0,0]",1.0,0.0,2.0,0.0,"[0,1,1,0,0,0]",Body and appearance,Injury
img4738,"[0,0,0,1,1,0,0,0]",0.0,0.0,2.0,0.0,"[0,1,0,0,0,0]",Body and appearance,Injury
img4739,"[0,0,0,1,0,0,0,0]",0.0,0.0,2.0,0.0,"[0,0,0,0,0,0]",Body and appearance,Injury
img474,"[1,1,0,0,1,0,0,0]",2.0,0.0,0.0,0.0,"[0,1,1,1,0,0]",Personal preferences,Hobbies/Leisure/Style
img4740,"[1,0,0,1,0,0,0,0]",1.0,0.0,2.0,0.0,"[0,1,0,0,0,0]",Body and appearance,Injury
img4741,"[0,0,0,1,0,0,0,0]",0.0,0.0,1.0,0.0,"[0,1,1,0,0,0]",Body and appearance,Injury
img4742,"[1,0,0,1,0,0,0,0]",1.0,2.0,2.0,0.0,"[0,1,0,0,0,0]",Body and appearance,Injury
img4743,"[0,0,0,1,0,0,0,0]",0.0,0.0,2.0,0.0,"[0,1,0,0,0,0]",Body and appearance,Injury
img4744,"[1,0,0,1,0,0,0,0]",1.0,0.0,2.0,0.0,"[0,0,0,0,0,0]",Body and appearance,Injury
img4745,"[1,0,0,1,0,0,0,0]",1.0,0.0,1.0,0.0,"[0,1,1,0,0,0]",Body and appearance,Injury
img4746,"[0,0,0,1,0,0,0,0]",0.0,0.0,2.0,0.0,"[0,1,0,0,0,0]",Body and appearance,Injury
img4747,"[0,0,0,1,0,0,0,0]",1.0,1.0,2.0,0.0,"[0,1,0,0,0,0]",Body and appearance,Injury
img4748,"[0,0,0,1,0,0,0,1]",0.0,0.0,1.0,0.0,"[0,1,0,0,0,0]",Body and appearance,Injury
img4749,"[0,0,0,1,0,0,0,0]",0.0,0.0,2.0,0.0,"[0,1,0,0,0,0]",Body and appearance,Injury
img475,"[1,0,0,0,1,0,0,0]",1.0,0.0,0.0,0.0,"[0,1,1,1,0,0]",Personal preferences,Hobbies/Leisure/Style
img4750,"[1,0,0,1,0,0,0,0]",1.0,0.0,1.0,0.0,"[0,1,1,0,0,0]",Body and appearance,Injury
img4751,"[0,0,0,1,0,0,0,0]",1.0,0.0,2.0,0.0,"[1,0,0,0,0,0]",Body and appearance,Injury
img4752,"[0,0,0,1,0,0,0,0]",0.0,0.0,2.0,0.0,"[0,0,0,0,0,0]",Body and appearance,Injury
img4753,"[0,0,0,1,0,0,0,0]",0.0,0.0,2.0,0.0,"[0,1,0,0,0,0]",Body and appearance,Injury
img4754,"[0,0,0,1,0,0,0,0]",1.0,1.0,2.0,0.0,"[1,0,0,0,0,0]",Body and appearance,Injury
img4755,"[0,0,0,1,0,0,0,0]",0.0,0.0,2.0,0.0,"[0,0,0,0,0,0]",Body and appearance,Injury
img4756,"[0,0,0,1,0,0,0,0]",0.0,0.0,2.0,0.0,"[0,1,0,0,0,0]",Body and appearance,Injury
img4757,"[1,0,0,1,0,0,0,0]",2.0,0.0,2.0,0.0,"[0,1,0,0,0,0]",Body and appearance,Injury
img4758,"[1,0,0,1,0,0,0,0]",1.0,0.0,2.0,0.0,"[0,1,0,0,0,0]",Body and appearance,Injury
img4759,"[1,0,1,1,0,0,0,0]",1.0,2.0,2.0,0.0,"[0,1,0,0,0,0]",Body and appearance,Injury
img476,"[1,0,0,0,1,0,0,1]",0.0,0.0,0.0,0.0,"[0,1,1,1,0,0]",Personal preferences,Hobbies/Leisure/Style
img4760,"[1,0,0,1,0,0,0,0]",2.0,0.0,2.0,0.0,"[0,1,1,0,0,0]",Body and appearance,Injury
img4761,"[1,0,1,1,0,0,0,0]",1.0,2.0,2.0,0.0,"[0,1,0,0,0,0]",Body and appearance,Injury
img4762,"[1,0,1,1,0,0,0,0]",1.0,2.0,2.0,0.0,"[0,1,0,0,0,0]",Body and appearance,Injury
img4763,"[0,0,0,0,0,0,0,1]",0.0,0.0,1.0,1.0,"[0,1,1,0,0,0]",Personal identity and sensitive information,Workplace/School
img4764,"[1,0,1,0,0,0,0,0]",2.0,0.0,0.0,0.0,"[0,1,1,1,0,0]",Personal identity and sensitive information,Workplace/School
img4765,"[1,0,0,0,0,0,0,0]",2.0,0.0,0.0,1.0,"[0,1,1,0,0,0]",Personal identity and sensitive information,Workplace/School
img4766,"[1,0,1,0,0,0,0,0]",2.0,0.0,0.0,0.0,"[0,1,1,0,0,0]",Personal identity and sensitive information,Workplace/School
img4767,"[1,1,0,0,1,0,0,0]",2.0,0.0,1.0,0.0,"[0,1,1,1,0,0]",Personal preferences,Private activities
img4768,"[1,1,0,0,1,0,0,0]",2.0,0.0,0.0,0.0,"[0,1,1,1,0,0]",Personal preferences,Private activities
img4769,"[0,0,0,0,1,0,0,0]",0.0,0.0,1.0,0.0,"[0,1,1,0,0,0]",Personal preferences,Private activities
img477,"[1,0,0,0,1,0,0,0]",1.0,0.0,0.0,0.0,"[0,1,1,1,0,0]",Personal preferences,Hobbies/Leisure/Style
img4770,"[0,0,0,0,1,0,0,0]",0.0,0.0,1.0,0.0,"[0,1,1,0,0,0]",Personal preferences,Private activities
img4771,"[0,0,0,0,1,0,0,0]",0.0,0.0,1.0,0.0,"[0,1,1,1,0,0]",Personal preferences,Private activities
img4772,"[1,0,0,0,1,0,0,0]",2.0,0.0,1.0,1.0,"[0,1,1,1,0,0]",Personal preferences,Private activities
img4773,"[1,1,0,0,1,0,0,0]",2.0,0.0,1.0,0.0,"[0,1,1,1,0,0]",Personal preferences,Private activities
img4774,"[0,0,0,0,1,0,0,0]",0.0,1.0,1.0,0.0,"[0,1,0,0,0,0]",Personal preferences,Private activities
img4775,"[1,0,0,1,0,0,0,0]",1.0,0.0,2.0,0.0,"[0,1,0,0,0,0]",Body and appearance,Injury
img4776,"[1,0,1,1,0,0,0,0]",1.0,2.0,2.0,0.0,"[0,1,0,0,0,0]",Body and appearance,Injury
img4777,"[1,0,0,1,0,0,0,0]",1.0,2.0,2.0,0.0,"[0,1,0,0,0,0]",Body and appearance,Injury
img4778,"[1,0,0,1,0,0,0,0]",1.0,1.0,1.0,0.0,"[0,1,0,0,0,0]",Body and appearance,Injury
img4779,"[1,0,0,1,0,0,0,0]",1.0,0.0,1.0,0.0,"[0,1,1,0,0,0]",Body and appearance,Injury
img478,"[1,0,0,0,1,0,0,0]",1.0,0.0,0.0,0.0,"[0,1,1,1,0,0]",Personal preferences,Hobbies/Leisure/Style
img4780,"[1,0,0,1,0,0,0,0]",1.0,0.0,,0.0,"[0,1,0,0,0,0]",Body and appearance,Injury
img4781,"[1,0,0,1,0,0,0,0]",1.0,2.0,2.0,0.0,"[0,1,0,0,0,0]",Body and appearance,Injury
img4782,"[0,0,0,1,0,0,0,0]",1.0,2.0,2.0,0.0,"[0,1,0,0,0,0]",Body and appearance,Injury
img4783,"[1,0,0,1,0,0,0,0]",1.0,0.0,1.0,0.0,"[0,1,0,0,0,0]",Body and appearance,Injury
img4784,"[1,0,0,1,0,0,0,0]",0.0,2.0,2.0,0.0,"[0,1,0,0,0,0]",Body and appearance,Injury
img4785,"[1,0,0,1,0,0,0,0]",1.0,2.0,2.0,0.0,"[0,0,0,0,0,0]",Body and appearance,Injury
img4786,"[0,0,1,1,0,0,0,0]",0.0,2.0,2.0,0.0,"[0,1,0,0,0,0]",Body and appearance,Injury
img4787,"[0,0,0,1,0,0,0,0]",1.0,0.0,2.0,0.0,"[0,1,0,0,0,0]",Body and appearance,Injury
img4788,"[1,0,0,1,0,0,0,0]",1.0,0.0,2.0,0.0,"[0,1,0,0,0,0]",Body and appearance,Injury
img4789,"[1,0,0,1,0,0,0,0]",1.0,2.0,2.0,0.0,"[0,1,0,0,0,0]",Body and appearance,Injury
img479,"[1,1,0,0,1,0,0,0]",2.0,0.0,0.0,0.0,"[0,1,1,1,0,0]",Personal preferences,Hobbies/Leisure/Style
img4790,"[0,0,0,0,1,0,0,0]",0.0,0.0,1.0,0.0,"[0,1,1,0,0,0]",Public,Public
img4791,"[1,0,0,0,1,0,0,0]",2.0,0.0,1.0,0.0,"[0,1,0,0,0,0]",Public,Public
img4792,"[1,0,0,0,1,0,0,0]",2.0,0.0,1.0,0.0,"[0,1,1,0,0,0]",Public,Public
img4793,"[1,0,0,0,1,0,0,0]",2.0,0.0,1.0,0.0,"[0,1,1,0,0,0]",Public,Public
img4794,"[1,0,0,1,1,0,0,0]",2.0,1.0,1.0,0.0,"[0,1,0,0,0,0]",Public,Public
img4795,"[1,0,0,0,1,0,0,0]",2.0,0.0,1.0,0.0,"[0,1,0,0,0,0]",Public,Public
img4796,"[1,0,0,0,1,0,0,0]",1.0,0.0,1.0,0.0,"[0,1,0,0,0,0]",Public,Public
img4797,"[1,0,0,0,1,0,0,0]",2.0,0.0,1.0,0.0,"[0,1,0,0,0,0]",Public,Public
img4798,"[1,0,0,0,1,0,0,0]",2.0,1.0,1.0,0.0,"[0,1,0,0,0,0]",Public,Public
img4799,"[1,0,0,0,1,0,0,0]",2.0,0.0,1.0,0.0,"[0,1,1,0,0,0]",Public,Public
img48,"[1,1,0,1,0,0,0,0]",1.0,0.0,2.0,0.0,"[1,0,0,0,0,0]",Body and appearance,Body exposure and sexual implication
img480,"[1,0,0,1,1,0,0,0]",2.0,0.0,1.0,0.0,"[0,1,1,0,0,0]",Personal preferences,Hobbies/Leisure/Style
img4800,"[1,0,0,0,1,0,0,0]",2.0,0.0,1.0,0.0,"[0,1,1,1,0,0]",Public,Public
img4801,"[0,0,0,0,1,0,0,0]",0.0,0.0,1.0,0.0,"[0,1,0,0,0,0]",Public,Public
img4802,"[1,0,1,0,1,0,0,0]",1.0,0.0,1.0,0.0,"[0,1,1,1,0,0]",Public,Public
img4803,"[0,0,0,0,1,0,0,0]",0.0,0.0,1.0,0.0,"[0,1,0,0,0,0]",Public,Public
img4804,"[1,0,0,0,1,0,0,0]",2.0,0.0,1.0,0.0,"[0,1,1,0,0,0]",Public,Public
img4805,"[1,0,0,0,1,0,0,0]",1.0,0.0,1.0,0.0,"[0,1,1,0,0,0]",Public,Public
img4806,"[1,0,1,0,1,0,0,0]",1.0,0.0,1.0,0.0,"[0,1,0,0,0,0]",Public,Public
img4807,"[1,1,0,0,1,0,0,0]",2.0,0.0,1.0,0.0,"[0,1,1,0,0,0]",Public,Public
img4808,"[0,0,0,0,1,0,0,0]",0.0,0.0,1.0,0.0,"[0,1,0,0,0,0]",Public,Public
img4809,"[0,0,0,1,1,0,0,0]",0.0,0.0,1.0,0.0,"[0,0,0,0,0,0]",Public,Public
img481,"[1,0,0,0,1,0,0,0]",2.0,0.0,0.0,0.0,"[0,1,1,1,0,0]",Personal preferences,Hobbies/Leisure/Style
img4810,"[1,0,0,0,1,0,0,0]",2.0,0.0,1.0,0.0,"[0,1,1,0,0,0]",Public,Public
img4811,"[1,0,0,0,1,0,0,0]",2.0,0.0,1.0,0.0,"[0,1,1,0,0,0]",Public,Public
img4812,"[1,0,0,0,1,0,0,0]",1.0,0.0,1.0,,"[0,1,1,0,0,0]",Public,Public
img4813,"[1,0,0,0,1,0,0,0]",2.0,0.0,1.0,0.0,"[0,1,0,0,0,0]",Public,Public
img4814,"[1,0,0,0,1,0,0,0]",2.0,0.0,1.0,0.0,"[0,0,0,0,0,0]",Public,Public
img4815,"[0,0,0,0,1,0,0,0]",0.0,0.0,1.0,0.0,"[0,1,0,0,0,0]",Public,Public
img4816,"[0,0,0,0,1,0,0,0]",0.0,0.0,1.0,0.0,"[0,1,0,0,0,0]",Public,Public
img4817,"[0,0,0,0,1,0,0,0]",0.0,0.0,1.0,0.0,"[0,1,1,0,0,0]",Public,Public
img4818,"[1,0,0,0,1,0,0,0]",2.0,0.0,1.0,0.0,"[0,1,0,0,0,0]",Public,Public
img4819,"[1,0,0,0,1,0,0,0]",2.0,0.0,1.0,0.0,"[0,1,1,1,0,0]",Public,Public
img482,"[1,0,0,0,1,0,0,0]",1.0,0.0,0.0,0.0,"[0,1,1,1,0,0]",Personal preferences,Hobbies/Leisure/Style
img4820,"[1,0,0,0,1,0,0,0]",2.0,0.0,1.0,0.0,"[0,1,1,0,0,0]",Public,Public
img4821,"[1,0,0,0,1,0,0,0]",2.0,0.0,1.0,0.0,"[0,1,0,0,0,0]",Public,Public
img4822,"[1,0,0,0,1,0,0,0]",1.0,0.0,1.0,0.0,"[0,1,1,0,0,0]",Public,Public
img4823,"[1,0,0,0,1,0,0,0]",2.0,0.0,1.0,0.0,"[0,1,1,0,0,0]",Public,Public
img4824,"[1,0,0,0,1,0,0,0]",2.0,0.0,1.0,0.0,"[0,1,0,0,0,0]",Public,Public
img4825,"[1,0,1,0,0,1,0,1]",0.0,1.0,0.0,0.0,"[0,1,1,1,0,0]",Socio-cultural sensitive information,Religion/Culture
img4826,"[1,0,0,1,1,1,0,0]",1.0,0.0,1.0,0.0,"[0,0,0,0,0,0]",Socio-cultural sensitive information,Religion/Culture
img4827,"[0,0,0,0,0,1,0,0]",0.0,1.0,1.0,0.0,"[0,1,1,0,0,0]",Socio-cultural sensitive information,Religion/Culture
img4828,"[0,0,0,0,0,1,0,0]",0.0,1.0,1.0,0.0,"[0,1,0,0,0,0]",Socio-cultural sensitive information,Religion/Culture
img4829,"[1,0,0,1,0,1,0,0]",2.0,1.0,1.0,0.0,"[0,1,1,0,0,0]",Socio-cultural sensitive information,Religion/Culture
img483,"[1,0,0,0,1,0,0,0]",1.0,0.0,0.0,0.0,"[0,1,1,1,0,0]",Personal preferences,Hobbies/Leisure/Style
img4830,"[1,0,0,0,0,1,0,0]",2.0,1.0,1.0,0.0,"[0,1,0,0,0,0]",Socio-cultural sensitive information,Religion/Culture
img4831,"[1,0,0,0,1,1,0,0]",2.0,1.0,1.0,,"[0,1,1,0,0,0]",Socio-cultural sensitive information,Religion/Culture
img4832,"[0,0,0,0,0,1,0,0]",0.0,1.0,1.0,0.0,"[0,1,1,0,0,0]",Socio-cultural sensitive information,Religion/Culture
img4833,"[1,0,0,0,0,1,0,0]",2.0,1.0,1.0,0.0,"[0,1,1,0,0,0]",Socio-cultural sensitive information,Religion/Culture
img4834,"[0,0,0,0,0,1,0,0]",0.0,1.0,0.0,0.0,"[0,1,1,0,0,0]",Socio-cultural sensitive information,Religion/Culture
img4835,"[1,0,0,0,0,1,0,0]",,1.0,1.0,0.0,"[0,1,1,1,0,0]",Socio-cultural sensitive information,Religion/Culture
img4836,"[0,0,0,0,0,1,0,0]",0.0,1.0,1.0,0.0,"[0,1,1,0,0,0]",Socio-cultural sensitive information,Religion/Culture
img4837,"[1,0,0,0,0,1,0,0]",2.0,1.0,1.0,0.0,"[0,1,1,0,0,0]",Socio-cultural sensitive information,Religion/Culture
img4838,"[0,0,0,0,0,1,0,0]",0.0,1.0,0.0,0.0,"[0,1,1,0,0,0]",Socio-cultural sensitive information,Religion/Culture
img4839,"[1,1,0,1,1,0,0,0]",2.0,0.0,1.0,0.0,"[0,1,1,1,0,0]",Socio-cultural sensitive information,Religion/Culture
img484,"[1,0,0,0,1,0,0,0]",1.0,0.0,0.0,0.0,"[0,1,1,1,0,0]",Personal preferences,Hobbies/Leisure/Style
img4840,"[1,0,0,1,0,1,0,0]",2.0,1.0,1.0,0.0,"[0,1,0,0,0,0]",Socio-cultural sensitive information,Religion/Culture
img4841,"[0,0,0,0,0,1,0,0]",0.0,0.0,1.0,0.0,"[0,1,0,0,0,0]",Socio-cultural sensitive information,Religion/Culture
img4842,"[1,0,0,0,0,1,0,0]",2.0,1.0,1.0,0.0,"[0,1,1,1,0,0]",Socio-cultural sensitive information,Religion/Culture
img4843,"[1,0,0,0,0,1,0,0]",2.0,1.0,1.0,0.0,"[0,1,1,0,0,0]",Socio-cultural sensitive information,Religion/Culture
img4844,"[1,0,0,1,0,1,0,0]",1.0,1.0,1.0,0.0,"[0,1,0,0,0,0]",Socio-cultural sensitive information,Religion/Culture
img4845,"[0,0,0,0,0,1,0,0]",0.0,1.0,1.0,0.0,"[0,1,1,0,0,0]",Socio-cultural sensitive information,Religion/Culture
img4846,"[1,0,0,0,0,1,0,0]",2.0,1.0,1.0,0.0,"[0,1,0,0,0,0]",Socio-cultural sensitive information,Religion/Culture
img4847,"[1,0,0,0,0,0,0,0]",2.0,0.0,0.0,0.0,"[0,1,1,1,0,0]",Socio-cultural sensitive information,Religion/Culture
img4848,"[0,0,0,0,0,1,0,0]",0.0,1.0,1.0,0.0,"[0,1,0,0,0,0]",Socio-cultural sensitive information,Religion/Culture
img4849,"[1,0,0,0,0,1,0,0]",1.0,1.0,1.0,0.0,"[0,1,1,0,0,0]",Socio-cultural sensitive information,Religion/Culture
img485,"[1,0,0,0,1,0,0,0]",1.0,0.0,0.0,0.0,"[0,1,1,0,0,0]",Personal preferences,Hobbies/Leisure/Style
img4850,"[0,0,0,0,0,1,0,0]",0.0,1.0,1.0,0.0,"[0,1,1,0,0,0]",Socio-cultural sensitive information,Religion/Culture
img4851,"[0,0,1,0,0,1,0,0]",0.0,1.0,1.0,0.0,"[0,1,1,1,0,0]",Socio-cultural sensitive information,Religion/Culture
img4852,"[0,0,0,0,0,1,0,0]",0.0,1.0,1.0,0.0,"[0,1,1,0,0,0]",Socio-cultural sensitive information,Religion/Culture
img4853,"[0,0,0,0,0,1,0,0]",0.0,1.0,1.0,0.0,"[0,1,0,0,0,0]",Socio-cultural sensitive information,Religion/Culture
img4854,"[0,0,0,0,0,1,0,0]",0.0,1.0,1.0,0.0,"[0,1,1,0,0,0]",Socio-cultural sensitive information,Religion/Culture
img4855,"[1,0,0,1,1,1,0,0]",1.0,0.0,1.0,0.0,"[0,1,0,0,0,0]",Socio-cultural sensitive information,Religion/Culture
img4856,"[0,0,0,0,0,1,0,0]",0.0,1.0,1.0,0.0,"[0,1,1,0,0,0]",Socio-cultural sensitive information,Religion/Culture
img4857,"[0,0,0,0,0,1,0,0]",0.0,1.0,1.0,0.0,"[0,1,1,1,0,0]",Socio-cultural sensitive information,Religion/Culture
img4858,"[0,0,0,0,1,1,0,0]",0.0,1.0,0.0,0.0,"[0,1,1,0,0,0]",Socio-cultural sensitive information,Religion/Culture
img4859,"[0,0,0,0,0,1,0,0]",0.0,1.0,1.0,0.0,"[0,1,1,0,0,0]",Socio-cultural sensitive information,Religion/Culture
img486,"[1,0,0,0,1,0,0,0]",1.0,0.0,0.0,0.0,"[0,1,1,1,0,0]",Personal preferences,Hobbies/Leisure/Style
img4860,"[0,0,0,0,0,1,0,0]",0.0,1.0,1.0,0.0,"[0,1,0,0,0,0]",Socio-cultural sensitive information,Religion/Culture
img4861,"[1,0,0,0,0,0,0,0]",1.0,0.0,0.0,0.0,"[0,1,1,0,0,0]",Public,Public
img4862,"[1,1,1,0,0,0,0,0]",2.0,0.0,0.0,0.0,"[0,1,1,0,0,0]",Public,Public
img4863,"[0,0,0,0,0,0,0,1]",0.0,2.0,0.0,0.0,"[0,1,0,0,0,0]",Public,Public
img4864,"[1,0,0,0,0,1,0,0]",1.0,1.0,1.0,0.0,"[0,1,1,0,0,0]",Public,Public
img4865,"[0,0,0,0,0,0,0,0]",0.0,0.0,0.0,0.0,"[0,1,1,1,0,0]",Public,Public
img4866,"[0,0,0,0,1,0,0,0]",0.0,0.0,0.0,0.0,"[0,1,1,1,0,0]",Public,Public
img4867,"[0,0,0,0,0,0,0,0]",0.0,0.0,0.0,0.0,"[0,1,1,1,1,1]",Public,Public
img4868,"[1,0,0,0,1,0,0,0]",2.0,0.0,0.0,0.0,"[0,1,1,0,0,0]",Public,Public
img4869,"[1,0,0,1,0,0,0,0]",2.0,2.0,1.0,0.0,"[0,1,0,0,0,0]",Public,Public
img487,"[1,0,0,0,1,0,0,0]",1.0,0.0,0.0,0.0,"[0,1,1,1,0,0]",Personal preferences,Hobbies/Leisure/Style
img4870,"[0,0,0,0,1,0,0,0]",0.0,0.0,0.0,0.0,"[0,1,1,0,0,0]",Public,Public
img4871,"[0,0,0,0,1,0,0,1]",0.0,0.0,0.0,,"[0,1,1,1,0,0]",Public,Public
img4872,"[0,0,1,0,1,0,0,0]",0.0,1.0,0.0,0.0,"[0,1,1,0,0,0]",Public,Public
img4873,"[1,1,0,0,1,0,0,0]",2.0,0.0,1.0,0.0,"[0,1,1,1,0,0]",Public,Public
img4874,"[1,0,0,0,0,0,0,1]",0.0,0.0,0.0,0.0,"[0,1,1,1,0,0]",Public,Public
img4875,"[1,0,0,0,1,0,0,0]",1.0,0.0,0.0,0.0,"[0,1,1,1,0,0]",Public,Public
img4876,"[1,0,1,0,1,0,0,0]",2.0,0.0,0.0,0.0,"[0,1,1,1,0,0]",Public,Public
img4877,"[1,0,0,0,1,0,0,0]",1.0,0.0,0.0,0.0,"[0,1,1,1,0,0]",Public,Public
img4878,"[1,0,0,0,0,0,0,0]",2.0,0.0,0.0,0.0,"[0,1,1,1,0,0]",Public,Public
img4879,"[1,0,0,0,0,0,0,0]",1.0,0.0,0.0,0.0,"[0,1,1,1,0,0]",Public,Public
img488,"[1,0,0,0,1,0,0,0]",2.0,0.0,0.0,0.0,"[0,1,1,1,0,0]",Personal preferences,Hobbies/Leisure/Style
img4880,"[1,0,0,0,1,0,0,0]",0.0,0.0,0.0,0.0,"[0,1,0,0,0,0]",Public,Public
img4881,"[0,0,0,0,0,0,0,0]",0.0,0.0,0.0,0.0,"[0,1,1,1,0,0]",Public,Public
img4882,"[1,0,0,0,1,0,0,0]",0.0,0.0,0.0,0.0,"[0,1,1,1,0,0]",Public,Public
img4883,"[0,0,0,0,0,0,0,0]",0.0,0.0,0.0,0.0,"[0,1,1,1,1,0]",Public,Public
img4884,"[0,0,0,0,1,0,0,0]",0.0,0.0,0.0,0.0,"[0,1,1,1,0,0]",Public,Public
img4885,"[1,0,0,0,0,0,0,0]",2.0,0.0,0.0,0.0,"[0,1,1,1,0,0]",Public,Public
img4886,"[0,0,0,0,0,1,0,0]",0.0,1.0,1.0,0.0,"[0,1,1,0,0,0]",Public,Public
img4887,"[0,0,0,0,1,0,0,0]",0.0,0.0,1.0,0.0,"[0,1,1,1,0,0]",Public,Public
img4888,"[0,0,0,0,1,0,0,0]",0.0,0.0,0.0,0.0,"[0,1,1,1,1,0]",Public,Public
img4889,"[1,0,0,0,1,0,0,0]",1.0,0.0,0.0,0.0,"[0,1,1,1,0,0]",Public,Public
img489,"[0,0,0,0,0,0,0,0]",0.0,0.0,0.0,0.0,"[0,1,1,1,1,0]",Public,Public
img4890,"[0,0,0,0,1,0,0,0]",0.0,0.0,0.0,0.0,"[0,1,1,1,1,0]",Public,Public
img4891,"[0,0,0,0,1,0,0,1]",0.0,0.0,0.0,0.0,"[0,1,1,0,0,0]",Public,Public
img4892,"[1,1,0,0,1,0,0,0]",1.0,0.0,0.0,0.0,"[0,1,1,1,0,0]",Public,Public
img4893,"[0,0,0,0,1,0,0,0]",0.0,0.0,1.0,0.0,"[0,1,1,1,0,0]",Public,Public
img4894,"[0,0,0,0,0,0,0,0]",0.0,0.0,0.0,0.0,"[0,1,1,1,1,0]",Public,Public
img4895,"[0,0,0,0,1,0,0,0]",0.0,0.0,0.0,0.0,"[0,1,1,1,0,0]",Public,Public
img4896,"[0,0,1,0,0,0,0,0]",0.0,0.0,0.0,0.0,"[0,1,1,1,1,0]",Public,Public
img4897,"[1,1,0,0,0,0,0,0]",2.0,0.0,0.0,0.0,"[0,1,1,1,0,0]",Public,Public
img4898,"[0,0,0,0,1,0,0,0]",0.0,0.0,0.0,0.0,"[0,1,1,1,0,0]",Public,Public
img4899,"[0,0,0,0,0,0,0,0]",0.0,0.0,0.0,0.0,"[0,1,1,1,0,0]",Public,Public
img49,"[1,0,0,0,0,0,1,0]",2.0,0.0,2.0,0.0,"[0,0,0,0,0,0]",Public,Public
img490,"[0,0,0,0,0,0,0,0]",0.0,0.0,0.0,0.0,"[0,1,1,1,1,1]",Public,Public
img4900,"[0,0,0,0,0,0,0,0]",0.0,0.0,0.0,0.0,"[0,1,1,1,1,1]",Public,Public
img4901,"[1,0,0,0,0,0,0,0]",2.0,0.0,0.0,0.0,"[0,1,1,1,0,0]",Public,Public
img4902,"[0,0,0,0,0,0,0,0]",0.0,0.0,0.0,0.0,"[0,1,1,1,1,0]",Public,Public
img4903,"[0,1,0,0,0,0,0,1]",0.0,0.0,0.0,0.0,"[0,1,1,1,0,0]",Public,Public
img4904,"[1,0,1,0,0,1,0,0]",1.0,1.0,0.0,0.0,"[0,1,1,1,0,0]",Public,Public
img4905,"[0,0,0,0,1,0,0,0]",0.0,0.0,0.0,0.0,"[0,1,1,1,1,1]",Public,Public
img4906,"[1,0,1,0,0,0,0,0]",2.0,0.0,0.0,0.0,"[0,1,1,1,0,0]",Public,Public
img4907,"[0,0,1,0,0,0,0,0]",0.0,0.0,0.0,0.0,"[0,1,1,1,0,0]",Public,Public
img4908,"[1,1,0,0,1,0,0,0]",2.0,0.0,1.0,0.0,"[0,1,1,0,0,0]",Public,Public
img4909,"[0,0,1,0,0,0,0,0]",0.0,0.0,0.0,0.0,"[0,1,1,0,0,0]",Public,Public
img491,"[0,0,0,0,0,0,0,0]",0.0,0.0,0.0,0.0,"[0,1,1,1,1,0]",Public,Public
img4910,"[1,1,1,0,0,1,0,0]",2.0,1.0,1.0,0.0,"[0,1,1,0,0,0]",Public,Public
img4911,"[0,0,0,0,1,0,0,0]",0.0,0.0,0.0,0.0,"[0,1,1,1,1,0]",Public,Public
img4912,"[0,0,0,0,0,0,0,0]",0.0,0.0,0.0,0.0,"[0,1,1,1,1,1]",Public,Public
img4913,"[1,1,0,0,0,0,0,0]",2.0,0.0,0.0,1.0,"[0,1,1,1,0,0]",Public,Public
img4914,"[1,0,0,0,1,0,0,0]",2.0,0.0,0.0,0.0,"[0,1,1,1,0,0]",Public,Public
img4915,"[1,0,0,0,0,0,0,0]",2.0,0.0,0.0,0.0,"[0,1,1,0,0,0]",Public,Public
img4916,"[0,0,0,0,0,0,0,0]",0.0,0.0,0.0,0.0,"[0,1,1,1,1,0]",Public,Public
img4917,"[1,0,0,0,1,0,0,0]",2.0,0.0,0.0,0.0,"[0,1,1,1,0,0]",Public,Public
img4918,"[0,0,0,0,0,0,0,0]",0.0,0.0,0.0,0.0,"[0,1,1,1,1,0]",Public,Public
img4919,"[0,0,0,0,0,0,0,0]",0.0,0.0,0.0,0.0,"[0,1,1,1,1,1]",Public,Public
img492,"[1,0,0,0,1,0,0,0]",2.0,0.0,0.0,0.0,"[0,1,1,1,0,0]",Public,Public
img4920,"[0,0,1,0,0,0,0,0]",0.0,0.0,0.0,0.0,"[0,1,1,1,1,0]",Public,Public
img4921,"[1,0,0,1,1,0,0,0]",2.0,0.0,1.0,0.0,"[0,1,1,0,0,0]",Public,Public
img4922,"[0,0,0,0,0,0,0,0]",0.0,0.0,0.0,0.0,"[0,1,1,1,1,0]",Public,Public
img4923,"[0,0,0,0,0,0,0,0]",0.0,0.0,0.0,0.0,"[0,1,1,1,1,0]",Public,Public
img4924,"[1,1,0,0,0,0,0,0]",2.0,0.0,0.0,0.0,"[0,1,1,1,0,0]",Public,Public
img4925,"[0,0,0,0,0,0,0,0]",0.0,0.0,0.0,0.0,"[0,1,1,1,1,1]",Public,Public
img4926,"[0,0,0,0,1,0,0,0]",0.0,0.0,0.0,0.0,"[0,1,1,1,0,0]",Public,Public
img4927,"[0,0,0,0,1,0,0,0]",0.0,0.0,0.0,0.0,"[0,1,1,0,0,0]",Public,Public
img4928,"[0,0,0,0,0,0,0,0]",0.0,0.0,0.0,0.0,"[0,1,1,1,1,1]",Public,Public
img4929,"[0,0,0,0,0,0,0,0]",0.0,0.0,0.0,0.0,"[0,1,1,1,1,1]",Public,Public
img493,"[1,0,0,0,0,0,0,1]",1.0,0.0,0.0,0.0,"[0,1,1,1,0,0]",Public,Public
img4930,"[1,0,0,0,0,0,0,1]",1.0,0.0,0.0,0.0,"[0,1,1,0,0,0]",Public,Public
img4931,"[0,0,1,0,1,0,0,0]",0.0,0.0,0.0,0.0,"[0,1,1,1,0,0]",Public,Public
img4932,"[0,0,0,0,0,0,0,0]",0.0,0.0,0.0,0.0,"[0,1,1,1,0,0]",Public,Public
img4933,"[0,0,0,0,1,0,0,0]",0.0,0.0,0.0,0.0,"[0,1,1,1,0,0]",Public,Public
img4934,"[0,0,0,0,1,0,0,1]",0.0,0.0,1.0,0.0,"[0,1,1,1,0,0]",Public,Public
img4935,"[1,1,0,0,0,0,0,0]",2.0,0.0,0.0,0.0,"[0,1,1,1,0,0]",Public,Public
img4936,"[0,0,0,0,0,0,0,0]",0.0,0.0,0.0,0.0,"[0,1,1,1,0,0]",Public,Public
img4937,"[1,0,0,0,0,0,0,0]",1.0,2.0,0.0,0.0,"[0,1,0,0,0,0]",Public,Public
img4938,"[0,0,0,0,0,0,0,1]",0.0,0.0,0.0,0.0,"[0,1,1,1,1,0]",Public,Public
img4939,"[0,0,0,0,1,0,0,0]",0.0,0.0,0.0,0.0,"[0,1,1,1,1,0]",Public,Public
img494,"[0,0,0,0,1,0,0,0]",0.0,0.0,0.0,0.0,"[0,1,1,1,1,0]",Public,Public
img4940,"[0,0,0,0,0,0,0,0]",0.0,0.0,0.0,0.0,"[0,1,1,1,0,0]",Public,Public
img4941,"[0,0,0,0,0,0,0,0]",0.0,0.0,0.0,0.0,"[0,1,1,1,1,0]",Public,Public
img4942,"[0,0,0,1,0,0,0,0]",0.0,1.0,1.0,0.0,"[0,0,0,0,0,0]",Public,Public
img4943,"[0,0,0,0,1,0,0,0]",0.0,0.0,1.0,0.0,"[0,1,1,1,0,0]",Public,Public
img4944,"[0,0,1,0,0,0,0,0]",0.0,0.0,0.0,0.0,"[0,1,1,1,1,0]",Public,Public
img4945,"[0,0,0,0,0,0,0,0]",0.0,0.0,0.0,0.0,"[0,1,1,1,1,0]",Public,Public
img4946,"[1,1,0,0,0,0,0,0]",2.0,0.0,0.0,0.0,"[0,1,1,1,0,0]",Public,Public
img4947,"[0,0,0,0,0,0,0,1]",0.0,0.0,0.0,0.0,"[0,1,1,1,0,0]",Public,Public
img4948,"[0,0,0,0,0,0,0,1]",0.0,0.0,0.0,0.0,"[0,1,1,1,0,0]",Public,Public
img4949,"[0,0,0,0,0,0,0,0]",0.0,0.0,0.0,0.0,"[0,1,1,1,1,1]",Public,Public
img495,"[1,1,0,0,0,0,0,1]",0.0,0.0,0.0,0.0,"[0,1,1,1,0,0]",Public,Public
img4950,"[1,0,1,1,1,0,0,0]",1.0,0.0,1.0,0.0,"[0,1,0,0,0,0]",Public,Public
img4951,"[0,0,0,0,1,0,0,0]",0.0,,0.0,,"[0,1,1,1,0,0]",Public,Public
img4952,"[0,0,0,0,1,0,0,0]",0.0,0.0,0.0,0.0,"[0,1,1,1,1,0]",Public,Public
img4953,"[0,0,0,0,0,0,0,0]",0.0,0.0,0.0,0.0,"[0,1,1,1,1,0]",Public,Public
img4954,"[1,0,0,0,0,0,0,0]",2.0,0.0,0.0,0.0,"[0,1,1,1,0,0]",Public,Public
img4955,"[0,0,0,0,1,0,0,0]",0.0,0.0,0.0,0.0,"[0,1,1,1,1,0]",Public,Public
img4956,"[0,0,0,0,0,0,0,0]",0.0,0.0,0.0,0.0,"[0,1,1,1,1,0]",Public,Public
img4957,"[0,0,1,0,0,0,0,1]",0.0,0.0,0.0,0.0,"[0,1,1,1,0,0]",Public,Public
img4958,"[0,0,0,0,0,0,0,1]",0.0,0.0,0.0,0.0,"[0,1,1,0,0,0]",Public,Public
img4959,"[0,0,1,0,1,0,0,0]",0.0,0.0,0.0,0.0,"[0,1,1,1,0,0]",Public,Public
img496,"[0,0,0,0,0,0,0,0]",0.0,0.0,0.0,0.0,"[0,1,1,1,1,0]",Public,Public
img4960,"[1,0,0,0,1,0,0,0]",1.0,1.0,0.0,1.0,"[0,1,1,0,0,0]",Public,Public
img4961,"[1,0,1,0,0,0,0,0]",2.0,0.0,0.0,0.0,"[0,1,1,0,0,0]",Public,Public
img4962,"[1,0,0,0,1,0,0,0]",2.0,0.0,0.0,0.0,"[0,1,1,1,0,0]",Public,Public
img4963,"[0,0,0,0,0,0,0,0]",0.0,0.0,0.0,0.0,"[0,1,1,1,1,1]",Public,Public
img4964,"[0,0,0,0,0,0,0,1]",0.0,0.0,0.0,0.0,"[0,1,1,1,0,0]",Public,Public
img4965,"[0,0,0,0,0,0,0,0]",0.0,0.0,0.0,0.0,"[0,1,1,1,0,0]",Public,Public
img4966,"[0,0,0,0,0,0,0,1]",0.0,0.0,0.0,0.0,"[0,1,1,0,0,0]",Public,Public
img4967,"[0,0,0,0,1,0,0,0]",0.0,0.0,0.0,0.0,"[0,1,1,1,1,0]",Public,Public
img4968,"[1,1,0,1,1,0,0,0]",2.0,0.0,2.0,0.0,"[0,1,1,0,0,0]",Public,Public
img4969,"[1,0,0,1,0,0,0,0]",2.0,0.0,1.0,0.0,"[0,1,1,0,0,0]",Public,Public
img497,"[1,0,0,0,0,0,0,0]",2.0,0.0,0.0,0.0,"[0,1,1,1,0,0]",Public,Public
img4970,"[1,0,0,0,1,0,0,0]",1.0,0.0,0.0,0.0,"[0,1,1,1,0,0]",Public,Public
img4971,"[0,0,0,0,0,0,0,0]",0.0,0.0,0.0,0.0,"[0,1,1,1,1,0]",Public,Public
img4972,"[0,0,0,0,1,0,0,0]",0.0,0.0,0.0,0.0,"[0,1,1,1,1,0]",Public,Public
img4973,"[0,0,0,0,0,0,0,0]",0.0,0.0,0.0,0.0,"[0,1,1,1,1,0]",Public,Public
img4974,"[0,0,0,0,1,0,0,0]",0.0,0.0,0.0,0.0,"[0,1,1,1,1,0]",Public,Public
img4975,"[0,0,0,0,1,0,0,0]",0.0,0.0,0.0,0.0,"[0,1,1,1,0,0]",Public,Public
img4976,"[0,0,0,0,1,0,0,1]",0.0,0.0,0.0,0.0,"[0,1,1,1,0,0]",Public,Public
img4977,"[0,0,0,0,0,0,0,1]",0.0,1.0,1.0,0.0,"[0,1,0,0,0,0]",Public,Public
img4978,"[0,0,0,0,1,0,0,0]",0.0,0.0,0.0,0.0,"[0,1,1,1,1,0]",Public,Public
img4979,"[1,0,0,0,1,0,0,0]",2.0,0.0,0.0,0.0,"[0,1,1,1,0,0]",Public,Public
img498,"[0,0,0,0,0,0,0,0]",0.0,0.0,0.0,0.0,"[0,1,1,1,1,1]",Public,Public
img4980,"[0,0,0,0,0,0,0,0]",0.0,0.0,0.0,0.0,"[0,1,1,1,1,0]",Public,Public
img4981,"[0,0,0,0,0,0,0,0]",0.0,0.0,0.0,0.0,"[0,1,1,1,1,1]",Public,Public
img4982,"[1,0,0,0,1,0,0,0]",2.0,0.0,0.0,0.0,"[0,1,1,1,0,0]",Public,Public
img4983,"[0,0,0,0,0,0,0,1]",0.0,0.0,0.0,0.0,"[0,1,1,1,0,0]",Public,Public
img4984,"[1,0,0,1,1,0,0,0]",2.0,0.0,1.0,0.0,"[0,1,1,1,0,0]",Public,Public
img4985,"[1,0,0,0,1,0,0,0]",2.0,0.0,0.0,0.0,"[0,1,1,1,0,0]",Public,Public
img4986,"[1,0,0,0,1,0,0,0]",2.0,0.0,0.0,0.0,"[0,1,1,1,0,0]",Public,Public
img4987,"[0,0,0,0,0,0,0,1]",0.0,0.0,0.0,0.0,"[0,1,1,1,0,0]",Public,Public
img4988,"[0,0,0,0,0,0,0,0]",0.0,0.0,0.0,0.0,"[0,1,1,1,1,1]",Public,Public
img4989,"[0,0,0,0,0,0,0,1]",0.0,0.0,0.0,0.0,"[0,1,1,1,0,0]",Public,Public
img499,"[0,0,0,0,0,0,0,1]",0.0,0.0,0.0,0.0,"[0,1,1,1,1,0]",Public,Public
img4990,"[0,0,0,0,0,0,0,0]",0.0,0.0,0.0,0.0,"[0,1,1,1,1,1]",Public,Public
img4991,"[1,0,0,0,1,0,0,0]",2.0,0.0,0.0,0.0,"[0,1,1,1,0,0]",Public,Public
img4992,"[0,0,0,0,0,0,0,0]",0.0,0.0,0.0,0.0,"[0,1,1,1,1,1]",Public,Public
img4993,"[1,1,0,0,0,0,0,0]",2.0,0.0,0.0,0.0,"[0,1,1,1,0,0]",Public,Public
img4994,"[0,0,0,0,1,0,0,0]",0.0,0.0,0.0,0.0,"[0,1,1,1,1,0]",Public,Public
img4995,"[1,1,0,0,0,0,0,0]",2.0,0.0,0.0,0.0,"[0,1,1,0,0,0]",Public,Public
img4996,"[0,0,1,0,0,0,0,0]",0.0,0.0,0.0,0.0,"[0,1,1,1,1,0]",Public,Public
img4997,"[1,0,0,0,1,0,0,0]",2.0,0.0,0.0,0.0,"[0,1,1,1,0,0]",Public,Public
img4998,"[1,0,0,0,1,0,0,0]",2.0,0.0,0.0,0.0,"[0,1,1,1,0,0]",Public,Public
img4999,"[0,0,0,0,0,0,0,0]",0.0,0.0,0.0,0.0,"[0,1,1,1,1,1]",Public,Public
img5,"[1,0,0,0,1,0,0,0]",2.0,1.0,1.0,0.0,"[0,1,1,0,0,0]",Location information,Public facilities
img50,"[1,0,0,0,0,1,0,0]",2.0,1.0,1.0,0.0,"[0,1,0,0,0,0]",Public,Public
img500,"[0,0,0,0,0,0,0,1]",0.0,0.0,0.0,0.0,"[0,1,1,1,0,0]",Public,Public
img5000,"[0,0,0,0,1,0,0,0]",0.0,0.0,1.0,0.0,"[0,1,1,1,0,0]",Public,Public
img501,"[0,0,0,0,0,1,0,0]",0.0,0.0,0.0,0.0,"[0,1,1,1,1,0]",Public,Public
img502,"[1,0,0,1,0,0,0,0]",2.0,0.0,1.0,0.0,"[0,1,1,0,0,0]",Public,Public
img503,"[0,0,0,0,0,0,0,0]",0.0,0.0,0.0,0.0,"[0,1,1,1,1,1]",Public,Public
img504,"[1,0,0,0,0,0,0,0]",2.0,0.0,0.0,0.0,"[0,1,1,0,0,0]",Public,Public
img505,"[0,0,0,0,0,0,0,1]",0.0,0.0,0.0,0.0,"[0,1,1,1,0,0]",Public,Public
img506,"[0,0,0,0,0,0,0,0]",0.0,0.0,0.0,0.0,"[0,1,1,1,1,0]",Public,Public
img507,"[1,0,0,0,1,0,0,0]",2.0,0.0,0.0,0.0,"[0,1,1,1,0,0]",Public,Public
img508,"[1,1,0,0,0,0,0,0]",2.0,0.0,0.0,0.0,"[0,1,1,1,0,0]",Public,Public
img509,"[0,0,0,0,1,0,0,0]",0.0,0.0,0.0,0.0,"[0,1,1,1,1,0]",Public,Public
img51,"[1,0,0,0,0,1,0,0]",2.0,1.0,1.0,0.0,"[0,1,0,0,0,0]",Public,Public
img510,"[0,0,0,0,0,0,0,0]",0.0,0.0,0.0,0.0,"[0,1,1,1,1,1]",Public,Public
img511,"[0,0,0,0,0,0,0,0]",0.0,0.0,0.0,0.0,"[0,1,1,1,1,0]",Public,Public
img512,"[1,1,1,1,0,0,0,0]",2.0,0.0,1.0,0.0,"[0,1,1,1,0,0]",Public,Public
img513,"[1,0,0,0,1,0,0,0]",2.0,0.0,0.0,0.0,"[0,1,1,1,0,0]",Public,Public
img514,"[1,0,0,0,0,0,0,0]",1.0,0.0,0.0,0.0,"[0,1,1,0,0,0]",Public,Public
img515,"[0,0,0,0,0,0,0,0]",0.0,0.0,0.0,0.0,"[0,1,1,1,1,0]",Public,Public
img516,"[1,0,0,0,0,0,0,0]",2.0,0.0,0.0,0.0,"[0,1,1,1,0,0]",Public,Public
img517,"[1,0,0,0,1,0,0,0]",2.0,0.0,0.0,0.0,"[0,1,1,0,0,0]",Public,Public
img518,"[1,0,0,1,0,0,0,0]",2.0,0.0,1.0,0.0,"[0,1,1,0,0,0]",Public,Public
img519,"[0,0,0,0,0,0,0,0]",0.0,0.0,0.0,0.0,"[0,1,1,1,1,0]",Public,Public
img52,"[1,0,0,0,0,1,0,0]",2.0,1.0,1.0,0.0,"[0,1,0,0,0,0]",Public,Public
img520,"[0,0,1,0,0,0,0,0]",0.0,0.0,0.0,0.0,"[0,1,1,1,0,0]",Public,Public
img521,"[0,0,0,0,1,0,0,0]",0.0,0.0,0.0,0.0,"[0,1,1,1,1,1]",Public,Public
img522,"[1,0,0,0,0,0,0,0]",2.0,0.0,0.0,0.0,"[0,1,1,1,0,0]",Public,Public
img523,"[1,0,0,0,0,0,0,0]",2.0,0.0,0.0,0.0,"[0,1,1,1,0,0]",Public,Public
img524,"[0,0,0,0,0,0,0,0]",0.0,0.0,0.0,0.0,"[0,1,1,1,1,1]",Public,Public
img525,"[0,0,0,0,0,0,0,0]",0.0,0.0,0.0,0.0,"[0,1,1,1,1,1]",Public,Public
img526,"[0,0,0,0,0,0,0,0]",0.0,0.0,0.0,0.0,"[0,1,1,1,1,1]",Public,Public
img527,"[0,0,0,0,0,0,0,0]",0.0,0.0,0.0,0.0,"[0,1,1,1,1,1]",Public,Public
img528,"[0,0,0,0,1,0,0,0]",0.0,0.0,0.0,0.0,"[0,1,1,1,0,0]",Public,Public
img529,"[1,0,0,0,1,0,0,0]",2.0,0.0,0.0,0.0,"[0,1,1,1,0,0]",Public,Public
img53,"[1,0,1,0,0,1,0,0]",2.0,1.0,1.0,0.0,"[0,1,0,0,0,0]",Public,Public
img530,"[0,0,0,0,0,0,0,0]",0.0,0.0,0.0,0.0,"[0,1,1,1,1,0]",Public,Public
img531,"[0,0,1,0,0,0,0,0]",0.0,0.0,0.0,0.0,"[0,1,1,1,1,0]",Public,Public
img532,"[0,0,0,0,0,0,0,0]",0.0,0.0,0.0,0.0,"[0,1,1,1,1,1]",Public,Public
img533,"[1,0,0,0,0,0,0,0]",2.0,0.0,0.0,0.0,"[0,1,1,1,0,0]",Public,Public
img534,"[0,0,0,0,0,0,0,0]",0.0,0.0,0.0,0.0,"[0,1,1,1,0,0]",Public,Public
img535,"[1,0,0,0,0,0,0,0]",1.0,0.0,0.0,0.0,"[0,1,1,1,0,0]",Public,Public
img536,"[0,0,0,0,0,0,0,0]",0.0,0.0,0.0,0.0,"[0,1,1,1,1,0]",Public,Public
img537,"[0,0,0,0,0,0,0,0]",0.0,0.0,0.0,0.0,"[0,1,1,1,1,1]",Public,Public
img538,"[1,1,0,0,0,0,0,1]",1.0,0.0,0.0,1.0,"[0,1,1,1,0,0]",Public,Public
img539,"[0,0,1,0,0,0,0,0]",0.0,0.0,0.0,0.0,"[0,1,1,1,0,0]",Public,Public
img54,"[1,1,0,0,0,1,0,0]",2.0,0.0,1.0,0.0,"[0,1,1,0,0,0]",Public,Public
img540,"[0,0,0,0,0,0,0,0]",0.0,0.0,0.0,0.0,"[0,1,1,1,1,1]",Public,Public
img541,"[0,0,0,0,0,0,0,0]",0.0,0.0,0.0,0.0,"[0,1,1,1,1,1]",Public,Public
img542,"[0,0,0,0,0,0,0,0]",0.0,0.0,0.0,0.0,"[0,1,1,1,1,1]",Public,Public
img543,"[0,0,0,0,1,0,0,0]",0.0,0.0,0.0,0.0,"[0,1,1,1,1,1]",Public,Public
img544,"[0,0,0,0,0,0,0,0]",0.0,0.0,0.0,0.0,"[0,1,1,1,1,1]",Public,Public
img545,"[0,0,0,0,1,0,0,0]",0.0,0.0,0.0,0.0,"[0,1,1,1,1,0]",Public,Public
img546,"[1,0,0,0,0,0,0,0]",1.0,0.0,0.0,0.0,"[0,1,1,1,0,0]",Public,Public
img547,"[1,0,0,0,0,0,0,0]",2.0,0.0,0.0,0.0,"[0,1,1,1,0,0]",Public,Public
img548,"[1,0,0,0,0,0,0,0]",2.0,0.0,0.0,0.0,"[0,1,1,1,0,0]",Public,Public
img549,"[0,0,0,0,0,0,0,0]",0.0,0.0,,0.0,"[0,1,1,1,1,0]",Public,Public
img55,"[0,0,0,0,0,0,1,1]",0.0,2.0,2.0,0.0,"[0,1,0,0,0,0]",Public,Public
img550,"[0,0,0,0,0,0,0,1]",0.0,0.0,0.0,0.0,"[0,1,1,1,0,0]",Public,Public
img551,"[1,0,0,0,0,0,0,0]",1.0,0.0,0.0,0.0,"[0,1,1,1,0,0]",Public,Public
img552,"[0,0,0,0,0,0,0,1]",0.0,0.0,0.0,0.0,"[0,1,1,1,0,0]",Public,Public
img553,"[0,0,0,0,0,0,0,1]",0.0,0.0,0.0,0.0,"[0,1,1,1,0,0]",Public,Public
img554,"[1,0,0,0,0,0,0,0]",2.0,0.0,0.0,0.0,"[0,1,1,1,0,0]",Public,Public
img555,"[1,0,0,0,0,0,0,0]",2.0,0.0,0.0,0.0,"[0,1,1,1,0,0]",Public,Public
img556,"[0,0,0,0,0,0,0,0]",0.0,0.0,0.0,0.0,"[0,1,1,1,0,0]",Public,Public
img557,"[0,0,0,0,1,0,0,1]",0.0,0.0,0.0,0.0,"[0,1,1,1,0,0]",Public,Public
img558,"[0,0,0,0,0,0,0,0]",0.0,0.0,0.0,0.0,"[0,1,1,1,0,0]",Public,Public
img559,"[0,0,0,0,0,0,0,0]",0.0,0.0,0.0,0.0,"[0,1,1,1,1,0]",Public,Public
img56,"[1,1,0,0,0,1,1,0]",2.0,1.0,2.0,0.0,"[0,1,0,0,0,0]",Public,Public
img560,"[0,0,0,0,0,0,0,0]",0.0,0.0,0.0,0.0,"[0,1,1,1,1,0]",Public,Public
img561,"[0,0,0,0,0,0,0,0]",0.0,0.0,0.0,0.0,"[0,1,1,1,1,1]",Public,Public
img562,"[1,1,0,0,0,0,0,0]",2.0,0.0,0.0,0.0,"[0,1,1,1,0,0]",Public,Public
img563,"[0,0,0,0,0,0,0,0]",0.0,0.0,0.0,0.0,"[0,1,1,1,0,0]",Public,Public
img564,"[0,0,0,0,0,0,0,1]",0.0,0.0,0.0,0.0,"[0,1,1,1,0,0]",Public,Public
img565,"[0,0,0,0,0,0,0,0]",0.0,0.0,0.0,0.0,"[0,1,1,1,1,0]",Public,Public
img566,"[0,0,0,0,0,0,0,0]",0.0,0.0,0.0,0.0,"[0,1,1,1,1,1]",Public,Public
img567,"[1,0,0,1,0,0,0,0]",1.0,0.0,1.0,0.0,"[0,1,1,1,0,0]",Public,Public
img568,"[0,0,0,0,0,0,0,0]",0.0,0.0,0.0,0.0,"[0,1,1,1,1,1]",Public,Public
img569,"[1,0,0,0,1,0,0,0]",2.0,0.0,0.0,0.0,"[0,1,1,1,0,0]",Public,Public
img57,"[1,0,0,0,0,1,1,0]",2.0,2.0,2.0,0.0,"[0,1,0,0,0,0]",Public,Public
img570,"[0,0,0,0,0,0,0,1]",0.0,0.0,0.0,0.0,"[0,1,1,1,0,0]",Public,Public
img571,"[0,0,0,0,0,0,0,0]",0.0,0.0,0.0,0.0,"[0,1,1,1,1,0]",Public,Public
img572,"[0,0,0,0,0,0,0,0]",0.0,0.0,0.0,0.0,"[0,1,1,1,0,0]",Public,Public
img573,"[1,0,0,0,0,0,0,0]",2.0,0.0,0.0,0.0,"[0,1,1,1,0,0]",Public,Public
img574,"[1,0,0,0,1,0,0,0]",2.0,0.0,0.0,0.0,"[0,1,1,1,0,0]",Public,Public
img575,"[0,0,0,0,0,0,0,0]",0.0,0.0,0.0,0.0,"[0,1,1,1,1,1]",Public,Public
img576,"[1,0,0,0,1,0,0,0]",2.0,0.0,0.0,0.0,"[0,1,1,1,0,0]",Public,Public
img577,"[1,1,0,1,0,0,0,0]",1.0,0.0,1.0,0.0,"[0,1,1,1,0,0]",Public,Public
img578,"[0,0,0,0,1,0,0,0]",0.0,0.0,0.0,0.0,"[0,1,1,1,1,0]",Public,Public
img579,"[1,0,0,0,0,0,0,0]",1.0,0.0,0.0,0.0,"[0,1,1,1,0,0]",Public,Public
img58,"[1,0,0,0,0,1,0,0]",2.0,1.0,1.0,0.0,"[0,1,1,0,0,0]",Public,Public
img580,"[0,0,0,0,0,0,0,0]",0.0,0.0,0.0,0.0,"[0,1,1,1,1,0]",Public,Public
img581,"[0,0,0,0,1,0,0,0]",0.0,0.0,0.0,0.0,"[0,1,1,1,1,0]",Public,Public
img582,"[1,0,0,0,1,0,0,0]",2.0,0.0,0.0,0.0,"[0,1,1,1,0,0]",Public,Public
img583,"[0,0,0,0,0,0,0,1]",0.0,0.0,0.0,0.0,"[0,1,1,0,0,0]",Public,Public
img584,"[0,0,0,0,0,0,0,0]",0.0,0.0,0.0,0.0,"[0,1,1,1,1,0]",Public,Public
img585,"[0,0,0,0,0,0,0,0]",0.0,0.0,0.0,0.0,"[0,1,1,1,1,0]",Public,Public
img586,"[1,0,0,0,0,0,0,0]",2.0,0.0,0.0,0.0,"[0,1,1,1,0,0]",Public,Public
img587,"[0,0,0,0,0,0,0,0]",0.0,0.0,0.0,0.0,"[0,1,1,1,0,0]",Public,Public
img588,"[0,0,0,0,0,0,0,0]",0.0,0.0,0.0,0.0,"[0,1,1,1,1,0]",Public,Public
img589,"[1,0,0,0,0,0,0,0]",2.0,0.0,0.0,0.0,"[0,1,1,1,0,0]",Personal identity and sensitive information,Workplace/School
img59,"[0,0,0,0,0,1,1,0]",0.0,1.0,2.0,0.0,"[0,1,0,0,0,0]",Public,Public
img590,"[1,1,1,0,0,0,0,0]",2.0,0.0,0.0,0.0,"[0,1,1,1,0,0]",Personal identity and sensitive information,Workplace/School
img591,"[1,0,1,0,0,0,0,0]",2.0,0.0,0.0,0.0,"[0,1,1,1,0,0]",Personal identity and sensitive information,Workplace/School
img592,"[1,1,0,0,0,0,0,0]",2.0,0.0,0.0,0.0,"[0,1,1,1,0,0]",Personal identity and sensitive information,Workplace/School
img593,"[1,0,1,0,0,0,0,0]",2.0,0.0,0.0,0.0,"[0,1,1,0,0,0]",Personal identity and sensitive information,Workplace/School
img594,"[1,1,1,0,0,0,0,0]",2.0,0.0,0.0,0.0,"[0,1,1,1,0,0]",Personal identity and sensitive information,Workplace/School
img595,"[1,0,1,0,0,0,0,0]",2.0,0.0,0.0,0.0,"[0,1,1,1,0,0]",Personal identity and sensitive information,Workplace/School
img596,"[1,0,1,0,0,0,0,0]",2.0,1.0,0.0,0.0,"[0,1,1,0,0,0]",Personal identity and sensitive information,Workplace/School
img597,"[1,0,0,0,0,0,0,0]",2.0,1.0,0.0,0.0,"[0,1,1,0,0,0]",Personal identity and sensitive information,Workplace/School
img598,"[1,0,1,0,0,0,0,0]",2.0,0.0,0.0,0.0,"[0,1,1,1,0,0]",Personal identity and sensitive information,Workplace/School
img599,"[1,1,1,0,0,0,0,0]",2.0,0.0,0.0,0.0,"[0,1,1,1,0,0]",Personal identity and sensitive information,Workplace/School
img6,"[1,0,1,0,1,0,0,0]",1.0,1.0,1.0,0.0,"[0,1,1,0,0,0]",Location information,Public facilities
img60,"[1,0,1,0,0,1,0,0]",2.0,1.0,1.0,0.0,"[0,1,0,0,0,0]",Public,Public
img600,"[1,0,0,0,0,0,0,0]",2.0,1.0,0.0,,"[0,1,1,0,0,0]",Personal identity and sensitive information,Workplace/School
img601,"[1,0,1,0,0,0,0,0]",2.0,0.0,0.0,0.0,"[0,1,1,1,0,0]",Personal identity and sensitive information,Workplace/School
img602,"[1,0,1,0,0,0,0,0]",2.0,0.0,0.0,0.0,"[0,1,1,1,0,0]",Personal identity and sensitive information,Workplace/School
img603,"[1,0,1,0,0,0,0,0]",2.0,0.0,0.0,0.0,"[0,1,1,1,0,0]",Personal identity and sensitive information,Workplace/School
img604,"[1,0,1,0,0,0,0,0]",2.0,0.0,0.0,0.0,"[0,1,1,1,0,0]",Personal identity and sensitive information,Workplace/School
img605,"[1,0,1,0,0,0,0,0]",2.0,0.0,0.0,0.0,"[0,1,1,1,0,0]",Personal identity and sensitive information,Workplace/School
img606,"[1,0,1,0,0,0,0,0]",1.0,0.0,0.0,0.0,"[0,1,1,1,0,0]",Personal identity and sensitive information,Workplace/School
img607,"[1,0,1,0,0,0,0,0]",2.0,0.0,0.0,0.0,"[0,1,1,1,0,0]",Personal identity and sensitive information,Workplace/School
img608,"[0,0,0,0,0,0,0,1]",0.0,0.0,0.0,0.0,"[0,1,1,1,0,0]",Personal identity and sensitive information,Workplace/School
img609,"[1,0,1,0,0,0,0,0]",2.0,0.0,0.0,0.0,"[0,1,1,1,0,0]",Personal identity and sensitive information,Workplace/School
img61,"[1,0,1,0,0,1,1,0]",2.0,2.0,2.0,0.0,"[0,0,0,0,0,0]",Public,Public
img610,"[1,0,1,0,0,0,0,0]",2.0,0.0,0.0,0.0,"[0,1,1,1,0,0]",Personal identity and sensitive information,Workplace/School
img611,"[1,0,1,0,0,0,0,0]",2.0,0.0,0.0,0.0,"[0,1,1,1,0,0]",Personal identity and sensitive information,Workplace/School
img612,"[1,0,0,0,0,0,0,0]",2.0,0.0,0.0,0.0,"[0,1,1,1,0,0]",Personal identity and sensitive information,Workplace/School
img613,"[1,0,0,0,0,0,0,0]",2.0,0.0,0.0,0.0,"[0,1,1,1,0,0]",Personal identity and sensitive information,Workplace/School
img614,"[1,0,1,0,0,0,0,0]",2.0,0.0,0.0,0.0,"[0,1,1,1,0,0]",Personal identity and sensitive information,Workplace/School
img615,"[1,0,0,0,0,0,0,0]",2.0,0.0,0.0,0.0,"[0,1,1,1,0,0]",Personal identity and sensitive information,Workplace/School
img616,"[1,0,0,0,0,0,0,0]",2.0,0.0,0.0,0.0,"[0,1,1,1,0,0]",Personal identity and sensitive information,Workplace/School
img617,"[1,1,1,0,1,0,0,0]",2.0,1.0,0.0,,"[0,1,1,1,0,0]",Personal identity and sensitive information,Workplace/School
img618,"[1,0,1,0,0,0,0,0]",2.0,0.0,0.0,0.0,"[0,1,1,1,0,0]",Personal identity and sensitive information,Workplace/School
img619,"[1,1,0,0,0,1,0,0]",2.0,1.0,1.0,0.0,"[0,1,0,0,0,0]",Socio-cultural sensitive information,Politics/Social position
img62,"[0,0,0,0,0,0,0,0]",0.0,0.0,0.0,0.0,"[0,1,1,1,0,0]",Public,Public
img620,"[1,1,0,0,0,1,0,0]",2.0,1.0,1.0,0.0,"[0,0,0,0,0,0]",Socio-cultural sensitive information,Politics/Social position
img621,"[0,0,1,0,0,1,0,0]",0.0,0.0,1.0,0.0,"[0,1,0,0,0,0]",Socio-cultural sensitive information,Politics/Social position
img622,"[1,1,0,0,0,1,0,0]",2.0,1.0,1.0,0.0,"[0,1,0,0,0,0]",Socio-cultural sensitive information,Politics/Social position
img623,"[1,0,0,0,0,1,0,0]",2.0,1.0,1.0,0.0,"[0,1,0,0,0,0]",Socio-cultural sensitive information,Politics/Social position
img624,"[1,1,0,0,0,0,0,0]",2.0,2.0,1.0,0.0,"[0,1,1,0,0,0]",Socio-cultural sensitive information,Politics/Social position
img625,"[1,1,1,0,0,1,0,0]",2.0,1.0,1.0,0.0,"[0,1,0,0,0,0]",Socio-cultural sensitive information,Politics/Social position
img626,"[1,0,0,0,0,1,0,0]",2.0,1.0,1.0,0.0,"[0,1,0,0,0,0]",Socio-cultural sensitive information,Politics/Social position
img627,"[1,0,1,0,0,1,0,0]",2.0,1.0,1.0,0.0,"[0,1,0,0,0,0]",Socio-cultural sensitive information,Politics/Social position
img628,"[1,1,0,0,0,1,0,0]",2.0,1.0,1.0,0.0,"[0,1,0,0,0,0]",Socio-cultural sensitive information,Politics/Social position
img629,"[1,1,0,0,0,1,0,0]",2.0,0.0,1.0,0.0,"[0,1,0,0,0,0]",Socio-cultural sensitive information,Politics/Social position
img63,"[1,0,0,1,1,0,0,0]",1.0,0.0,1.0,0.0,"[0,1,1,0,0,0]",Body and appearance,Body exposure and sexual implication
img630,"[1,1,1,1,0,0,0,0]",2.0,2.0,2.0,0.0,"[0,1,1,0,0,0]",Socio-cultural sensitive information,Politics/Social position
img631,"[1,0,0,0,0,1,0,0]",2.0,0.0,1.0,0.0,"[0,1,0,0,0,0]",Socio-cultural sensitive information,Politics/Social position
img632,"[1,1,1,0,0,1,0,0]",2.0,1.0,1.0,0.0,"[0,1,0,0,0,0]",Socio-cultural sensitive information,Politics/Social position
img633,"[1,0,0,0,0,1,0,0]",0.0,1.0,1.0,0.0,"[0,1,0,0,0,0]",Socio-cultural sensitive information,Politics/Social position
img634,"[1,0,0,0,0,1,0,0]",2.0,1.0,1.0,0.0,"[0,1,1,0,0,0]",Socio-cultural sensitive information,Politics/Social position
img635,"[1,1,1,0,0,1,0,0]",2.0,0.0,1.0,0.0,"[0,1,0,0,0,0]",Socio-cultural sensitive information,Politics/Social position
img636,"[1,0,0,0,0,1,0,0]",2.0,1.0,1.0,0.0,"[0,1,0,0,0,0]",Socio-cultural sensitive information,Politics/Social position
img637,"[1,0,0,0,0,1,0,0]",2.0,1.0,1.0,0.0,"[0,1,0,0,0,0]",Socio-cultural sensitive information,Politics/Social position
img638,"[1,1,1,0,0,1,0,0]",2.0,1.0,1.0,0.0,"[0,1,0,0,0,0]",Socio-cultural sensitive information,Politics/Social position
img639,"[1,1,0,0,0,1,0,0]",2.0,1.0,1.0,0.0,"[0,1,0,0,0,0]",Socio-cultural sensitive information,Politics/Social position
img64,"[1,0,0,0,1,0,0,0]",2.0,0.0,0.0,0.0,"[0,1,1,1,0,0]",Body and appearance,Body exposure and sexual implication
img640,"[0,0,0,0,0,1,0,0]",0.0,1.0,1.0,0.0,"[0,1,0,0,0,0]",Socio-cultural sensitive information,Politics/Social position
img641,"[1,1,0,0,0,1,0,0]",2.0,1.0,1.0,0.0,"[0,1,0,0,0,0]",Socio-cultural sensitive information,Politics/Social position
img642,"[1,1,1,0,0,1,0,0]",2.0,1.0,1.0,0.0,"[0,1,0,0,0,0]",Socio-cultural sensitive information,Politics/Social position
img643,"[0,0,0,0,0,1,0,0]",1.0,1.0,1.0,0.0,"[0,1,0,0,0,0]",Socio-cultural sensitive information,Politics/Social position
img644,"[1,1,0,0,0,1,0,0]",2.0,1.0,1.0,0.0,"[0,1,0,0,0,0]",Socio-cultural sensitive information,Politics/Social position
img645,"[0,0,0,0,0,1,0,0]",0.0,0.0,1.0,0.0,"[0,1,0,0,0,0]",Socio-cultural sensitive information,Politics/Social position
img646,"[1,1,0,0,0,1,0,0]",2.0,1.0,1.0,0.0,"[0,1,0,0,0,0]",Socio-cultural sensitive information,Politics/Social position
img647,"[1,0,0,0,0,1,0,0]",2.0,1.0,1.0,0.0,"[0,1,0,0,0,0]",Socio-cultural sensitive information,Politics/Social position
img648,"[1,1,0,0,0,1,0,0]",2.0,1.0,1.0,0.0,"[0,1,0,0,0,0]",Socio-cultural sensitive information,Politics/Social position
img649,"[1,1,0,0,0,1,0,0]",2.0,1.0,1.0,0.0,"[0,1,0,0,0,0]",Socio-cultural sensitive information,Politics/Social position
img65,"[1,0,0,1,1,0,0,0]",2.0,1.0,1.0,0.0,"[0,1,0,0,0,0]",Body and appearance,Body exposure and sexual implication
img650,"[1,0,0,0,0,1,0,0]",2.0,1.0,1.0,0.0,"[0,0,0,0,0,0]",Socio-cultural sensitive information,Politics/Social position
img651,"[1,1,0,0,0,0,0,0]",2.0,0.0,0.0,0.0,"[0,1,1,1,0,0]",Personal identity and sensitive information,Personal information
img652,"[0,0,0,0,0,0,1,1]",0.0,2.0,2.0,0.0,"[0,1,1,0,0,0]",Personal identity and sensitive information,Personal information
img653,"[1,0,1,0,0,0,0,1]",2.0,2.0,0.0,0.0,"[0,1,1,0,0,0]",Personal identity and sensitive information,Personal information
img654,"[1,1,0,0,0,0,0,0]",2.0,0.0,0.0,0.0,"[0,1,1,1,0,0]",Personal identity and sensitive information,Personal information
img655,"[1,1,0,0,1,0,0,0]",2.0,0.0,1.0,0.0,"[0,1,1,1,0,0]",Personal identity and sensitive information,Personal information
img656,"[1,1,0,0,0,0,0,0]",2.0,0.0,0.0,0.0,"[0,1,1,1,0,0]",Personal identity and sensitive information,Personal information
img657,"[1,0,0,0,0,0,0,0]",2.0,0.0,0.0,0.0,"[0,1,1,1,0,0]",Personal identity and sensitive information,Personal information
img658,"[1,1,0,0,0,0,0,0]",1.0,0.0,0.0,0.0,"[0,1,1,0,0,0]",Personal identity and sensitive information,Personal information
img659,"[1,1,0,0,0,0,0,0]",2.0,0.0,0.0,0.0,"[0,1,1,1,0,0]",Personal identity and sensitive information,Personal information
img66,"[1,1,0,0,1,0,0,0]",2.0,0.0,0.0,0.0,"[0,1,1,1,0,0]",Body and appearance,Body exposure and sexual implication
img660,"[0,0,0,0,0,0,0,1]",0.0,0.0,0.0,0.0,"[0,1,1,1,0,0]",Personal identity and sensitive information,Personal information
img661,"[1,1,0,0,0,0,0,0]",2.0,0.0,0.0,0.0,"[0,1,1,1,0,0]",Personal identity and sensitive information,Personal information
img662,"[1,0,0,0,0,0,0,0]",2.0,2.0,0.0,0.0,"[0,1,1,1,0,0]",Personal identity and sensitive information,Personal information
img663,"[0,0,0,0,0,0,0,1]",0.0,0.0,0.0,0.0,"[0,1,1,1,0,0]",Personal identity and sensitive information,Personal information
img664,"[1,1,0,0,0,0,0,0]",2.0,0.0,0.0,0.0,"[0,1,1,1,0,0]",Personal identity and sensitive information,Personal information
img665,"[1,0,1,0,0,0,0,1]",0.0,0.0,0.0,0.0,"[0,1,1,0,0,0]",Personal identity and sensitive information,Personal information
img666,"[1,1,0,0,0,0,1,0]",0.0,2.0,1.0,0.0,"[0,1,0,0,0,0]",Risk and crime-related information,Violence/Threat
img667,"[1,0,0,0,0,1,1,0]",1.0,2.0,2.0,0.0,"[0,0,0,0,0,0]",Risk and crime-related information,Violence/Threat
img668,"[1,0,0,1,0,0,1,0]",1.0,1.0,2.0,0.0,"[0,1,0,0,0,0]",Risk and crime-related information,Violence/Threat
img669,"[1,0,0,0,0,0,1,0]",2.0,1.0,2.0,0.0,"[0,1,0,0,0,0]",Risk and crime-related information,Violence/Threat
img67,"[1,0,0,1,0,0,0,0]",1.0,0.0,2.0,0.0,"[0,0,0,0,0,0]",Body and appearance,Body exposure and sexual implication
img670,"[1,1,0,0,0,0,1,0]",2.0,0.0,2.0,0.0,"[0,1,1,0,0,0]",Risk and crime-related information,Violence/Threat
img671,"[1,0,0,0,0,0,0,0]",2.0,0.0,0.0,0.0,"[0,1,1,1,0,0]",Risk and crime-related information,Violence/Threat
img672,"[0,0,0,0,0,1,1,0]",0.0,2.0,2.0,0.0,"[0,0,0,0,0,0]",Risk and crime-related information,Violence/Threat
img673,"[1,1,0,0,0,0,0,0]",2.0,0.0,0.0,0.0,"[0,1,1,0,0,0]",Risk and crime-related information,Violence/Threat
img674,"[1,0,0,1,0,0,1,0]",2.0,0.0,2.0,0.0,"[0,1,0,0,0,0]",Risk and crime-related information,Violence/Threat
img675,"[1,0,0,0,0,0,1,0]",2.0,2.0,2.0,0.0,"[0,1,0,0,0,0]",Risk and crime-related information,Violence/Threat
img676,"[1,0,0,0,0,0,1,0]",0.0,2.0,2.0,0.0,"[0,1,0,0,0,0]",Risk and crime-related information,Violence/Threat
img677,"[1,0,0,0,0,0,0,0]",1.0,0.0,0.0,0.0,"[0,1,1,0,0,0]",Risk and crime-related information,Violence/Threat
img678,"[1,0,1,0,0,0,0,0]",1.0,1.0,0.0,0.0,"[0,1,1,1,0,0]",Risk and crime-related information,Violence/Threat
img679,"[1,0,0,0,0,0,1,0]",1.0,2.0,2.0,0.0,"[0,1,0,0,0,0]",Risk and crime-related information,Violence/Threat
img68,"[1,0,0,1,0,0,0,0]",2.0,1.0,2.0,0.0,"[0,0,0,0,0,0]",Body and appearance,Body exposure and sexual implication
img680,"[1,0,0,0,0,1,1,0]",2.0,1.0,2.0,0.0,"[0,1,0,0,0,0]",Risk and crime-related information,Violence/Threat
img681,"[1,1,0,0,0,0,0,0]",2.0,2.0,1.0,0.0,"[0,1,0,0,0,0]",Risk and crime-related information,Violence/Threat
img682,"[1,1,0,0,0,0,1,0]",2.0,2.0,2.0,0.0,"[0,1,0,0,0,0]",Risk and crime-related information,Violence/Threat
img683,"[1,0,0,0,0,0,0,0]",2.0,0.0,0.0,0.0,"[0,1,1,1,0,0]",Personal identity and sensitive information,Personal information
img684,"[1,0,0,0,0,0,0,0]",2.0,0.0,1.0,1.0,"[0,1,0,0,0,0]",Personal identity and sensitive information,Personal information
img685,"[1,0,0,0,0,0,0,0]",2.0,0.0,0.0,0.0,"[0,1,0,0,0,0]",Personal identity and sensitive information,Personal information
img686,"[1,0,1,0,0,0,0,0]",2.0,2.0,1.0,0.0,"[0,1,0,0,0,0]",Personal identity and sensitive information,Personal information
img687,"[1,0,0,0,0,0,0,0]",2.0,0.0,0.0,0.0,"[0,1,1,1,0,0]",Personal identity and sensitive information,Personal information
img688,"[1,0,1,0,0,0,0,0]",2.0,0.0,0.0,0.0,"[0,1,1,0,0,0]",Personal identity and sensitive information,Personal information
img689,"[1,0,0,0,0,0,0,0]",2.0,0.0,0.0,0.0,"[0,1,1,1,0,0]",Personal identity and sensitive information,Personal information
img69,"[1,0,1,0,1,0,0,0]",1.0,0.0,0.0,0.0,"[0,1,1,0,0,0]",Body and appearance,Body exposure and sexual implication
img690,"[1,0,0,0,0,0,0,0]",1.0,2.0,0.0,1.0,"[0,0,0,0,0,0]",Personal identity and sensitive information,Personal information
img691,"[1,1,1,0,0,0,0,0]",2.0,2.0,0.0,0.0,"[0,1,0,0,0,0]",Personal identity and sensitive information,Personal information
img692,"[1,0,0,0,0,0,0,0]",2.0,0.0,0.0,0.0,"[0,1,1,1,0,0]",Personal identity and sensitive information,Personal information
img693,"[1,1,0,0,0,0,0,0]",2.0,0.0,0.0,0.0,"[0,1,1,1,0,0]",Personal identity and sensitive information,Personal information
img694,"[1,0,1,0,0,0,0,0]",2.0,1.0,0.0,0.0,"[0,1,1,1,0,0]",Personal identity and sensitive information,Personal information
img695,"[1,0,0,0,0,0,0,0]",2.0,0.0,0.0,0.0,"[0,1,1,1,0,0]",Personal identity and sensitive information,Personal information
img696,"[1,1,0,0,0,0,0,0]",2.0,0.0,0.0,0.0,"[0,1,1,1,0,0]",Personal identity and sensitive information,Personal information
img697,"[1,1,0,0,0,0,1,0]",2.0,2.0,0.0,0.0,"[0,1,1,0,0,0]",Personal identity and sensitive information,Personal information
img698,"[1,0,1,0,0,0,0,0]",2.0,0.0,0.0,0.0,"[0,1,1,0,0,0]",Personal identity and sensitive information,Personal information
img699,"[1,1,0,0,0,0,0,0]",2.0,0.0,0.0,0.0,"[0,1,1,0,0,0]",Personal identity and sensitive information,Personal information
img7,"[0,0,0,0,1,0,0,0]",0.0,1.0,1.0,0.0,"[0,1,1,0,0,0]",Location information,Public facilities
img70,"[1,0,0,1,1,0,0,0]",2.0,0.0,1.0,0.0,"[0,1,1,0,0,0]",Body and appearance,Body exposure and sexual implication
img700,"[1,0,0,0,0,0,0,0]",2.0,0.0,0.0,0.0,"[0,1,1,0,0,0]",Personal identity and sensitive information,Personal information
img701,"[1,1,0,0,0,0,0,0]",2.0,0.0,0.0,0.0,"[0,1,1,1,0,0]",Personal identity and sensitive information,Personal information
img702,"[1,0,0,0,0,0,0,0]",2.0,0.0,0.0,0.0,"[0,1,1,0,0,0]",Personal identity and sensitive information,Personal information
img703,"[1,1,1,0,0,0,0,0]",2.0,0.0,0.0,0.0,"[0,1,1,0,0,0]",Personal identity and sensitive information,Personal information
img704,"[0,0,0,0,0,0,0,1]",0.0,0.0,0.0,0.0,"[0,1,1,1,0,0]",Personal identity and sensitive information,Personal information
img705,"[1,0,0,0,0,0,0,0]",2.0,0.0,0.0,0.0,"[0,1,1,1,0,0]",Personal identity and sensitive information,Personal information
img706,"[1,0,0,0,0,0,0,0]",2.0,0.0,0.0,1.0,"[0,1,1,0,0,0]",Personal identity and sensitive information,Personal information
img707,"[1,1,0,0,0,0,0,0]",2.0,0.0,0.0,0.0,"[0,1,1,1,0,0]",Personal identity and sensitive information,Personal information
img708,"[1,0,0,0,0,0,0,0]",2.0,0.0,0.0,0.0,"[0,1,1,0,0,0]",Personal identity and sensitive information,Personal information
img709,"[1,0,0,0,0,0,0,0]",2.0,0.0,0.0,0.0,"[0,1,1,1,0,0]",Personal identity and sensitive information,Personal information
img71,"[1,0,0,0,1,0,0,0]",1.0,0.0,0.0,0.0,"[0,1,1,1,0,0]",Body and appearance,Body exposure and sexual implication
img710,"[1,1,0,0,0,0,0,0]",2.0,0.0,0.0,0.0,"[0,1,1,1,0,0]",Personal identity and sensitive information,Personal information
img711,"[1,0,0,0,0,0,0,0]",2.0,0.0,0.0,0.0,"[0,1,1,1,0,0]",Personal identity and sensitive information,Personal information
img712,"[1,1,0,0,0,0,0,0]",2.0,0.0,0.0,0.0,"[0,1,1,1,0,0]",Personal identity and sensitive information,Personal information
img713,"[0,0,0,0,0,1,0,0]",0.0,1.0,2.0,0.0,"[0,1,0,0,0,0]",Socio-cultural sensitive information,Religion/Culture
img714,"[0,0,0,0,0,1,0,0]",0.0,1.0,1.0,0.0,"[0,1,1,1,0,0]",Socio-cultural sensitive information,Religion/Culture
img715,"[1,1,0,0,0,1,0,0]",2.0,1.0,1.0,0.0,"[0,1,1,0,0,0]",Socio-cultural sensitive information,Religion/Culture
img716,"[1,0,1,0,0,1,0,0]",1.0,1.0,1.0,0.0,"[0,1,1,0,0,0]",Socio-cultural sensitive information,Religion/Culture
img717,"[1,1,0,0,0,1,0,0]",2.0,0.0,0.0,0.0,"[0,1,1,0,0,0]",Socio-cultural sensitive information,Religion/Culture
img718,"[0,0,0,0,1,1,0,0]",0.0,1.0,0.0,0.0,"[0,1,1,0,0,0]",Socio-cultural sensitive information,Religion/Culture
img719,"[0,0,0,0,0,1,0,0]",0.0,1.0,1.0,0.0,"[0,1,1,0,0,0]",Socio-cultural sensitive information,Religion/Culture
img72,"[0,0,0,1,1,0,0,0]",0.0,0.0,1.0,0.0,"[0,1,0,0,0,0]",Body and appearance,Body exposure and sexual implication
img720,"[1,1,0,0,0,1,0,0]",2.0,1.0,1.0,0.0,"[0,1,1,0,0,0]",Socio-cultural sensitive information,Religion/Culture
img721,"[0,0,0,0,0,1,0,0]",0.0,1.0,1.0,0.0,"[0,1,0,0,0,0]",Socio-cultural sensitive information,Religion/Culture
img722,"[1,0,0,0,0,1,0,1]",0.0,1.0,1.0,0.0,"[0,1,1,0,0,0]",Socio-cultural sensitive information,Religion/Culture
img723,"[1,0,0,0,0,1,0,0]",2.0,1.0,1.0,0.0,"[0,1,1,0,0,0]",Socio-cultural sensitive information,Religion/Culture
img724,"[0,0,1,0,0,0,0,0]",0.0,0.0,0.0,0.0,"[0,1,1,1,0,0]",Location information,Location cues
img725,"[1,0,1,0,0,0,0,0]",2.0,0.0,1.0,0.0,"[0,1,0,0,0,0]",Location information,Location cues
img726,"[0,0,1,0,0,0,0,0]",0.0,0.0,0.0,0.0,"[0,1,1,1,0,0]",Location information,Location cues
img727,"[1,0,1,0,0,0,0,0]",2.0,0.0,0.0,0.0,"[0,1,1,1,0,0]",Location information,Location cues
img728,"[0,0,1,0,0,0,0,0]",0.0,0.0,0.0,0.0,"[0,1,1,0,0,0]",Location information,Location cues
img729,"[0,0,1,0,0,0,0,0]",0.0,0.0,0.0,0.0,"[0,1,1,1,0,0]",Location information,Location cues
img73,"[1,0,1,1,0,0,0,0]",2.0,2.0,2.0,0.0,"[0,0,0,0,0,0]",Body and appearance,Body exposure and sexual implication
img730,"[0,0,1,0,0,0,0,0]",0.0,0.0,0.0,0.0,"[0,1,1,1,0,0]",Location information,Location cues
img731,"[0,0,1,0,0,0,0,0]",0.0,0.0,0.0,0.0,"[0,1,1,1,0,0]",Location information,Location cues
img732,"[0,0,1,0,0,0,0,0]",0.0,0.0,0.0,0.0,"[0,1,0,0,0,0]",Location information,Location cues
img733,"[1,0,1,0,0,0,0,0]",2.0,0.0,0.0,0.0,"[0,1,1,1,0,0]",Location information,Location cues
img734,"[0,0,1,0,0,0,0,0]",0.0,0.0,0.0,1.0,"[0,1,1,1,0,0]",Location information,Location cues
img735,"[0,0,1,0,0,0,0,0]",0.0,0.0,0.0,0.0,"[0,1,1,0,0,0]",Location information,Location cues
img736,"[1,0,1,0,0,0,0,0]",1.0,0.0,0.0,0.0,"[0,1,0,0,0,0]",Location information,Location cues
img737,"[1,0,1,0,0,0,0,0]",0.0,0.0,0.0,0.0,"[0,1,1,1,0,0]",Location information,Location cues
img738,"[0,0,1,0,0,0,0,0]",0.0,0.0,0.0,0.0,"[0,1,1,0,0,0]",Location information,Location cues
img739,"[0,0,1,0,0,0,0,0]",0.0,0.0,0.0,0.0,"[0,1,1,1,0,0]",Location information,Location cues
img74,"[1,0,0,0,1,0,0,0]",2.0,0.0,0.0,0.0,"[0,1,1,0,0,0]",Body and appearance,Body exposure and sexual implication
img740,"[1,0,1,0,0,0,0,0]",2.0,0.0,0.0,0.0,"[0,1,1,1,0,0]",Location information,Location cues
img741,"[0,0,1,0,0,0,0,0]",0.0,0.0,0.0,0.0,"[0,1,1,1,0,0]",Location information,Location cues
img742,"[0,0,1,0,0,0,0,0]",0.0,0.0,0.0,0.0,"[0,1,0,0,0,0]",Location information,Location cues
img743,"[0,0,1,0,0,0,0,0]",0.0,0.0,0.0,0.0,"[0,1,1,1,0,0]",Location information,Location cues
img744,"[1,0,1,0,0,0,0,0]",2.0,0.0,0.0,0.0,"[0,1,1,0,0,0]",Location information,Location cues
img745,"[0,0,1,0,0,0,0,1]",0.0,1.0,0.0,0.0,"[0,1,1,0,0,0]",Location information,Living spaces
img746,"[0,0,1,0,0,0,0,1]",0.0,1.0,0.0,0.0,"[0,1,1,0,0,0]",Location information,Living spaces
img747,"[0,0,0,0,0,0,0,1]",0.0,0.0,0.0,0.0,"[0,1,1,1,0,0]",Location information,Living spaces
img748,"[0,0,1,0,0,0,0,1]",0.0,0.0,0.0,0.0,"[0,1,1,1,0,0]",Location information,Living spaces
img749,"[0,0,0,0,0,0,0,1]",0.0,1.0,0.0,0.0,"[0,1,1,1,0,0]",Location information,Living spaces
img75,"[1,0,0,1,1,0,0,0]",2.0,0.0,2.0,0.0,"[0,0,0,0,0,0]",Body and appearance,Body exposure and sexual implication
img750,"[0,0,0,0,0,0,0,1]",0.0,0.0,0.0,0.0,"[0,1,1,1,0,0]",Location information,Living spaces
img751,"[1,0,1,0,1,0,0,0]",2.0,1.0,0.0,0.0,"[0,1,0,0,0,0]",Location information,Living spaces
img752,"[1,1,1,0,0,0,0,0]",2.0,1.0,0.0,0.0,"[0,1,0,0,0,0]",Location information,Living spaces
img753,"[0,0,1,0,0,0,0,1]",0.0,1.0,0.0,0.0,"[0,1,1,0,0,0]",Location information,Living spaces
img754,"[0,0,1,0,0,0,0,1]",0.0,0.0,0.0,0.0,"[0,1,1,1,0,0]",Location information,Living spaces
img755,"[0,0,1,0,0,0,0,1]",0.0,1.0,0.0,0.0,"[0,1,1,0,0,0]",Location information,Living spaces
img756,"[0,0,0,0,1,0,0,1]",0.0,0.0,0.0,0.0,"[0,1,1,1,0,0]",Location information,Living spaces
img757,"[0,0,0,0,1,0,0,1]",0.0,0.0,0.0,0.0,"[0,1,1,1,1,0]",Location information,Living spaces
img758,"[0,0,1,0,0,0,0,1]",0.0,1.0,0.0,0.0,"[0,1,1,0,0,0]",Location information,Living spaces
img759,"[0,0,1,0,0,0,0,1]",0.0,1.0,0.0,0.0,"[0,1,1,0,0,0]",Location information,Living spaces
img76,"[1,1,0,1,1,0,0,0]",2.0,0.0,1.0,0.0,"[0,1,0,0,0,0]",Body and appearance,Body exposure and sexual implication
img760,"[0,0,0,0,0,0,0,1]",0.0,0.0,0.0,0.0,"[0,1,1,1,1,0]",Location information,Living spaces
img761,"[0,0,1,0,0,0,0,1]",0.0,1.0,0.0,0.0,"[0,1,1,1,0,0]",Location information,Living spaces
img762,"[0,0,0,0,1,0,0,1]",0.0,1.0,0.0,,"[0,1,1,1,0,0]",Location information,Living spaces
img763,"[0,0,0,0,0,0,0,1]",0.0,0.0,0.0,0.0,"[0,1,1,1,0,0]",Location information,Living spaces
img764,"[0,0,0,0,0,0,0,1]",0.0,0.0,0.0,0.0,"[0,1,1,1,0,0]",Location information,Living spaces
img765,"[0,0,0,0,0,0,0,1]",0.0,0.0,0.0,0.0,"[0,1,1,1,0,0]",Location information,Living spaces
img766,"[0,0,0,0,0,0,0,1]",0.0,0.0,0.0,0.0,"[0,1,1,1,1,0]",Location information,Living spaces
img767,"[1,0,0,0,0,0,0,0]",2.0,1.0,0.0,0.0,"[0,1,1,1,0,0]",Location information,Living spaces
img768,"[0,0,0,0,0,0,0,1]",0.0,0.0,0.0,0.0,"[0,1,1,1,0,0]",Location information,Living spaces
img769,"[0,0,0,0,0,0,0,1]",0.0,0.0,0.0,0.0,"[0,1,1,1,0,0]",Location information,Living spaces
img77,"[1,0,0,1,1,0,0,0]",2.0,0.0,2.0,0.0,"[0,0,0,0,0,0]",Body and appearance,Body exposure and sexual implication
img770,"[0,0,0,0,0,0,0,1]",0.0,0.0,0.0,0.0,"[0,1,1,1,1,0]",Location information,Living spaces
img771,"[0,0,0,0,0,0,0,0]",0.0,0.0,0.0,0.0,"[0,1,1,1,1,0]",Location information,Living spaces
img772,"[0,0,1,0,0,0,0,1]",0.0,1.0,0.0,0.0,"[0,1,1,0,0,0]",Location information,Living spaces
img773,"[0,0,1,0,0,0,0,1]",0.0,1.0,0.0,0.0,"[0,1,1,1,0,0]",Location information,Living spaces
img774,"[0,0,1,0,0,0,0,1]",0.0,1.0,0.0,0.0,"[0,1,1,0,0,0]",Location information,Living spaces
img775,"[0,0,0,0,1,0,0,1]",0.0,1.0,0.0,0.0,"[0,1,1,1,0,0]",Location information,Living spaces
img776,"[0,0,1,0,0,0,0,1]",0.0,1.0,0.0,0.0,"[0,1,1,0,0,0]",Location information,Living spaces
img777,"[0,0,1,0,0,0,0,1]",0.0,1.0,0.0,0.0,"[0,1,1,1,0,0]",Location information,Living spaces
img778,"[0,0,1,0,0,0,0,1]",0.0,1.0,0.0,0.0,"[0,1,1,0,0,0]",Location information,Living spaces
img779,"[1,0,1,0,0,0,0,1]",1.0,1.0,0.0,0.0,"[0,1,0,0,0,0]",Location information,Living spaces
img78,"[1,0,0,1,1,0,0,0]",2.0,0.0,1.0,0.0,"[0,1,0,0,0,0]",Body and appearance,Body exposure and sexual implication
img780,"[0,0,0,0,1,0,0,1]",0.0,1.0,0.0,0.0,"[0,1,1,1,0,0]",Location information,Living spaces
img781,"[0,0,0,0,1,0,0,0]",0.0,1.0,0.0,0.0,"[0,1,1,1,0,0]",Location information,Living spaces
img782,"[0,0,0,0,0,0,0,1]",0.0,0.0,0.0,0.0,"[0,1,1,1,1,0]",Location information,Living spaces
img783,"[0,0,1,0,0,0,0,1]",0.0,1.0,0.0,0.0,"[0,1,1,0,0,0]",Location information,Living spaces
img784,"[1,0,1,0,0,0,0,1]",0.0,1.0,0.0,0.0,"[0,1,1,0,0,0]",Location information,Living spaces
img785,"[0,0,1,0,0,0,0,1]",0.0,1.0,0.0,0.0,"[0,1,1,0,0,0]",Location information,Living spaces
img786,"[0,0,1,0,0,0,0,1]",0.0,1.0,0.0,0.0,"[0,1,1,0,0,0]",Location information,Living spaces
img787,"[0,0,1,0,0,0,0,1]",0.0,1.0,0.0,0.0,"[0,1,1,1,0,0]",Location information,Living spaces
img788,"[0,0,1,0,0,0,0,1]",0.0,1.0,0.0,0.0,"[0,1,1,0,0,0]",Location information,Living spaces
img789,"[0,0,1,0,0,0,0,1]",0.0,1.0,0.0,0.0,"[0,1,1,1,0,0]",Location information,Living spaces
img79,"[1,0,0,1,1,0,0,0]",2.0,0.0,1.0,0.0,"[0,0,0,0,0,0]",Body and appearance,Body exposure and sexual implication
img790,"[0,0,1,0,0,0,0,1]",0.0,1.0,0.0,0.0,"[0,1,0,0,0,0]",Location information,Living spaces
img791,"[0,0,0,0,0,0,0,1]",0.0,0.0,0.0,0.0,"[0,1,1,1,0,0]",Location information,Living spaces
img792,"[0,0,1,0,0,0,0,1]",0.0,1.0,0.0,0.0,"[0,1,1,1,0,0]",Location information,Living spaces
img793,"[1,0,1,0,1,0,0,0]",1.0,1.0,1.0,0.0,"[0,1,1,0,0,0]",Location information,Living spaces
img794,"[0,0,1,0,0,0,0,1]",0.0,1.0,0.0,0.0,"[0,1,1,0,0,0]",Location information,Living spaces
img795,"[0,0,0,0,0,0,0,1]",0.0,0.0,0.0,0.0,"[0,1,1,1,1,0]",Location information,Living spaces
img796,"[0,0,0,0,0,0,0,1]",0.0,0.0,0.0,0.0,"[0,1,1,1,0,0]",Location information,Living spaces
img797,"[0,0,1,0,0,0,0,1]",0.0,1.0,0.0,0.0,"[0,1,1,0,0,0]",Location information,Living spaces
img798,"[0,0,0,0,0,0,0,1]",0.0,0.0,0.0,0.0,"[0,1,1,1,1,0]",Location information,Living spaces
img799,"[0,0,0,0,0,0,0,1]",0.0,0.0,0.0,0.0,"[0,1,1,0,0,0]",Location information,Living spaces
img8,"[0,0,0,0,1,0,0,0]",0.0,1.0,1.0,0.0,"[0,1,1,0,0,0]",Location information,Public facilities
img80,"[1,0,0,1,0,0,0,0]",2.0,2.0,2.0,0.0,"[1,0,0,0,0,0]",Body and appearance,Body exposure and sexual implication
img800,"[0,0,0,0,0,0,0,1]",0.0,0.0,0.0,0.0,"[0,1,1,1,0,0]",Location information,Living spaces
img801,"[1,0,1,0,1,0,0,0]",2.0,1.0,0.0,0.0,"[0,1,1,1,0,0]",Location information,Living spaces
img802,"[0,0,0,0,1,0,0,0]",0.0,0.0,0.0,0.0,"[0,1,1,1,1,0]",Location information,Living spaces
img803,"[0,0,1,0,1,0,0,1]",0.0,1.0,1.0,0.0,"[0,1,1,0,0,0]",Location information,Living spaces
img804,"[0,0,1,0,0,0,0,1]",0.0,1.0,0.0,0.0,"[0,1,1,0,0,0]",Location information,Living spaces
img805,"[1,0,0,0,1,0,0,0]",1.0,0.0,0.0,0.0,"[0,1,1,1,1,0]",Public,Public
img806,"[0,0,0,0,1,0,0,0]",0.0,0.0,0.0,0.0,"[0,1,1,1,1,0]",Public,Public
img807,"[0,0,0,0,1,0,0,0]",0.0,0.0,0.0,0.0,"[0,1,1,1,0,0]",Public,Public
img808,"[0,0,0,0,1,0,0,0]",0.0,0.0,0.0,0.0,"[0,1,1,1,0,0]",Public,Public
img809,"[1,0,0,0,1,0,0,0]",1.0,0.0,0.0,0.0,"[0,1,1,1,1,0]",Public,Public
img81,"[1,0,0,1,1,0,0,0]",1.0,0.0,1.0,0.0,"[0,1,0,0,0,0]",Body and appearance,Body exposure and sexual implication
img810,"[0,0,0,1,1,1,0,0]",0.0,0.0,1.0,0.0,"[0,1,1,1,0,0]",Public,Public
img811,"[0,0,0,0,1,0,0,0]",0.0,0.0,0.0,0.0,"[0,1,1,1,0,0]",Public,Public
img812,"[0,0,0,0,1,0,0,0]",0.0,0.0,1.0,0.0,"[0,1,1,1,0,0]",Public,Public
img813,"[1,0,0,0,1,0,0,0]",1.0,0.0,0.0,0.0,"[0,1,1,1,1,0]",Public,Public
img814,"[1,0,0,0,1,0,0,0]",1.0,0.0,1.0,0.0,"[0,1,1,1,0,0]",Public,Public
img815,"[1,0,0,0,1,0,0,0]",1.0,0.0,0.0,0.0,"[0,1,1,1,1,0]",Public,Public
img816,"[1,0,0,0,1,0,0,0]",1.0,0.0,1.0,0.0,"[0,1,1,1,0,0]",Public,Public
img817,"[1,0,0,0,1,0,0,0]",2.0,0.0,0.0,0.0,"[0,1,1,1,0,0]",Public,Public
img818,"[1,0,0,0,1,0,0,0]",1.0,0.0,0.0,0.0,"[0,1,1,1,0,0]",Public,Public
img819,"[1,0,0,0,1,0,0,0]",1.0,0.0,0.0,0.0,"[0,1,1,1,1,0]",Public,Public
img82,"[1,0,1,1,0,0,0,0]",2.0,2.0,2.0,0.0,"[1,0,0,0,0,0]",Body and appearance,Body exposure and sexual implication
img820,"[1,0,0,0,1,0,0,0]",2.0,1.0,1.0,0.0,"[0,1,1,0,0,0]",Public,Public
img821,"[0,0,0,0,1,0,0,0]",0.0,0.0,0.0,0.0,"[0,1,1,1,0,0]",Public,Public
img822,"[0,0,0,0,1,0,0,0]",1.0,0.0,1.0,0.0,"[0,1,1,1,1,0]",Public,Public
img823,"[1,0,0,0,1,0,0,0]",2.0,0.0,0.0,0.0,"[0,1,1,1,0,0]",Public,Public
img824,"[1,0,0,0,1,0,0,0]",1.0,0.0,0.0,0.0,"[0,1,1,1,1,0]",Public,Public
img825,"[0,0,0,0,1,0,0,0]",0.0,0.0,0.0,0.0,"[0,1,1,1,0,0]",Public,Public
img826,"[0,0,0,0,1,0,0,0]",0.0,0.0,0.0,0.0,"[0,1,1,1,1,0]",Public,Public
img827,"[1,0,0,0,1,0,0,0]",1.0,0.0,0.0,0.0,"[0,1,1,1,1,0]",Public,Public
img828,"[1,0,0,0,1,0,0,0]",1.0,0.0,1.0,0.0,"[0,1,1,1,1,0]",Public,Public
img829,"[0,0,0,0,1,0,0,0]",0.0,0.0,0.0,0.0,"[0,1,1,1,1,0]",Public,Public
img83,"[1,0,0,1,0,0,0,0]",1.0,0.0,1.0,0.0,"[0,1,0,0,0,0]",Body and appearance,Body exposure and sexual implication
img830,"[1,0,0,0,1,0,0,0]",1.0,0.0,1.0,0.0,"[0,1,1,1,1,0]",Public,Public
img831,"[0,0,0,0,1,0,0,0]",0.0,0.0,0.0,0.0,"[0,1,1,1,1,0]",Public,Public
img832,"[1,0,0,0,1,0,0,0]",1.0,0.0,0.0,0.0,"[0,1,1,1,0,0]",Public,Public
img833,"[1,0,0,1,1,0,0,0]",2.0,0.0,1.0,0.0,"[0,0,0,0,0,0]",Public,Public
img834,"[0,0,0,0,1,0,0,0]",0.0,0.0,0.0,0.0,"[0,1,1,1,1,0]",Public,Public
img835,"[0,0,0,0,1,0,0,0]",1.0,0.0,0.0,0.0,"[0,1,1,1,1,0]",Public,Public
img836,"[0,0,0,0,1,0,0,0]",1.0,0.0,0.0,0.0,"[0,1,1,1,0,0]",Public,Public
img837,"[1,0,0,0,1,0,0,0]",1.0,0.0,0.0,0.0,"[0,1,1,1,1,0]",Public,Public
img838,"[1,0,0,0,1,0,0,0]",1.0,0.0,0.0,0.0,"[0,1,1,1,1,0]",Public,Public
img839,"[1,0,0,0,1,0,0,0]",1.0,0.0,1.0,0.0,"[0,1,1,1,1,0]",Public,Public
img84,"[1,0,0,1,1,0,0,0]",2.0,2.0,2.0,0.0,"[0,1,0,0,0,0]",Body and appearance,Body exposure and sexual implication
img840,"[0,0,0,0,1,0,0,0]",1.0,0.0,0.0,0.0,"[0,1,1,1,0,0]",Public,Public
img841,"[0,0,0,0,1,0,0,0]",0.0,0.0,1.0,0.0,"[0,1,1,1,0,0]",Public,Public
img842,"[0,0,0,0,1,0,0,0]",0.0,0.0,1.0,0.0,"[0,1,1,1,0,0]",Public,Public
img843,"[1,0,0,0,1,0,0,0]",1.0,0.0,0.0,0.0,"[0,1,1,1,1,0]",Public,Public
img844,"[1,0,0,0,1,0,0,0]",1.0,0.0,0.0,0.0,"[0,1,1,1,1,0]",Public,Public
img845,"[0,0,0,0,1,0,0,0]",0.0,0.0,0.0,0.0,"[0,1,1,1,1,0]",Public,Public
img846,"[0,0,0,0,1,0,0,0]",0.0,0.0,0.0,0.0,"[0,1,1,1,1,0]",Public,Public
img847,"[1,0,0,0,1,0,0,0]",1.0,0.0,0.0,0.0,"[0,1,1,1,1,0]",Public,Public
img848,"[1,0,0,0,1,0,0,0]",1.0,0.0,0.0,0.0,"[0,1,1,1,0,0]",Public,Public
img849,"[1,0,0,0,1,0,0,0]",1.0,0.0,1.0,0.0,"[0,1,1,1,1,0]",Public,Public
img85,"[1,1,1,1,0,0,0,0]",2.0,2.0,2.0,0.0,"[0,0,0,0,0,0]",Body and appearance,Body exposure and sexual implication
img850,"[1,0,0,0,1,0,0,0]",1.0,0.0,1.0,0.0,"[0,1,1,1,1,0]",Public,Public
img851,"[1,0,0,0,1,0,0,0]",1.0,0.0,0.0,0.0,"[0,1,1,1,1,0]",Public,Public
img852,"[1,0,0,0,1,0,0,0]",1.0,0.0,0.0,0.0,"[0,1,1,1,0,0]",Public,Public
img853,"[1,0,0,0,1,0,0,0]",1.0,0.0,1.0,0.0,"[0,1,1,1,1,0]",Public,Public
img854,"[0,0,0,0,1,0,0,0]",0.0,0.0,0.0,0.0,"[0,1,1,1,1,0]",Public,Public
img855,"[1,0,1,0,1,0,0,0]",0.0,1.0,1.0,0.0,"[0,1,1,0,0,0]",Personal preferences,Private activities
img856,"[0,0,1,0,1,0,0,0]",0.0,1.0,1.0,0.0,"[0,1,1,0,0,0]",Personal preferences,Private activities
img857,"[1,1,1,0,1,0,0,0]",2.0,1.0,1.0,0.0,"[0,1,1,0,0,0]",Personal preferences,Private activities
img858,"[1,1,0,0,1,0,0,0]",2.0,1.0,1.0,0.0,"[0,1,1,0,0,0]",Personal preferences,Private activities
img859,"[1,1,1,0,1,0,0,0]",2.0,1.0,1.0,0.0,"[0,1,1,0,0,0]",Personal preferences,Private activities
img86,"[1,0,0,1,0,0,0,0]",2.0,2.0,2.0,0.0,"[1,0,0,0,0,0]",Body and appearance,Body exposure and sexual implication
img860,"[1,1,1,0,1,0,0,0]",2.0,1.0,1.0,0.0,"[0,1,1,1,0,0]",Personal preferences,Private activities
img861,"[1,1,1,0,1,0,0,0]",1.0,1.0,1.0,0.0,"[0,1,1,0,0,0]",Personal preferences,Private activities
img862,"[1,0,1,0,1,0,0,0]",0.0,1.0,1.0,0.0,"[0,1,1,0,0,0]",Personal preferences,Private activities
img863,"[1,0,1,0,1,0,0,0]",0.0,1.0,1.0,0.0,"[0,1,1,0,0,0]",Personal preferences,Private activities
img864,"[1,1,0,0,1,0,0,0]",1.0,1.0,1.0,1.0,"[0,1,1,0,0,0]",Personal preferences,Private activities
img865,"[1,0,0,0,1,0,0,0]",2.0,1.0,1.0,0.0,"[0,1,1,0,0,0]",Personal preferences,Private activities
img866,"[0,0,0,0,1,0,0,0]",0.0,1.0,1.0,0.0,"[0,1,1,0,0,0]",Personal preferences,Private activities
img867,"[1,1,1,0,1,0,0,0]",2.0,1.0,1.0,0.0,"[0,1,1,0,0,0]",Personal preferences,Private activities
img868,"[1,0,1,0,1,0,0,0]",1.0,1.0,1.0,0.0,"[0,1,1,1,0,0]",Personal preferences,Private activities
img869,"[1,1,1,0,1,0,0,0]",2.0,1.0,1.0,0.0,"[0,1,1,0,0,0]",Personal preferences,Private activities
img87,"[1,0,0,1,1,0,0,0]",1.0,0.0,1.0,0.0,"[0,1,0,0,0,0]",Body and appearance,Body exposure and sexual implication
img870,"[1,1,1,0,1,0,0,0]",2.0,1.0,1.0,0.0,"[0,1,1,1,0,0]",Personal preferences,Private activities
img871,"[1,0,0,0,1,0,0,0]",2.0,1.0,1.0,0.0,"[0,1,1,1,0,0]",Personal preferences,Private activities
img872,"[0,0,0,0,1,0,0,0]",0.0,1.0,1.0,0.0,"[0,1,1,1,0,0]",Personal preferences,Private activities
img873,"[1,0,1,0,1,0,0,0]",2.0,1.0,1.0,0.0,"[0,1,1,1,0,0]",Personal preferences,Private activities
img874,"[1,1,0,0,0,1,0,0]",2.0,0.0,1.0,1.0,"[0,1,1,1,0,0]",Socio-cultural sensitive information,Racial/Ethnic origin
img875,"[1,1,0,0,0,0,0,0]",2.0,1.0,0.0,0.0,"[0,1,1,1,0,0]",Socio-cultural sensitive information,Racial/Ethnic origin
img876,"[1,0,0,0,0,0,0,0]",2.0,0.0,0.0,0.0,"[0,1,1,1,0,0]",Socio-cultural sensitive information,Racial/Ethnic origin
img877,"[0,0,1,0,0,0,0,0]",0.0,0.0,0.0,0.0,"[0,1,1,1,0,0]",Socio-cultural sensitive information,Racial/Ethnic origin
img878,"[1,0,0,0,0,0,0,0]",2.0,0.0,0.0,0.0,"[0,1,1,0,0,0]",Socio-cultural sensitive information,Racial/Ethnic origin
img879,"[1,1,0,0,0,0,0,0]",2.0,1.0,0.0,0.0,"[0,1,1,0,0,0]",Socio-cultural sensitive information,Racial/Ethnic origin
img88,"[1,0,0,1,0,0,0,0]",2.0,1.0,2.0,0.0,"[0,0,0,0,0,0]",Body and appearance,Body exposure and sexual implication
img880,"[1,1,0,0,1,0,0,0]",2.0,0.0,0.0,0.0,"[0,1,1,1,0,0]",Socio-cultural sensitive information,Racial/Ethnic origin
img881,"[1,0,0,0,0,1,0,0]",1.0,1.0,1.0,0.0,"[0,1,0,0,0,0]",Socio-cultural sensitive information,Racial/Ethnic origin
img882,"[1,1,0,0,0,1,0,0]",2.0,1.0,1.0,0.0,"[0,1,1,0,0,0]",Socio-cultural sensitive information,Racial/Ethnic origin
img883,"[1,1,1,0,0,0,0,0]",2.0,0.0,0.0,0.0,"[0,1,1,1,0,0]",Socio-cultural sensitive information,Racial/Ethnic origin
img884,"[1,1,0,0,0,0,0,0]",2.0,0.0,0.0,0.0,"[0,0,0,0,0,0]",Socio-cultural sensitive information,Racial/Ethnic origin
img885,"[1,0,0,0,0,0,0,0]",2.0,1.0,0.0,0.0,"[0,1,1,0,0,0]",Socio-cultural sensitive information,Racial/Ethnic origin
img886,"[1,1,0,0,0,1,0,0]",2.0,0.0,0.0,0.0,"[0,1,1,0,0,0]",Socio-cultural sensitive information,Racial/Ethnic origin
img887,"[1,0,0,0,1,0,0,0]",2.0,0.0,1.0,0.0,"[0,1,0,0,0,0]",Personal preferences,Private activities
img888,"[1,0,0,1,1,0,0,0]",2.0,0.0,2.0,0.0,"[0,0,0,0,0,0]",Personal preferences,Private activities
img889,"[0,0,0,0,1,1,0,0]",0.0,0.0,1.0,0.0,"[0,0,0,0,0,0]",Personal preferences,Private activities
img89,"[1,0,0,0,1,0,0,0]",1.0,0.0,0.0,0.0,"[0,1,1,1,0,0]",Body and appearance,Body exposure and sexual implication
img890,"[0,0,1,0,0,0,0,0]",0.0,0.0,0.0,0.0,"[0,1,1,1,1,0]",Personal preferences,Private activities
img891,"[1,0,0,0,1,0,0,0]",1.0,0.0,1.0,0.0,"[0,1,0,0,0,0]",Personal preferences,Private activities
img892,"[1,0,0,1,1,0,0,0]",2.0,,1.0,0.0,"[0,0,0,0,0,0]",Personal preferences,Private activities
img893,"[1,0,0,1,1,0,0,0]",1.0,0.0,1.0,0.0,"[0,0,0,0,0,0]",Personal preferences,Private activities
img894,"[1,0,0,0,1,0,0,1]",1.0,0.0,1.0,1.0,"[0,1,1,0,0,0]",Personal preferences,Private activities
img895,"[0,0,0,0,1,0,0,0]",0.0,0.0,1.0,0.0,"[0,1,0,0,0,0]",Personal preferences,Private activities
img896,"[0,0,0,0,1,0,0,0]",0.0,0.0,1.0,0.0,"[0,1,1,0,0,0]",Personal preferences,Private activities
img897,"[0,0,1,0,0,0,0,0]",0.0,0.0,0.0,0.0,"[0,1,1,1,1,0]",Location information,Location cues
img898,"[0,0,1,0,0,0,0,0]",0.0,0.0,0.0,0.0,"[0,1,1,1,1,0]",Location information,Location cues
img899,"[0,0,1,0,0,0,0,0]",0.0,0.0,0.0,0.0,"[0,1,1,1,1,1]",Location information,Location cues
img9,"[0,0,0,0,1,0,0,0]",0.0,1.0,1.0,0.0,"[0,1,1,0,0,0]",Location information,Public facilities
img90,"[1,0,0,1,1,0,0,0]",2.0,0.0,1.0,0.0,"[0,1,1,0,0,0]",Body and appearance,Body exposure and sexual implication
img900,"[0,0,1,0,0,0,0,0]",0.0,0.0,0.0,0.0,"[0,1,1,1,1,0]",Location information,Location cues
img901,"[0,0,1,0,0,0,0,0]",0.0,0.0,0.0,0.0,"[0,1,1,1,1,0]",Location information,Location cues
img902,"[0,0,1,0,0,0,0,0]",0.0,0.0,0.0,0.0,"[0,1,1,1,1,0]",Location information,Location cues
img903,"[0,0,1,0,0,0,0,0]",0.0,0.0,0.0,0.0,"[0,1,1,1,1,0]",Location information,Location cues
img904,"[0,0,1,0,0,0,0,0]",0.0,0.0,0.0,0.0,"[0,1,1,1,1,0]",Location information,Location cues
img905,"[0,0,1,0,0,0,0,1]",0.0,0.0,0.0,0.0,"[0,1,1,1,0,0]",Location information,Location cues
img906,"[0,0,1,0,0,0,0,0]",0.0,0.0,0.0,0.0,"[0,1,1,1,1,0]",Location information,Location cues
img907,"[0,0,1,0,0,0,0,0]",0.0,0.0,0.0,0.0,"[0,1,1,1,1,0]",Location information,Location cues
img908,"[0,0,1,0,0,0,0,0]",0.0,0.0,0.0,0.0,"[0,1,1,1,1,0]",Location information,Location cues
img909,"[0,0,1,0,0,0,0,0]",0.0,0.0,0.0,0.0,"[0,1,1,1,0,0]",Location information,Location cues
img91,"[1,0,0,1,0,0,0,0]",2.0,2.0,2.0,0.0,"[1,0,0,0,0,0]",Body and appearance,Body exposure and sexual implication
img910,"[0,0,1,0,0,0,0,0]",0.0,0.0,0.0,0.0,"[0,1,1,1,0,0]",Location information,Location cues
img911,"[0,0,1,0,0,0,0,0]",0.0,0.0,0.0,0.0,"[0,1,1,1,1,0]",Location information,Location cues
img912,"[0,0,1,0,0,0,0,0]",0.0,0.0,0.0,0.0,"[0,1,1,1,1,1]",Location information,Location cues
img913,"[0,0,1,0,0,0,0,0]",0.0,0.0,0.0,0.0,"[0,1,1,1,0,0]",Location information,Location cues
img914,"[1,0,1,0,0,0,0,0]",2.0,0.0,0.0,0.0,"[0,1,1,1,0,0]",Location information,Location cues
img915,"[1,0,1,0,0,0,0,0]",2.0,0.0,0.0,0.0,"[0,1,1,1,0,0]",Location information,Location cues
img916,"[1,0,1,0,0,0,0,0]",2.0,0.0,0.0,0.0,"[0,1,1,1,0,0]",Location information,Location cues
img917,"[0,0,1,0,0,0,0,0]",0.0,0.0,0.0,0.0,"[0,1,1,1,0,0]",Location information,Location cues
img918,"[0,0,1,0,0,0,0,0]",0.0,0.0,0.0,0.0,"[0,1,1,1,1,0]",Location information,Location cues
img919,"[1,1,1,0,0,0,0,0]",2.0,0.0,0.0,0.0,"[0,1,1,1,0,0]",Location information,Location cues
img92,"[0,0,0,0,1,0,0,0]",0.0,0.0,0.0,0.0,"[0,1,0,0,0,0]",Body and appearance,Body exposure and sexual implication
img920,"[0,0,1,0,0,0,0,0]",0.0,0.0,0.0,0.0,"[0,1,1,1,1,1]",Location information,Location cues
img921,"[0,0,1,0,0,0,0,0]",0.0,0.0,0.0,0.0,"[0,1,1,1,1,0]",Location information,Location cues
img922,"[0,0,1,0,0,0,0,0]",0.0,0.0,0.0,0.0,"[0,1,1,1,1,0]",Location information,Location cues
img923,"[0,0,1,0,0,0,0,0]",0.0,0.0,0.0,0.0,"[0,1,1,0,0,0]",Location information,Location cues
img924,"[0,0,1,0,0,0,0,0]",0.0,0.0,0.0,0.0,"[0,1,1,1,1,0]",Location information,Location cues
img925,"[0,0,1,0,0,0,0,0]",0.0,0.0,0.0,0.0,"[0,1,1,1,1,0]",Location information,Location cues
img926,"[0,0,1,0,0,0,0,0]",0.0,0.0,0.0,0.0,"[0,1,1,1,1,0]",Location information,Location cues
img927,"[0,0,1,0,0,0,0,0]",0.0,0.0,0.0,0.0,"[0,1,1,1,1,0]",Location information,Location cues
img928,"[0,0,1,0,0,0,0,0]",0.0,0.0,0.0,0.0,"[0,1,1,1,1,0]",Location information,Location cues
img929,"[0,0,0,0,1,0,0,0]",0.0,0.0,1.0,0.0,"[0,1,1,1,0,0]",Risk and crime-related information,Violence/Threat
img93,"[1,0,0,1,1,0,0,0]",2.0,0.0,0.0,0.0,"[0,1,1,0,0,0]",Body and appearance,Body exposure and sexual implication
img930,"[0,0,0,0,1,0,1,0]",0.0,2.0,2.0,0.0,"[0,0,0,0,0,0]",Risk and crime-related information,Violence/Threat
img931,"[0,0,0,0,1,0,0,0]",0.0,1.0,1.0,0.0,"[0,1,0,0,0,0]",Risk and crime-related information,Violence/Threat
img932,"[1,0,0,0,1,0,0,0]",1.0,0.0,0.0,0.0,"[0,1,1,0,0,0]",Risk and crime-related information,Violence/Threat
img933,"[1,0,0,0,1,0,0,0]",2.0,1.0,1.0,0.0,"[0,1,1,0,0,0]",Risk and crime-related information,Violence/Threat
img934,"[0,0,1,0,0,0,0,0]",0.0,1.0,0.0,0.0,"[0,1,1,1,0,0]",Risk and crime-related information,Violence/Threat
img935,"[1,0,1,0,0,0,1,0]",1.0,1.0,2.0,0.0,"[0,0,0,0,0,0]",Risk and crime-related information,Violence/Threat
img936,"[1,0,0,0,1,0,1,0]",0.0,2.0,2.0,0.0,"[1,0,0,0,0,0]",Risk and crime-related information,Violence/Threat
img937,"[0,0,1,0,1,0,0,0]",0.0,0.0,0.0,0.0,"[0,1,1,1,0,0]",Risk and crime-related information,Violence/Threat
img938,"[0,0,0,0,1,0,1,0]",0.0,1.0,2.0,0.0,"[0,0,0,0,0,0]",Risk and crime-related information,Violence/Threat
img939,"[0,0,1,0,0,0,1,0]",0.0,2.0,2.0,0.0,"[0,1,0,0,0,0]",Risk and crime-related information,Violence/Threat
img94,"[1,0,0,1,0,0,0,0]",2.0,1.0,2.0,0.0,"[0,1,0,0,0,0]",Body and appearance,Body exposure and sexual implication
img940,"[0,0,0,0,1,0,0,0]",0.0,1.0,1.0,0.0,"[0,1,1,0,0,0]",Risk and crime-related information,Violence/Threat
img941,"[0,0,0,0,0,0,1,0]",0.0,2.0,2.0,1.0,"[1,0,0,0,0,0]",Risk and crime-related information,Violence/Threat
img942,"[0,0,0,0,0,0,0,1]",0.0,0.0,0.0,0.0,"[0,1,1,1,0,0]",Location information,Public facilities
img943,"[0,0,0,0,0,0,0,1]",0.0,0.0,0.0,0.0,"[0,1,1,1,1,0]",Location information,Public facilities
img944,"[0,0,0,0,0,0,0,0]",0.0,0.0,0.0,0.0,"[0,1,1,0,0,0]",Location information,Public facilities
img945,"[0,0,0,0,1,0,0,0]",0.0,0.0,0.0,0.0,"[0,1,1,1,0,0]",Location information,Public facilities
img946,"[0,0,0,0,0,0,0,0]",0.0,0.0,0.0,0.0,"[0,1,1,1,0,0]",Location information,Public facilities
img947,"[0,0,0,0,0,0,0,1]",0.0,0.0,0.0,0.0,"[0,1,1,1,0,0]",Location information,Public facilities
img948,"[0,0,0,0,0,0,0,1]",0.0,0.0,0.0,0.0,"[0,1,1,1,0,0]",Location information,Public facilities
img949,"[0,0,0,0,0,0,0,1]",0.0,0.0,0.0,0.0,"[0,1,1,0,0,0]",Location information,Public facilities
img95,"[1,0,0,1,1,0,0,0]",2.0,0.0,1.0,0.0,"[0,1,1,0,0,0]",Body and appearance,Body exposure and sexual implication
img950,"[0,0,0,0,0,0,0,1]",0.0,0.0,0.0,0.0,"[0,1,1,1,0,0]",Location information,Public facilities
img951,"[1,0,0,0,0,0,0,0]",2.0,0.0,0.0,0.0,"[0,1,1,1,0,0]",Location information,Public facilities
img952,"[0,0,0,0,0,0,0,1]",0.0,0.0,0.0,0.0,"[0,1,1,1,0,0]",Location information,Public facilities
img953,"[0,0,0,0,0,0,0,1]",0.0,1.0,0.0,0.0,"[0,1,1,0,0,0]",Location information,Public facilities
img954,"[0,0,0,0,0,0,0,1]",0.0,0.0,0.0,0.0,"[0,1,1,1,0,0]",Location information,Public facilities
img955,"[1,0,0,0,0,0,0,1]",0.0,0.0,0.0,0.0,"[0,1,1,1,0,0]",Location information,Public facilities
img956,"[0,0,0,0,1,0,0,0]",0.0,0.0,0.0,0.0,"[0,1,1,1,1,0]",Personal preferences,Hobbies/Leisure/Style
img957,"[0,0,0,0,1,0,0,0]",0.0,0.0,0.0,0.0,"[0,1,1,1,1,0]",Personal preferences,Hobbies/Leisure/Style
img958,"[0,0,0,0,1,0,0,0]",0.0,0.0,0.0,0.0,"[0,1,1,1,1,0]",Personal preferences,Hobbies/Leisure/Style
img959,"[0,0,0,0,1,0,0,0]",0.0,0.0,0.0,0.0,"[0,1,1,1,1,0]",Personal preferences,Hobbies/Leisure/Style
img96,"[1,0,0,1,1,0,0,0]",1.0,0.0,1.0,0.0,"[0,1,0,0,0,0]",Body and appearance,Body exposure and sexual implication
img960,"[0,0,1,0,1,0,0,0]",0.0,0.0,0.0,0.0,"[0,1,1,1,1,1]",Personal preferences,Hobbies/Leisure/Style
img961,"[0,0,1,0,1,0,0,0]",0.0,0.0,0.0,0.0,"[0,1,1,1,0,0]",Personal preferences,Hobbies/Leisure/Style
img962,"[0,0,0,0,1,0,0,0]",0.0,0.0,0.0,0.0,"[0,1,1,1,0,0]",Personal preferences,Hobbies/Leisure/Style
img963,"[0,0,0,0,1,0,0,0]",0.0,0.0,0.0,0.0,"[0,1,1,1,1,0]",Personal preferences,Hobbies/Leisure/Style
img964,"[0,0,0,0,1,0,0,0]",0.0,0.0,0.0,0.0,"[0,1,1,1,0,0]",Personal preferences,Hobbies/Leisure/Style
img965,"[0,0,0,0,1,0,0,0]",0.0,0.0,0.0,0.0,"[0,1,1,1,1,0]",Personal preferences,Hobbies/Leisure/Style
img966,"[0,0,0,0,1,0,0,0]",0.0,0.0,0.0,0.0,"[0,1,1,1,1,0]",Personal preferences,Hobbies/Leisure/Style
img967,"[0,0,0,0,1,0,0,0]",0.0,0.0,0.0,0.0,"[0,1,1,1,1,0]",Personal preferences,Hobbies/Leisure/Style
img968,"[0,0,0,0,1,0,0,0]",0.0,0.0,0.0,0.0,"[0,1,1,1,1,0]",Personal preferences,Hobbies/Leisure/Style
img969,"[0,0,0,0,1,0,0,0]",0.0,0.0,0.0,0.0,"[0,1,1,1,1,0]",Personal preferences,Hobbies/Leisure/Style
img97,"[1,0,0,1,1,0,0,0]",1.0,0.0,1.0,0.0,"[0,0,0,0,0,0]",Body and appearance,Body exposure and sexual implication
img970,"[0,0,0,0,1,0,0,0]",0.0,0.0,0.0,0.0,"[0,1,1,1,1,0]",Personal preferences,Hobbies/Leisure/Style
img971,"[0,0,0,0,1,0,0,0]",0.0,0.0,0.0,0.0,"[0,1,1,1,1,0]",Personal preferences,Hobbies/Leisure/Style
img972,"[0,0,0,0,1,0,0,0]",0.0,0.0,0.0,0.0,"[0,1,1,1,1,0]",Personal preferences,Hobbies/Leisure/Style
img973,"[0,0,0,0,1,0,0,0]",0.0,0.0,0.0,0.0,"[0,1,1,1,1,0]",Personal preferences,Hobbies/Leisure/Style
img974,"[0,0,0,0,1,0,0,0]",0.0,0.0,0.0,0.0,"[0,1,1,1,1,0]",Personal preferences,Hobbies/Leisure/Style
img975,"[0,0,0,0,1,0,0,0]",0.0,0.0,0.0,0.0,"[0,1,1,1,1,0]",Personal preferences,Hobbies/Leisure/Style
img976,"[0,0,0,0,1,0,0,0]",0.0,0.0,0.0,0.0,"[0,1,1,1,1,0]",Personal preferences,Hobbies/Leisure/Style
img977,"[0,0,1,0,1,0,0,0]",0.0,1.0,1.0,0.0,"[0,1,1,0,0,0]",Personal preferences,Hobbies/Leisure/Style
img978,"[0,0,0,0,1,0,0,0]",0.0,0.0,0.0,0.0,"[0,1,1,1,1,0]",Personal preferences,Hobbies/Leisure/Style
img979,"[0,0,0,0,1,0,0,0]",0.0,0.0,0.0,0.0,"[0,1,1,1,0,0]",Personal preferences,Hobbies/Leisure/Style
img98,"[1,0,0,1,0,0,0,0]",2.0,1.0,2.0,0.0,"[0,0,0,0,0,0]",Body and appearance,Body exposure and sexual implication
img980,"[0,0,0,0,1,0,0,0]",0.0,0.0,0.0,0.0,"[0,1,1,1,1,0]",Personal preferences,Hobbies/Leisure/Style
img981,"[0,0,0,0,1,0,0,0]",0.0,0.0,0.0,0.0,"[0,1,1,1,1,0]",Personal preferences,Hobbies/Leisure/Style
img982,"[0,0,0,0,1,0,0,0]",0.0,0.0,0.0,0.0,"[0,1,1,1,0,0]",Personal preferences,Hobbies/Leisure/Style
img983,"[0,0,0,0,1,0,0,0]",0.0,0.0,0.0,0.0,"[0,1,1,1,1,0]",Personal preferences,Hobbies/Leisure/Style
img984,"[0,0,0,0,1,0,0,0]",0.0,0.0,0.0,0.0,"[0,1,1,1,0,0]",Personal preferences,Hobbies/Leisure/Style
img985,"[1,0,0,0,1,0,0,0]",2.0,0.0,0.0,0.0,"[0,1,1,1,0,0]",Personal preferences,Hobbies/Leisure/Style
img986,"[0,0,0,0,1,0,0,0]",0.0,0.0,0.0,0.0,"[0,1,1,1,1,0]",Personal preferences,Hobbies/Leisure/Style
img987,"[0,0,0,0,1,0,0,0]",0.0,0.0,0.0,0.0,"[0,1,1,1,1,0]",Personal preferences,Hobbies/Leisure/Style
img988,"[0,0,0,0,1,0,0,0]",0.0,0.0,0.0,0.0,"[0,1,1,1,1,0]",Personal preferences,Hobbies/Leisure/Style
img989,"[0,0,0,0,1,0,0,0]",0.0,0.0,0.0,0.0,"[0,1,1,1,1,0]",Personal preferences,Hobbies/Leisure/Style
img99,"[1,1,1,0,0,0,0,0]",2.0,2.0,1.0,0.0,"[0,1,0,0,0,0]",Body and appearance,Body exposure and sexual implication
img990,"[0,0,0,0,1,0,0,0]",0.0,0.0,0.0,0.0,"[0,1,1,1,1,0]",Personal preferences,Hobbies/Leisure/Style
img991,"[0,0,0,0,1,0,0,0]",0.0,0.0,0.0,0.0,"[0,1,1,0,0,0]",Personal preferences,Hobbies/Leisure/Style
img992,"[1,1,0,0,1,0,0,0]",2.0,1.0,0.0,0.0,"[0,1,1,1,0,0]",Personal preferences,Hobbies/Leisure/Style
img993,"[0,0,0,0,1,0,0,0]",0.0,0.0,0.0,0.0,"[0,1,1,1,1,0]",Personal preferences,Hobbies/Leisure/Style
img994,"[0,0,0,0,1,0,0,0]",0.0,0.0,0.0,0.0,"[0,1,1,1,1,0]",Personal preferences,Hobbies/Leisure/Style
img995,"[0,0,1,0,1,0,0,0]",0.0,1.0,0.0,0.0,"[0,1,1,1,0,0]",Personal preferences,Hobbies/Leisure/Style
img996,"[0,0,0,0,1,0,0,0]",0.0,0.0,0.0,0.0,"[0,1,1,1,1,0]",Personal preferences,Hobbies/Leisure/Style
img997,"[0,0,0,0,1,0,0,0]",0.0,0.0,0.0,0.0,"[0,1,1,1,1,0]",Personal preferences,Hobbies/Leisure/Style
img998,"[1,0,1,0,1,0,0,0]",0.0,0.0,0.0,0.0,"[0,1,1,1,0,0]",Personal preferences,Hobbies/Leisure/Style
img999,"[0,0,0,0,1,0,0,0]",0.0,0.0,0.0,0.0,"[0,1,1,1,1,0]",Personal preferences,Hobbies/Leisure/Style
